species,distribution,pdf_x,pdf_val
human,genextreme,0.025,0.002299055774980974
human,genextreme,0.06497995991983968,0.13240602391043857
human,genextreme,0.10495991983967937,0.780332599692565
human,genextreme,0.14493987975951905,1.7254730181318867
human,genextreme,0.18491983967935874,2.3899660479284908
human,genextreme,0.22489979959919842,2.605423827855234
human,genextreme,0.26487975951903814,2.498276812629538
human,genextreme,0.3048597194388778,2.2326014604645654
human,genextreme,0.3448396793587175,1.919385779898155
human,genextreme,0.3848196392785572,1.6163620633855253
human,genextreme,0.4247995991983969,1.3475288180934983
human,genextreme,0.46477955911823654,1.1191985930865866
human,genextreme,0.5047595190380763,0.929614005729079
human,genextreme,0.544739478957916,0.7739672479807661
human,genextreme,0.5847194388777556,0.6467829144251278
human,genextreme,0.6246993987975953,0.5429345451479168
human,genextreme,0.664679358717435,0.4579995890377898
human,genextreme,0.7046593186372747,0.38831525663337435
human,genextreme,0.7446392785571144,0.3309126980918221
human,genextreme,0.784619238476954,0.28341239791509415
human,genextreme,0.8245991983967937,0.24391710224529953
human,genextreme,0.8645791583166335,0.21091639009655783
human,genextreme,0.9045591182364731,0.18320684810659826
human,genextreme,0.9445390781563128,0.15982747992317883
human,genextreme,0.9845190380761525,0.14000838806115623
human,genextreme,1.0244989979959922,0.12313040210677204
human,genextreme,1.0644789579158318,0.10869347224116693
human,genextreme,1.1044589178356714,0.0962919665528938
human,genextreme,1.144438877755511,0.0855953566700893
human,genextreme,1.1844188376753508,0.07633308978933395
human,genextreme,1.2243987975951904,0.06828270794860265
human,genextreme,1.2643787575150303,0.061260486797944866
human,genextreme,1.3043587174348699,0.055114032318231455
human,genextreme,1.3443386773547095,0.04971640285530374
human,genextreme,1.3843186372745493,0.04496142308136794
human,genextreme,1.424298597194389,0.04075993260057251
human,genextreme,1.4642785571142287,0.03703677019179568
human,genextreme,1.5042585170340683,0.03372833931463153
human,genextreme,1.544238476953908,0.03078063473455917
human,genextreme,1.5842184368737477,0.028147636431515074
human,genextreme,1.6241983967935874,0.025789997230757623
human,genextreme,1.664178356713427,0.023673966268307218
human,genextreme,1.7041583166332668,0.021770502560514417
human,genextreme,1.7441382765531064,0.02005454241077563
human,genextreme,1.784118236472946,0.018504391779991802
human,genextreme,1.8240981963927858,0.01710122054533312
human,genextreme,1.8640781563126254,0.01582864013566181
human,genextreme,1.9040581162324652,0.014672349637765588
human,genextreme,1.9440380761523048,0.013619838327090551
human,genextreme,1.9840180360721444,0.012660134852746389
human,genextreme,2.0239979959919845,0.011783595124832158
human,genextreme,2.063977955911824,0.010981722409876788
human,genextreme,2.1039579158316637,0.0102470143129998
human,genextreme,2.143937875751503,0.009572832272216338
human,genextreme,2.183917835671343,0.008953289957259572
human,genextreme,2.2238977955911827,0.008383157588590588
human,genextreme,2.263877755511022,0.00785777970044824
human,genextreme,2.303857715430862,0.007373004287420725
human,genextreme,2.3438376753507018,0.006925121614996758
human,genextreme,2.3838176352705416,0.006510811255121939
human,genextreme,2.423797595190381,0.006127096139322439
human,genextreme,2.463777555110221,0.005771302613573837
human,genextreme,2.5037575150300606,0.005441025638113114
human,genextreme,2.5437374749499,0.005134098407715744
human,genextreme,2.58371743486974,0.004848565778361695
human,genextreme,2.6236973947895796,0.004582660978561389
human,genextreme,2.663677354709419,0.0043347851610513926
human,genextreme,2.703657314629259,0.004103489415666499
human,genextreme,2.7436372745490987,0.003887458919045534
human,genextreme,2.783617234468938,0.0036854989431545837
human,genextreme,2.823597194388778,0.0034965224838255948
human,genextreme,2.8635771543086177,0.003319539303776331
human,genextreme,2.9035571142284575,0.00315364621286179
human,genextreme,2.943537074148297,0.0029980184324049134
human,genextreme,2.9835170340681367,0.0028519019110270598
human,genextreme,3.0234969939879766,0.0027146064769978987
human,genextreme,3.063476953907816,0.0025854997272087283
human,genextreme,3.1034569138276558,0.002464001565827038
human,genextreme,3.1434368737474956,0.0023495793168353727
human,genextreme,3.183416833667335,0.0022417433442637785
human,genextreme,3.223396793587175,0.0021400431222197884
human,genextreme,3.2633767535070146,0.0020440637039950533
human,genextreme,3.303356713426854,0.0019534225457438622
human,genextreme,3.343336673346694,0.00186776664562456
human,genextreme,3.3833166332665336,0.001786769963984832
human,genextreme,3.423296593186373,0.001710131094255759
human,genextreme,3.463276553106213,0.001637571157780613
human,genextreme,3.5032565130260527,0.0015688318989147902
human,genextreme,3.543236472945892,0.001503673959453818
human,genextreme,3.583216432865732,0.001441875313829374
human,genextreme,3.6231963927855717,0.0013832298486038627
human,genextreme,3.6631763527054115,0.0013275460716303715
human,genextreme,3.703156312625251,0.0012746459378602927
human,genextreme,3.7431362725450907,0.00122436378020362
human,genextreme,3.7831162324649306,0.0011765453351021335
human,genextreme,3.82309619238477,0.0011310468535836826
human,genextreme,3.8630761523046098,0.0010877342895460201
human,genextreme,3.9030561122244496,0.0010464825578862219
human,genextreme,3.943036072144289,0.001007174855860709
human,genextreme,3.983016032064129,0.0009697020417436408
human,genextreme,4.022995991983969,0.0009339620654577666
human,genextreme,4.062975951903809,0.000899859446391319
human,genextreme,4.102955911823648,0.0008673047940950389
human,genextreme,4.142935871743488,0.0008362143679815757
human,genextreme,4.182915831663328,0.0008065096725319204
human,genextreme,4.222895791583167,0.0007781170848549034
human,genextreme,4.262875751503007,0.0007509675117513593
human,genextreme,4.302855711422847,0.0007249960737079249
human,genextreme,4.342835671342686,0.0007001418134905729
human,genextreme,4.382815631262526,0.0006763474272278067
human,genextreme,4.422795591182366,0.0006535590160708426
human,genextreme,4.462775551102205,0.0006317258566956035
human,genextreme,4.502755511022045,0.0006108001890708698
human,genextreme,4.542735470941885,0.0005907370200608045
human,genextreme,4.582715430861724,0.0005714939415595238
human,genextreme,4.622695390781565,0.0005530309619723101
human,genextreme,4.662675350701404,0.0005353103499635817
human,genextreme,4.702655310621243,0.0005182964894870611
human,genextreme,4.742635270541084,0.0005019557451998793
human,genextreme,4.782615230460923,0.000486256337440372
human,genextreme,4.8225951903807625,0.0004711682260200809
human,genextreme,4.862575150300603,0.00045666300214458106
human,genextreme,4.902555110220442,0.0004427137878359413
human,genextreme,4.9425350701402815,0.00042929514228246305
human,genextreme,4.982515030060122,0.00041638297458936475
human,genextreme,5.022494989979961,0.00040395446244773645
human,genextreme,5.0624749498998005,0.00039198797627884363
human,genextreme,5.102454909819641,0.0003804630084470687
human,genextreme,5.14243486973948,0.00036936010716775996
human,genextreme,5.1824148296593195,0.0003586608147663701
human,genextreme,5.22239478957916,0.0003483476099727318
human,genextreme,5.262374749498999,0.0003384038539594093
human,genextreme,5.302354709418839,0.0003288137398560103
human,genextreme,5.342334669338679,0.00031956224549230814
human,genextreme,5.382314629258518,0.0003106350891422349
human,genextreme,5.422294589178358,0.0003020186880583763
human,genextreme,5.462274549098198,0.00029370011960273205
human,genextreme,5.502254509018037,0.00028566708479426045
human,genextreme,5.542234468937877,0.00027790787410729624
human,genextreme,5.582214428857717,0.00027041133536738525
human,genextreme,5.622194388777556,0.0002631668436024962
human,genextreme,5.662174348697396,0.0002561642727180998
human,genextreme,5.702154308617236,0.0002493939688742629
human,genextreme,5.742134268537075,0.0002428467254518193
human,genextreme,5.782114228456916,0.00023651375950284624
human,genextreme,5.822094188376755,0.0002303866895882555
human,genextreme,5.862074148296594,0.00022445751491224726
human,genextreme,5.902054108216435,0.00021871859566980224
human,genextreme,5.942034068136274,0.00021316263452930733
human,genextreme,5.982014028056113,0.0002077826591778888
human,genextreme,6.021993987975954,0.00020257200586207546
human,genextreme,6.061973947895793,0.00019752430386107638
human,genextreme,6.101953907815632,0.00019263346083430352
human,genextreme,6.141933867735473,0.00018789364898873755
human,genextreme,6.181913827655312,0.0001832992920154566
human,genextreme,6.221893787575151,0.00017884505274806615
human,genextreme,6.261873747494992,0.0001745258214989462
human,genextreme,6.301853707414831,0.00017033670503217703
human,genextreme,6.3418336673346705,0.00016627301613473543
human,genextreme,6.381813627254511,0.00016233026375008953
human,genextreme,6.42179358717435,0.0001585041436406703
human,genextreme,6.4617735470941895,0.00015479052954788563
human,genextreme,6.50175350701403,0.000151185464820378
human,genextreme,6.541733466933869,0.00014768515448310282
human,genextreme,6.5817134268537085,0.00014428595772157494
human,genextreme,6.621693386773549,0.00014098438075725974
human,genextreme,6.661673346693388,0.00013777707009159697
human,genextreme,6.701653306613228,0.0001346608060975813
human,genextreme,6.741633266533068,0.00013163249693912688
human,genextreme,6.781613226452907,0.00012868917279967808
human,genextreme,6.821593186372747,0.00012582798040268323
human,genextreme,6.861573146292587,0.0001230461778076076
human,genextreme,6.901553106212426,0.00012034112946616478
human,genextreme,6.941533066132266,0.00011771030152438239
human,genextreme,6.981513026052106,0.0001151512573569807
human,genextreme,7.021492985971945,0.00011266165332136326
human,genextreme,7.061472945891785,0.00011023923471927291
human,genextreme,7.101452905811625,0.0001078818319548872
human,genextreme,7.141432865731464,0.0001055873568787754
human,genextreme,7.181412825651305,0.00010335379930778276
human,genextreme,7.221392785571144,0.00010117922371147526
human,genextreme,7.261372745490983,9.906176605632496e-05
human,genextreme,7.301352705410824,9.699963079933373e-05
human,genextreme,7.341332665330663,9.499108802326993e-05
human,genextreme,7.381312625250502,9.303447070613203e-05
human,genextreme,7.421292585170343,9.112817211789104e-05
human,genextreme,7.461272545090182,8.927064333794362e-05
human,genextreme,7.501252505010021,8.74603908870848e-05
human,genextreme,7.541232464929862,8.569597446815652e-05
human,genextreme,7.581212424849701,8.397600480985554e-05
human,genextreme,7.62119238476954,8.229914160848795e-05
human,genextreme,7.661172344689381,8.066409156274741e-05
human,genextreme,7.70115230460922,7.906960649686946e-05
human,genextreme,7.7411322645290594,7.751448156775868e-05
human,genextreme,7.7811122244489,7.599755355193745e-05
human,genextreme,7.821092184368739,7.451769920837945e-05
human,genextreme,7.8610721442885785,7.30738337135122e-05
human,genextreme,7.901052104208419,7.166490916486504e-05
human,genextreme,7.941032064128258,7.028991315003394e-05
human,genextreme,7.9810120240480975,6.89478673778052e-05
human,genextreme,8.020991983967937,6.763782636845143e-05
human,genextreme,8.060971943887777,6.635887620036964e-05
human,genextreme,8.100951903807617,6.511013331037883e-05
human,genextreme,8.140931863727456,6.389074334513458e-05
human,genextreme,8.180911823647296,6.26998800612486e-05
human,genextreme,8.220891783567136,6.153674427183092e-05
human,genextreme,8.260871743486975,6.040056283728362e-05
human,genextreme,8.300851703406815,5.9290587698288055e-05
human,genextreme,8.340831663326655,5.820609494903637e-05
human,genextreme,8.380811623246494,5.714638394884932e-05
human,genextreme,8.420791583166334,5.611077647042428e-05
human,genextreme,8.460771543086175,5.5098615883038735e-05
human,genextreme,8.500751503006013,5.41092663691238e-05
human,genextreme,8.540731462925853,5.314211217269501e-05
human,genextreme,8.580711422845694,5.2196556878212387e-05
human,genextreme,8.620691382765532,5.127202271849766e-05
human,genextreme,8.660671342685372,5.036794991042148e-05
human,genextreme,8.700651302605213,4.9483796017118906e-05
human,genextreme,8.740631262525051,4.8619035335566805e-05
human,genextreme,8.780611222444891,4.777315830840309e-05
human,genextreme,8.820591182364732,4.694567095892511e-05
human,genextreme,8.86057114228457,4.61360943482589e-05
human,genextreme,8.90055110220441,4.534396405373282e-05
human,genextreme,8.94053106212425,4.456882966754067e-05
human,genextreme,8.98051102204409,4.3810254314819037e-05
human,genextreme,9.02049098196393,4.3067814190307506e-05
human,genextreme,9.06047094188377,4.234109811279776e-05
human,genextreme,9.10045090180361,4.162970709661573e-05
human,genextreme,9.140430861723448,4.0933253939414685e-05
human,genextreme,9.180410821643289,4.025136282559374e-05
human,genextreme,9.220390781563129,3.9583668944683965e-05
human,genextreme,9.260370741482967,3.8929818124077544e-05
human,genextreme,9.300350701402808,3.8289466475503135e-05
human,genextreme,9.340330661322648,3.7662280054676294e-05
human,genextreme,9.380310621242486,3.70479345335842e-05
human,genextreme,9.420290581162327,3.644611488488083e-05
human,genextreme,9.460270541082167,3.585651507790202e-05
human,genextreme,9.500250501002006,3.527883778582209e-05
human,genextreme,9.540230460921846,3.4712794103502955e-05
human,genextreme,9.580210420841686,3.415810327560145e-05
human,genextreme,9.620190380761525,3.3614492434523036e-05
human,genextreme,9.660170340681365,3.3081696347825834e-05
human,genextreme,9.700150300601205,3.2559457174698785e-05
human,genextreme,9.740130260521044,3.204752423115121e-05
human,genextreme,9.780110220440884,3.154565376357067e-05
human,genextreme,9.820090180360724,3.1053608730316915e-05
human,genextreme,9.860070140280563,3.057115859103717e-05
human,genextreme,9.900050100200403,3.0098079103399936e-05
human,genextreme,9.940030060120243,2.963415212695799e-05
human,genextreme,9.980010020040082,2.9179165433863894e-05
human,genextreme,10.019989979959922,2.873291252617237e-05
human,genextreme,10.059969939879762,2.8295192459476046e-05
human,genextreme,10.0999498997996,2.786580967263134e-05
human,genextreme,10.139929859719441,2.744457382334027e-05
human,genextreme,10.179909819639281,2.7031299629368286e-05
human,genextreme,10.21988977955912,2.662580671517969e-05
human,genextreme,10.25986973947896,2.6227919463789572e-05
human,genextreme,10.2998496993988,2.5837466873634073e-05
human,genextreme,10.339829659318639,2.5454282420270422e-05
human,genextreme,10.379809619238479,2.5078203922727008e-05
human,genextreme,10.41978957915832,2.4709073414329805e-05
human,genextreme,10.459769539078158,2.4346737017839184e-05
human,genextreme,10.499749498997998,2.3991044824737534e-05
human,genextreme,10.539729458917838,2.3641850778515166e-05
human,genextreme,10.579709418837677,2.329901256180736e-05
human,genextreme,10.619689378757517,2.296239148724238e-05
human,genextreme,10.659669338677357,2.2631852391864395e-05
human,genextreme,10.699649298597196,2.230726353500246e-05
human,genextreme,10.739629258517036,2.1988496499460218e-05
human,genextreme,10.779609218436876,2.1675426095907203e-05
human,genextreme,10.819589178356715,2.136793027035642e-05
human,genextreme,10.859569138276555,2.1065890014617875e-05
human,genextreme,10.899549098196395,2.076918927962287e-05
human,genextreme,10.939529058116234,2.0477714891514852e-05
human,genextreme,10.979509018036074,2.0191356470411942e-05
human,genextreme,11.019488977955914,1.991000635174418e-05
human,genextreme,11.059468937875753,1.9633559510076992e-05
human,genextreme,11.099448897795593,1.936191348533244e-05
human,genextreme,11.139428857715433,1.909496831132613e-05
human,genextreme,11.179408817635272,1.8832626446536838e-05
human,genextreme,11.219388777555112,1.8574792707034554e-05
human,genextreme,11.259368737474952,1.8321374201490005e-05
human,genextreme,11.299348697394791,1.8072280268195092e-05
human,genextreme,11.339328657314631,1.7827422414025007e-05
human,genextreme,11.379308617234472,1.7586714255276093e-05
human,genextreme,11.41928857715431,1.7350071460314813e-05
human,genextreme,11.45926853707415,1.7117411693977326e-05
human,genextreme,11.49924849699399,1.6888654563659502e-05
human,genextreme,11.53922845691383,1.6663721567040943e-05
human,genextreme,11.57920841683367,1.6442536041388482e-05
human,genextreme,11.61918837675351,1.6225023114385038e-05
human,genextreme,11.65916833667335,1.601110965643444e-05
human,genextreme,11.699148296593188,1.5800724234392107e-05
human,genextreme,11.739128256513029,1.5593797066674542e-05
human,genextreme,11.779108216432869,1.5390259979702466e-05
human,genextreme,11.819088176352707,1.5190046365633392e-05
human,genextreme,11.859068136272548,1.499309114134089e-05
human,genextreme,11.899048096192388,1.4799330708601026e-05
human,genextreme,11.939028056112226,1.4608702915445042e-05
human,genextreme,11.979008016032067,1.4421147018641818e-05
human,genextreme,12.018987975951907,1.4236603647272436e-05
human,genextreme,12.058967935871745,1.405501476736227e-05
human,genextreme,12.098947895791586,1.3876323647536279e-05
human,genextreme,12.138927855711426,1.3700474825664653e-05
human,genextreme,12.178907815631264,1.3527414076467467e-05
human,genextreme,12.218887775551105,1.3357088380047588e-05
human,genextreme,12.258867735470945,1.318944589132185e-05
human,genextreme,12.298847695390783,1.302443591032332e-05
human,genextreme,12.338827655310624,1.2862008853345638e-05
human,genextreme,12.378807615230464,1.2702116224904212e-05
human,genextreme,12.418787575150303,1.25447105904878e-05
human,genextreme,12.458767535070143,1.2389745550076329e-05
human,genextreme,12.498747494989983,1.2237175712400628e-05
human,genextreme,12.538727454909822,1.2086956669921424e-05
human,genextreme,12.578707414829662,1.1939044974504862e-05
human,genextreme,12.618687374749502,1.179339811377361e-05
human,genextreme,12.65866733466934,1.1649974488112483e-05
human,genextreme,12.69864729458918,1.1508733388307932e-05
human,genextreme,12.738627254509021,1.1369634973803425e-05
human,genextreme,12.77860721442886,1.1232640251550297e-05
human,genextreme,12.8185871743487,1.1097711055437233e-05
human,genextreme,12.85856713426854,1.0964810026280054e-05
human,genextreme,12.898547094188379,1.0833900592355485e-05
human,genextreme,12.938527054108219,1.0704946950461888e-05
human,genextreme,12.97850701402806,1.0577914047491647e-05
human,genextreme,13.018486973947898,1.0452767562499773e-05
human,genextreme,13.058466933867738,1.0329473889253528e-05
human,genextreme,13.098446893787578,1.0208000119249425e-05
human,genextreme,13.138426853707417,1.0088314025183158e-05
human,genextreme,13.178406813627257,9.970384044859295e-06
human,genextreme,13.218386773547097,9.854179265527887e-06
human,genextreme,13.258366733466936,9.739669408635033e-06
human,genextreme,13.298346693386776,9.626824814975794e-06
human,genextreme,13.338326653306616,9.515616430237336e-06
human,genextreme,13.378306613226455,9.406015790920894e-06
human,genextreme,13.418286573146295,9.297995010631857e-06
human,genextreme,13.458266533066135,9.191526766726917e-06
human,genextreme,13.498246492985974,9.086584287308429e-06
human,genextreme,13.538226452905814,8.983141338555375e-06
human,genextreme,13.578206412825654,8.881172212381991e-06
human,genextreme,13.618186372745493,8.780651714413859e-06
human,genextreme,13.658166332665333,8.681555152273183e-06
human,genextreme,13.698146292585173,8.583858324163879e-06
human,genextreme,13.738126252505012,8.48753750774823e-06
human,genextreme,13.778106212424852,8.392569449306655e-06
human,genextreme,13.818086172344692,8.298931353173012e-06
human,genextreme,13.85806613226453,8.20660087143711e-06
human,genextreme,13.898046092184371,8.115556093907272e-06
human,genextreme,13.938026052104211,8.025775538325749e-06
human,genextreme,13.97800601202405,7.937238140829548e-06
human,genextreme,14.01798597194389,7.849923246650374e-06
human,genextreme,14.05796593186373,7.763810601046328e-06
human,genextreme,14.097945891783569,7.678880340459832e-06
human,genextreme,14.13792585170341,7.595112983894698e-06
human,genextreme,14.17790581162325,7.51248942450692e-06
human,genextreme,14.21788577154309,7.4309909214028456e-06
human,genextreme,14.257865731462928,7.350599091639492e-06
human,genextreme,14.297845691382769,7.271295902421276e-06
human,genextreme,14.337825651302609,7.19306366348748e-06
human,genextreme,14.377805611222447,7.115885019686104e-06
human,genextreme,14.417785571142288,7.039742943728146e-06
human,genextreme,14.457765531062128,6.964620729118082e-06
human,genextreme,14.497745490981966,6.890501983255362e-06
human,genextreme,14.537725450901807,6.817370620702839e-06
human,genextreme,14.577705410821647,6.745210856616947e-06
human,genextreme,14.617685370741485,6.674007200336143e-06
human,genextreme,14.657665330661326,6.603744449122569e-06
human,genextreme,14.697645290581166,6.5344076820535e-06
human,genextreme,14.737625250501004,6.465982254058396e-06
human,genextreme,14.777605210420845,6.398453790097398e-06
human,genextreme,14.817585170340685,6.331808179478134e-06
human,genextreme,14.857565130260523,6.266031570306732e-06
human,genextreme,14.897545090180364,6.201110364069741e-06
human,genextreme,14.937525050100204,6.13703121034328e-06
human,genextreme,14.977505010020042,6.073781001626595e-06
human,genextreme,15.017484969939883,6.0113468682962215e-06
human,genextreme,15.057464929859723,5.949716173678e-06
human,genextreme,15.097444889779561,5.888876509233713e-06
human,genextreme,15.137424849699402,5.828815689859526e-06
human,genextreme,15.177404809619242,5.769521749293209e-06
human,genextreme,15.21738476953908,5.710982935627342e-06
human,genextreme,15.25736472945892,5.653187706926085e-06
human,genextreme,15.297344689378761,5.5961247269423375e-06
human,genextreme,15.3373246492986,5.539782860933318e-06
human,genextreme,15.37730460921844,5.484151171571536e-06
human,genextreme,15.41728456913828,5.429218914949143e-06
human,genextreme,15.457264529058119,5.3749755366730934e-06
human,genextreme,15.497244488977959,5.321410668048736e-06
human,genextreme,15.537224448897799,5.268514122350002e-06
human,genextreme,15.577204408817638,5.216275891173482e-06
human,genextreme,15.617184368737478,5.164686140874785e-06
human,genextreme,15.657164328657318,5.113735209084755e-06
human,genextreme,15.697144288577157,5.063413601303787e-06
human,genextreme,15.737124248496997,5.013711987572192e-06
human,genextreme,15.777104208416837,4.964621199214779e-06
human,genextreme,15.817084168336676,4.916132225657805e-06
human,genextreme,15.857064128256516,4.86823621131641e-06
human,genextreme,15.897044088176356,4.82092445255108e-06
human,genextreme,15.937024048096195,4.7741883946910146e-06
human,genextreme,15.977004008016035,4.728019629123213e-06
human,genextreme,16.016983967935875,4.682409890445427e-06
human,genextreme,16.056963927855712,4.637351053681297e-06
human,genextreme,16.096943887775552,4.592835131556616e-06
human,genextreme,16.136923847695392,4.548854271834672e-06
human,genextreme,16.176903807615233,4.505400754709707e-06
human,genextreme,16.216883767535073,4.462466990256801e-06
human,genextreme,16.25686372745491,4.420045515937042e-06
human,genextreme,16.29684368737475,4.378128994156372e-06
human,genextreme,16.33682364729459,4.33671020987714e-06
human,genextreme,16.37680360721443,4.295782068280908e-06
human,genextreme,16.41678356713427,4.255337592481303e-06
human,genextreme,16.45676352705411,4.2153699212857855e-06
human,genextreme,16.496743486973948,4.175872307005164e-06
human,genextreme,16.536723446893788,4.136838113309657e-06
human,genextreme,16.57670340681363,4.0982608131305365e-06
human,genextreme,16.61668336673347,4.060133986606127e-06
human,genextreme,16.65666332665331,4.0224513190711585e-06
human,genextreme,16.69664328657315,3.9852065990886686e-06
human,genextreme,16.736623246492986,3.9483937165230384e-06
human,genextreme,16.776603206412826,3.912006660653607e-06
human,genextreme,16.816583166332666,3.876039518327737e-06
human,genextreme,16.856563126252507,3.8404864721523515e-06
human,genextreme,16.896543086172347,3.8053417987232243e-06
human,genextreme,16.936523046092187,3.7705998668910504e-06
human,genextreme,16.976503006012024,3.7362551360633835e-06
human,genextreme,17.016482965931864,3.7023021545418005e-06
human,genextreme,17.056462925851704,3.66873555789329e-06
human,genextreme,17.096442885771545,3.635550067355247e-06
human,genextreme,17.136422845691385,3.6027404882730976e-06
human,genextreme,17.176402805611225,3.5703017085701355e-06
human,genextreme,17.216382765531062,3.5382286972484323e-06
human,genextreme,17.256362725450902,3.5065165029204654e-06
human,genextreme,17.296342685370742,3.4751602523706104e-06
human,genextreme,17.336322645290583,3.444155149145783e-06
human,genextreme,17.376302605210423,3.4134964721746738e-06
human,genextreme,17.416282565130263,3.3831795744149e-06
human,genextreme,17.4562625250501,3.3531998815274383e-06
human,genextreme,17.49624248496994,3.3235528905776763e-06
human,genextreme,17.53622244488978,3.294234168762671e-06
human,genextreme,17.57620240480962,3.2652393521636986e-06
human,genextreme,17.61618236472946,3.2365641445239738e-06
human,genextreme,17.6561623246493,3.2082043160505624e-06
human,genextreme,17.696142284569138,3.1801557022402055e-06
human,genextreme,17.73612224448898,3.1524142027284167e-06
human,genextreme,17.77610220440882,3.124975780161479e-06
human,genextreme,17.81608216432866,3.0978364590905966e-06
human,genextreme,17.8560621242485,3.070992324887964e-06
human,genextreme,17.89604208416834,3.0444395226840736e-06
human,genextreme,17.936022044088176,3.0181742563260056e-06
human,genextreme,17.976002004008016,2.992192787355985e-06
human,genextreme,18.015981963927857,2.9664914340100644e-06
human,genextreme,18.055961923847697,2.941066570236149e-06
human,genextreme,18.095941883767537,2.9159146247313456e-06
human,genextreme,18.135921843687377,2.891032079997831e-06
human,genextreme,18.175901803607218,2.866415471417113e-06
human,genextreme,18.215881763527054,2.8420613863421596e-06
human,genextreme,18.255861723446895,2.81796646320704e-06
human,genextreme,18.295841683366735,2.7941273906537274e-06
human,genextreme,18.335821643286575,2.7705409066756756e-06
human,genextreme,18.375801603206416,2.7472037977778065e-06
human,genextreme,18.415781563126256,2.724112898152543e-06
human,genextreme,18.455761523046093,2.701265088871615e-06
human,genextreme,18.495741482965933,2.678657297093221e-06
human,genextreme,18.535721442885773,2.6562864952843004e-06
human,genextreme,18.575701402805613,2.6341497004575233e-06
human,genextreme,18.615681362725454,2.612243973422689e-06
human,genextreme,18.655661322645294,2.5905664180523612e-06
human,genextreme,18.69564128256513,2.569114180561272e-06
human,genextreme,18.73562124248497,2.547884448799258e-06
human,genextreme,18.77560120240481,2.5268744515575417e-06
human,genextreme,18.81558116232465,2.5060814578879345e-06
human,genextreme,18.85556112224449,2.4855027764347952e-06
human,genextreme,18.895541082164332,2.465135754779457e-06
human,genextreme,18.93552104208417,2.4449777787968136e-06
human,genextreme,18.97550100200401,2.425026272023906e-06
human,genextreme,19.01548096192385,2.4052786950401836e-06
human,genextreme,19.05546092184369,2.385732544859206e-06
human,genextreme,19.09544088176353,2.36638535433162e-06
human,genextreme,19.13542084168337,2.347234691559102e-06
human,genextreme,19.175400801603207,2.328278159319066e-06
human,genextreme,19.215380761523047,2.309513394499977e-06
human,genextreme,19.255360721442887,2.2909380675468907e-06
human,genextreme,19.295340681362728,2.272549881917252e-06
human,genextreme,19.335320641282568,2.2543465735465413e-06
human,genextreme,19.375300601202408,2.236325910323621e-06
human,genextreme,19.415280561122245,2.218485691575686e-06
human,genextreme,19.455260521042085,2.2008237475624714e-06
human,genextreme,19.495240480961925,2.1833379389796462e-06
human,genextreme,19.535220440881766,2.166026156471156e-06
human,genextreme,19.575200400801606,2.1488863201503625e-06
human,genextreme,19.615180360721446,2.1319163791297537e-06
human,genextreme,19.655160320641283,2.1151143110591193e-06
human,genextreme,19.695140280561123,2.098478121672018e-06
human,genextreme,19.735120240480963,2.082005844340275e-06
human,genextreme,19.775100200400804,2.065695539636475e-06
human,genextreme,19.815080160320644,2.049545294904236e-06
human,genextreme,19.855060120240484,2.0335532238361093e-06
human,genextreme,19.89504008016032,2.0177174660589537e-06
human,genextreme,19.93502004008016,2.002036186726631e-06
human,genextreme,19.975,1.9865075761199334e-06
human,invgauss,0.025,1.7929887621850275e-05
human,invgauss,0.06497995991983968,0.18091633568805135
human,invgauss,0.10495991983967937,1.0352236774487524
human,invgauss,0.14493987975951905,1.8252042052633568
human,invgauss,0.18491983967935874,2.205954420578847
human,invgauss,0.22489979959919842,2.2723354230343342
human,invgauss,0.26487975951903814,2.163828497266594
human,invgauss,0.3048597194388778,1.975138130743304
human,invgauss,0.3448396793587175,1.7599396138944547
human,invgauss,0.3848196392785572,1.5460563362892337
human,invgauss,0.4247995991983969,1.3466847753012943
human,invgauss,0.46477955911823654,1.1671367124908065
human,invgauss,0.5047595190380763,1.0086285136419475
human,invgauss,0.544739478957916,0.8703536426901339
human,invgauss,0.5847194388777556,0.7505977386062378
human,invgauss,0.6246993987975953,0.6473275084911357
human,invgauss,0.664679358717435,0.5584921424031194
human,invgauss,0.7046593186372747,0.48216849326750666
human,invgauss,0.7446392785571144,0.4166221947323325
human,invgauss,0.784619238476954,0.36032446552554037
human,invgauss,0.8245991983967937,0.3119464800468551
human,invgauss,0.8645791583166335,0.2703432847371329
human,invgauss,0.9045591182364731,0.23453373029977853
human,invgauss,0.9445390781563128,0.20367981831723722
human,invgauss,0.9845190380761525,0.1770671527480122
human,invgauss,1.0244989979959922,0.15408724558586648
human,invgauss,1.0644789579158318,0.13422191736199343
human,invgauss,1.1044589178356714,0.11702976844031689
human,invgauss,1.144438877755511,0.102134568978194
human,invgauss,1.1844188376753508,0.08921536286443124
human,invgauss,1.2243987975951904,0.07799806902638619
human,invgauss,1.2643787575150303,0.06824837239591511
human,invgauss,1.3043587174348699,0.059765715385280506
human,invgauss,1.3443386773547095,0.05237822279078737
human,invgauss,1.3843186372745493,0.04593841533016688
human,invgauss,1.424298597194389,0.04031958788776068
human,invgauss,1.4642785571142287,0.03541274727243307
human,invgauss,1.5042585170340683,0.031124020677944973
human,invgauss,1.544238476953908,0.02737246013226347
human,invgauss,1.5842184368737477,0.02408818021787804
human,invgauss,1.6241983967935874,0.021210776477862556
human,invgauss,1.664178356713427,0.018687980439478835
human,invgauss,1.7041583166332668,0.01647451432324757
human,invgauss,1.7441382765531064,0.014531114472679648
human,invgauss,1.784118236472946,0.01282369752431031
human,invgauss,1.8240981963927858,0.011322647499410384
human,invgauss,1.8640781563126254,0.010002205473802444
human,invgauss,1.9040581162324652,0.008839946385162136
human,invgauss,1.9440380761523048,0.007816329963969816
human,invgauss,1.9840180360721444,0.006914314804884675
human,invgauss,2.0239979959919845,0.006119026296268515
human,invgauss,2.063977955911824,0.005417470552120168
human,invgauss,2.1039579158316637,0.004798287688607348
human,invgauss,2.143937875751503,0.004251538794692801
human,invgauss,2.183917835671343,0.003768521794549812
human,invgauss,2.2238977955911827,0.0033416121146914255
human,invgauss,2.263877755511022,0.0029641246727001363
human,invgauss,2.303857715430862,0.0026301942151770855
human,invgauss,2.3438376753507018,0.002334671465037715
human,invgauss,2.3838176352705416,0.0020730329050597297
human,invgauss,2.423797595190381,0.0018413023360624478
human,invgauss,2.463777555110221,0.0016359826129657572
human,invgauss,2.5037575150300606,0.0014539961875194433
human,invgauss,2.5437374749499,0.0012926332788027206
human,invgauss,2.58371743486974,0.0011495066567793507
human,invgauss,2.6236973947895796,0.0010225121645463559
human,invgauss,2.663677354709419,0.0009097942250426682
human,invgauss,2.703657314629259,0.0008097156809267776
human,invgauss,2.7436372745490987,0.0007208314046527109
human,invgauss,2.783617234468938,0.0006418651916355487
human,invgauss,2.823597194388778,0.0005716895146321292
human,invgauss,2.8635771543086177,0.0005093077736195348
human,invgauss,2.9035571142284575,0.0004538387238481666
human,invgauss,2.943537074148297,0.0004045028064940591
human,invgauss,2.9835170340681367,0.0003606101423856546
human,invgauss,3.0234969939879766,0.00032154998044168505
human,invgauss,3.063476953907816,0.0002867814194178779
human,invgauss,3.1034569138276558,0.000255825244908762
human,invgauss,3.1434368737474956,0.0002282567437892786
human,invgauss,3.183416833667335,0.00020369937583881534
human,invgauss,3.223396793587175,0.00018181919753583643
human,invgauss,3.2633767535070146,0.00016231994625995076
human,invgauss,3.303356713426854,0.00014493870466093456
human,invgauss,3.343336673346694,0.000129442074983662
human,invgauss,3.3833166332665336,0.0001156228018742647
human,invgauss,3.423296593186373,0.00010329678980852351
human,invgauss,3.463276553106213,9.230046792708107e-05
human,invgauss,3.5032565130260527,8.248846086167421e-05
human,invgauss,3.543236472945892,7.373152920295305e-05
human,invgauss,3.583216432865732,6.591474768920733e-05
human,invgauss,3.6231963927855717,5.893589306922061e-05
human,invgauss,3.6631763527054115,5.27040169831911e-05
human,invgauss,3.703156312625251,4.713818217526829e-05
human,invgauss,3.7431362725450907,4.2166342953620807e-05
human,invgauss,3.7831162324649306,3.772435309582898e-05
human,invgauss,3.82309619238477,3.3755086399368106e-05
human,invgauss,3.8630761523046098,3.020765683434743e-05
human,invgauss,3.9030561122244496,2.703672679919009e-05
human,invgauss,3.943036072144289,2.4201893336319718e-05
human,invgauss,3.983016032064129,2.1667143357476346e-05
human,invgauss,4.022995991983969,1.9400369977305415e-05
human,invgauss,4.062975951903809,1.737294297709368e-05
human,invgauss,4.102955911823648,1.555932723341689e-05
human,invgauss,4.142935871743488,1.3936743662548557e-05
human,invgauss,4.182915831663328,1.2484867862559899e-05
human,invgauss,4.222895791583167,1.1185562191458289e-05
human,invgauss,4.262875751503007,1.0022637510506702e-05
human,invgauss,4.302855711422847,8.981641254963925e-06
human,invgauss,4.342835671342686,8.049668876818811e-06
human,invgauss,4.382815631262526,7.215196041749966e-06
human,invgauss,4.422795591182366,6.467929260861822e-06
human,invgauss,4.462775551102205,5.798672901407914e-06
human,invgauss,4.502755511022045,5.199210753831984e-06
human,invgauss,4.542735470941885,4.6622005386441635e-06
human,invgauss,4.582715430861724,4.181079919083373e-06
human,invgauss,4.622695390781565,3.749982746986161e-06
human,invgauss,4.662675350701404,3.363664412249591e-06
human,invgauss,4.702655310621243,3.017435292897429e-06
human,invgauss,4.742635270541084,2.70710141494491e-06
human,invgauss,4.782615230460923,2.4289115306810325e-06
human,invgauss,4.8225951903807625,2.179509912130916e-06
human,invgauss,4.862575150300603,1.955894234625443e-06
human,invgauss,4.902555110220442,1.755377994742473e-06
human,invgauss,4.9425350701402815,1.5755569684077813e-06
human,invgauss,4.982515030060122,1.4142792695508842e-06
human,invgauss,5.022494989979961,1.2696186181914081e-06
human,invgauss,5.0624749498998005,1.1398504698852308e-06
human,invgauss,5.102454909819641,1.023430696703809e-06
human,invgauss,5.14243486973948,9.189765439008989e-07
human,invgauss,5.1824148296593195,8.252496166210716e-07
human,invgauss,5.22239478957916,7.411406778520028e-07
human,invgauss,5.262374749498999,6.65656062694503e-07
human,invgauss,5.302354709418839,5.979055352564459e-07
human,invgauss,5.342334669338679,5.370914333649393e-07
human,invgauss,5.382314629258518,4.824989630981278e-07
human,invgauss,5.422294589178358,4.3348752009641115e-07
human,invgauss,5.462274549098198,3.89482927929267e-07
human,invgauss,5.502254509018037,3.4997049565055825e-07
human,invgauss,5.542234468937877,3.1448880723490735e-07
human,invgauss,5.582214428857717,2.826241649939872e-07
human,invgauss,5.622194388777556,2.5400561745224626e-07
human,invgauss,5.662174348697396,2.2830050962990287e-07
human,invgauss,5.702154308617236,2.0521050033768624e-07
human,invgauss,5.742134268537075,1.8446799702211642e-07
human,invgauss,5.782114228456916,1.6583296399146413e-07
human,invgauss,5.822094188376755,1.4909006457151527e-07
human,invgauss,5.862074148296594,1.340461019494586e-07
human,invgauss,5.902054108216435,1.205277272195069e-07
human,invgauss,5.942034068136274,1.0837938649463724e-07
human,invgauss,5.982014028056113,9.746148193930076e-08
human,invgauss,6.021993987975954,8.764872424725966e-08
human,invgauss,6.061973947895793,7.882865647172582e-08
human,invgauss,6.101953907815632,7.090033124279031e-08
human,invgauss,6.141933867735473,6.377312530737231e-08
human,invgauss,6.181913827655312,5.736567702418266e-08
human,invgauss,6.221893787575151,5.160493396238836e-08
human,invgauss,6.261873747494992,4.642529910736414e-08
human,invgauss,6.301853707414831,4.176786538742595e-08
human,invgauss,6.3418336673346705,3.7579729317343335e-08
human,invgauss,6.381813627254511,3.381337552146794e-08
human,invgauss,6.42179358717435,3.0426124763850855e-08
human,invgauss,6.4617735470941895,2.7379638885704966e-08
human,invgauss,6.50175350701403,2.4639476741791297e-08
human,invgauss,6.541733466933869,2.2174695845521014e-08
human,invgauss,6.5817134268537085,1.9957494985522285e-08
human,invgauss,6.621693386773549,1.796289357110655e-08
human,invgauss,6.661673346693388,1.6168443906659857e-08
human,invgauss,6.701653306613228,1.4553972991026082e-08
human,invgauss,6.741633266533068,1.3101350792379973e-08
human,invgauss,6.781613226452907,1.1794282266318405e-08
human,invgauss,6.821593186372747,1.061812066886734e-08
human,invgauss,6.861573146292587,9.559699970328121e-09
human,invgauss,6.901553106212426,8.607184403511085e-09
human,invgauss,6.941533066132266,7.749933383734436e-09
human,invgauss,6.981513026052106,6.978380220510182e-09
human,invgauss,7.021492985971945,6.28392320433943e-09
human,invgauss,7.061472945891785,5.658827798493659e-09
human,invgauss,7.101452905811625,5.0961387968681215e-09
human,invgauss,7.141432865731464,4.589601426545689e-09
human,invgauss,7.181412825651305,4.133590479048122e-09
human,invgauss,7.221392785571144,3.723046648648259e-09
human,invgauss,7.261372745490983,3.3534193407185343e-09
human,invgauss,7.301352705410824,3.02061528892458e-09
human,invgauss,7.341332665330663,2.720952388048566e-09
human,invgauss,7.381312625250502,2.451118210170812e-09
human,invgauss,7.421292585170343,2.2081327265776757e-09
human,invgauss,7.461272545090182,1.989314806759888e-09
human,invgauss,7.501252505010021,1.7922521098020602e-09
human,invgauss,7.541232464929862,1.61477402286977e-09
human,invgauss,7.581212424849701,1.4549273368439451e-09
human,invgauss,7.62119238476954,1.3109543808558966e-09
human,invgauss,7.661172344689381,1.1812733659176872e-09
human,invgauss,7.70115230460922,1.0644607133585066e-09
human,invgauss,7.7411322645290594,9.592351666728518e-10
human,invgauss,7.7811122244489,8.644435059296849e-10
human,invgauss,7.821092184368739,7.79047702328149e-10
human,invgauss,7.8610721442885785,7.021133670309579e-10
human,invgauss,7.901052104208419,6.327993632575851e-10
human,invgauss,7.941032064128258,5.703484639493648e-10
human,invgauss,7.9810120240480975,5.140789492853657e-10
human,invgauss,8.020991983967937,4.6337704907073423e-10
human,invgauss,8.060971943887777,4.176901446647882e-10
human,invgauss,8.100951903807617,3.7652065377677e-10
human,invgauss,8.140931863727456,3.394205292341129e-10
human,invgauss,8.180911823647296,3.059863098122193e-10
human,invgauss,8.220891783567136,2.758546674870218e-10
human,invgauss,8.260871743486975,2.4869840110522025e-10
human,invgauss,8.300851703406815,2.24222831527512e-10
human,invgauss,8.340831663326655,2.0216255784567288e-10
human,invgauss,8.380811623246494,1.8227853835803638e-10
human,invgauss,8.420791583166334,1.6435546365671966e-10
human,invgauss,8.460771543086175,1.481993924763315e-10
human,invgauss,8.500751503006013,1.336356239158036e-10
human,invgauss,8.540731462925853,1.2050678230659413e-10
human,invgauss,8.580711422845694,1.0867109339241401e-10
human,invgauss,8.620691382765532,9.800083263521604e-11
human,invgauss,8.660671342685372,8.838092839426086e-11
human,invgauss,8.700651302605213,7.97077044616606e-11
human,invgauss,8.740631262525051,7.188774799878252e-11
human,invgauss,8.780611222444891,6.483689032119096e-11
human,invgauss,8.820591182364732,5.847928924132096e-11
human,invgauss,8.86057114228457,5.274660281228192e-11
human,invgauss,8.90055110220441,4.757724533595315e-11
human,invgauss,8.94053106212425,4.291571741547843e-11
human,invgauss,8.98051102204409,3.8712002656789885e-11
human,invgauss,9.02049098196393,3.4921024365262244e-11
human,invgauss,9.06047094188377,3.150215625042932e-11
human,invgauss,9.10045090180361,2.8418781751404617e-11
human,invgauss,9.140430861723448,2.563789713505526e-11
human,invgauss,9.180410821643289,2.3129754004155224e-11
human,invgauss,9.220390781563129,2.0867537289171706e-11
human,invgauss,9.260370741482967,1.8827075189926048e-11
human,invgauss,9.300350701402808,1.698657788656898e-11
human,invgauss,9.340330661322648,1.5326402157050725e-11
human,invgauss,9.380310621242486,1.382883932415261e-11
human,invgauss,9.420290581162327,1.2477924212370902e-11
human,invgauss,9.460270541082167,1.1259263026399666e-11
human,invgauss,9.500250501002006,1.015987827122733e-11
human,invgauss,9.540230460921846,9.1680690212902e-12
human,invgauss,9.580210420841686,8.273285014793318e-12
human,invgauss,9.620190380761525,7.46601320111048e-12
human,invgauss,9.660170340681365,6.737675505799554e-12
human,invgauss,9.700150300601205,6.080536700741675e-12
human,invgauss,9.740130260521044,5.4876213775994906e-12
human,invgauss,9.780110220440884,4.9526391224294414e-12
human,invgauss,9.820090180360724,4.4699170789727505e-12
human,invgauss,9.860070140280563,4.034339168897375e-12
human,invgauss,9.900050100200403,3.641291309954548e-12
human,invgauss,9.940030060120243,3.2866120384620844e-12
human,invgauss,9.980010020040082,2.9665480014508435e-12
human,invgauss,10.019989979959922,2.6777138368696194e-12
human,invgauss,10.059969939879762,2.417056008016847e-12
human,invgauss,10.0999498997996,2.181820201388206e-12
human,invgauss,10.139929859719441,1.9695219358691514e-12
human,invgauss,10.179909819639281,1.7779200660897262e-12
human,invgauss,10.21988977955912,1.6049928941775183e-12
human,invgauss,10.25986973947896,1.448916632443259e-12
human,invgauss,10.2998496993988,1.30804598501973e-12
human,invgauss,10.339829659318639,1.180896639430174e-12
human,invgauss,10.379809619238479,1.0661294797404801e-12
human,invgauss,10.41978957915832,9.62536351574533e-13
human,invgauss,10.459769539078158,8.690272260504479e-13
human,invgauss,10.499749498997998,7.84618624810021e-13
human,invgauss,10.539729458917838,7.084231819303256e-13
human,invgauss,10.579709418837677,6.396402307735006e-13
human,invgauss,10.619689378757517,5.775473148831346e-13
human,invgauss,10.659669338677357,5.214925319936282e-13
human,invgauss,10.699649298597196,4.708876291910599e-13
human,invgauss,10.739629258517036,4.2520177534864634e-13
human,invgauss,10.779609218436876,3.83955944244706e-13
human,invgauss,10.819589178356715,3.467178483354679e-13
human,invgauss,10.859569138276555,3.1309736907066375e-13
human,invgauss,10.899549098196395,2.827424349708528e-13
human,invgauss,10.939529058116234,2.553353034898317e-13
human,invgauss,10.979509018036074,2.305892070153964e-13
human,invgauss,11.019488977955914,2.0824532726419395e-13
human,invgauss,11.059468937875753,1.880700658437437e-13
human,invgauss,11.099448897795593,1.6985258192497618e-13
human,invgauss,11.139428857715433,1.534025708263159e-13
human,invgauss,11.179408817635272,1.3854825988610316e-13
human,invgauss,11.219388777555112,1.2513460032216032e-13
human,invgauss,11.259368737474952,1.1302163587041457e-13
human,invgauss,11.299348697394791,1.0208303088144053e-13
human,invgauss,11.339328657314631,9.220474225488649e-14
human,invgauss,11.379308617234472,8.32838211253854e-14
human,invgauss,11.41928857715431,7.522733159622127e-14
human,invgauss,11.45926853707415,6.795137506365098e-14
human,invgauss,11.49924849699399,6.138020979878696e-14
human,invgauss,11.53922845691383,5.544545646739954e-14
human,invgauss,11.57920841683367,5.0085381181827115e-14
human,invgauss,11.61918837675351,4.5244248503188336e-14
human,invgauss,11.65916833667335,4.087173755514243e-14
human,invgauss,11.699148296593188,3.69224150804799e-14
human,invgauss,11.739128256513029,3.3355259876086484e-14
human,invgauss,11.779108216432869,3.013323358674899e-14
human,invgauss,11.819088176352707,2.7222893329696343e-14
human,invgauss,11.859068136272548,2.459404206499962e-14
human,invgauss,11.899048096192388,2.2219413026683533e-14
human,invgauss,11.939028056112226,2.007438488992873e-14
human,invgauss,11.979008016032067,1.8136724674932804e-14
human,invgauss,12.018987975951907,1.6386355681299345e-14
human,invgauss,12.058967935871745,1.4805148011383735e-14
human,invgauss,12.098947895791586,1.3376729479668234e-14
human,invgauss,12.138927855711426,1.2086314920502742e-14
human,invgauss,12.178907815631264,1.0920552100734318e-14
human,invgauss,12.218887775551105,9.867382618919842e-15
human,invgauss,12.258867735470945,8.915916330850166e-15
human,invgauss,12.298847695390783,8.056317983672623e-15
human,invgauss,12.338827655310624,7.279704869520525e-15
human,invgauss,12.378807615230464,6.578054425594858e-15
human,invgauss,12.418787575150303,5.944120812333529e-15
human,invgauss,12.458767535070143,5.371359595760384e-15
human,invgauss,12.498747494989983,4.85385974533214e-15
human,invgauss,12.538727454909822,4.3862822354939906e-15
human,invgauss,12.578707414829662,3.963804608543762e-15
human,invgauss,12.618687374749502,3.582070919008017e-15
human,invgauss,12.65866733466934,3.2371465362292066e-15
human,invgauss,12.69864729458918,2.9254773328416277e-15
human,invgauss,12.738627254509021,2.6438528328157247e-15
human,invgauss,12.77860721442886,2.389372934265069e-15
human,invgauss,12.8185871743487,2.15941785967298e-15
human,invgauss,12.85856713426854,1.951621020005658e-15
human,invgauss,12.898547094188379,1.7638445096906768e-15
human,invgauss,12.938527054108219,1.5941569769769866e-15
human,invgauss,12.97850701402806,1.4408136390458185e-15
human,invgauss,13.018486973947898,1.3022382336727e-15
human,invgauss,13.058466933867738,1.1770067194860569e-15
human,invgauss,13.098446893787578,1.063832555141355e-15
human,invgauss,13.138426853707417,9.615534042226866e-16
human,invgauss,13.178406813627257,8.691191275714305e-16
human,invgauss,13.218386773547097,7.855809381793271e-16
human,invgauss,13.258366733466936,7.100816059134132e-16
human,invgauss,13.298346693386776,6.418466102897094e-16
human,invgauss,13.338326653306616,5.801761493967678e-16
human,invgauss,13.378306613226455,5.244379219927893e-16
human,invgauss,13.418286573146295,4.740606078548812e-16
human,invgauss,13.458266533066135,4.285279787306558e-16
human,invgauss,13.498246492985974,3.8737357880696283e-16
human,invgauss,13.538226452905814,3.501759195371034e-16
human,invgauss,13.578206412825654,3.165541390185605e-16
human,invgauss,13.618186372745493,2.861640809438005e-16
human,invgauss,13.658166332665333,2.586947525082916e-16
human,invgauss,13.698146292585173,2.3386512459758034e-16
human,invgauss,13.738126252505012,2.1142124113070137e-16
human,invgauss,13.778106212424852,1.911336076474006e-16
human,invgauss,13.818086172344692,1.727948321251882e-16
human,invgauss,13.85806613226453,1.562174936295498e-16
human,invgauss,13.898046092184371,1.4123221676382273e-16
human,invgauss,13.938026052104211,1.2768593201934804e-16
human,invgauss,13.97800601202405,1.1544030405337754e-16
human,invgauss,14.01798597194389,1.04370311662359e-16
human,invgauss,14.05796593186373,9.43629647895935e-17
human,invgauss,14.097945891783569,8.531614532521682e-17
human,invgauss,14.13792585170341,7.713755973794384e-17
human,invgauss,14.17790581162325,6.974379273526847e-17
human,invgauss,14.21788577154309,6.305945219392661e-17
human,invgauss,14.257865731462928,5.701639654628086e-17
human,invgauss,14.297845691382769,5.155303666073682e-17
human,invgauss,14.337825651302609,4.661370502414566e-17
human,invgauss,14.377805611222447,4.214808572948885e-17
human,invgauss,14.417785571142288,3.8110699400116865e-17
human,invgauss,14.457765531062128,3.446043774903928e-17
human,invgauss,14.497745490981966,3.116014298405257e-17
human,invgauss,14.537725450901807,2.8176227732222597e-17
human,invgauss,14.577705410821647,2.547833157521485e-17
human,invgauss,14.617685370741485,2.3039010664453418e-17
human,invgauss,14.657665330661326,2.083345722612786e-17
human,invgauss,14.697645290581166,1.8839246074081798e-17
human,invgauss,14.737625250501004,1.703610552685367e-17
human,invgauss,14.777605210420845,1.540571037649669e-17
human,invgauss,14.817585170340685,1.393149478384292e-17
human,invgauss,14.857565130260523,1.2598483179976184e-17
human,invgauss,14.897545090180364,1.1393137438971006e-17
human,invgauss,14.937525050100204,1.030321875432572e-17
human,invgauss,14.977505010020042,9.317662802734262e-18
human,invgauss,15.017484969939883,8.426466915441201e-18
human,invgauss,15.057464929859723,7.620588100844133e-18
human,invgauss,15.097444889779561,6.8918508734945786e-18
human,invgauss,15.137424849699402,6.23286394538579e-18
human,invgauss,15.177404809619242,5.63694492641887e-18
human,invgauss,15.21738476953908,5.098052263164608e-18
human,invgauss,15.25736472945892,4.610723719322871e-18
human,invgauss,15.297344689378761,4.170020768406055e-18
human,invgauss,15.3373246492986,3.7714783298119264e-18
human,invgauss,15.37730460921844,3.41105933425217e-18
human,invgauss,15.41728456913828,3.085113654006005e-18
human,invgauss,15.457264529058119,2.7903409782081394e-18
human,invgauss,15.497244488977959,2.5237572537996415e-18
human,invgauss,15.537224448897799,2.2826643492957767e-18
human,invgauss,15.577204408817638,2.0646226315279527e-18
human,invgauss,15.617184368737478,1.8674261753406663e-18
human,invgauss,15.657164328657318,1.6890803531724913e-18
human,invgauss,15.697144288577157,1.5277815758027753e-18
human,invgauss,15.737124248496997,1.381898977551216e-18
human,invgauss,15.777104208416837,1.2499578591043916e-18
human,invgauss,15.817084168336676,1.1306247191136117e-18
human,invgauss,15.857064128256516,1.0226937219484925e-18
human,invgauss,15.897044088176356,9.250744636679054e-19
human,invgauss,15.937024048096195,8.367809115321098e-19
human,invgauss,15.977004008016035,7.569214043674128e-19
human,invgauss,16.016983967935875,6.846896119270241e-19
human,invgauss,16.056963927855712,6.193563611821302e-19
human,invgauss,16.096943887775552,5.6026224632533e-19
human,invgauss,16.136923847695392,5.068109472656173e-19
human,invgauss,16.176903807615233,4.584631886210942e-19
human,invgauss,16.216883767535073,4.1473127774849045e-19
human,invgauss,16.25686372745491,3.751741662519885e-19
human,invgauss,16.29684368737475,3.3939298475051703e-19
human,invgauss,16.33682364729459,3.0702700550547566e-19
human,invgauss,16.37680360721443,2.777499918705428e-19
human,invgauss,16.41678356713427,2.512668974651935e-19
human,invgauss,16.45676352705411,2.2731088153553645e-19
human,invgauss,16.496743486973948,2.0564061018504125e-19
human,invgauss,16.536723446893788,1.860378160678224e-19
human,invgauss,16.57670340681363,1.683050917674262e-19
human,invgauss,16.61668336673347,1.5226389446162622e-19
human,invgauss,16.65666332665331,1.37752741623078e-19
human,invgauss,16.69664328657315,1.246255794483161e-19
human,invgauss,16.736623246492986,1.1275030746390192e-19
human,invgauss,16.776603206412826,1.0200744434599905e-19
human,invgauss,16.816583166332666,9.228892142483247e-20
human,invgauss,16.856563126252507,8.349699164278356e-20
human,invgauss,16.896543086172347,7.554324290770584e-20
human,invgauss,16.936523046092187,6.834770584327789e-20
human,invgauss,16.976503006012024,6.183804689665817e-20
human,invgauss,17.016482965931864,5.594883863024696e-20
human,invgauss,17.056462925851704,5.0620899807699175e-20
human,invgauss,17.096442885771545,4.5800698592528197e-20
human,invgauss,17.136422845691385,4.1439812817918444e-20
human,invgauss,17.176402805611225,3.749444186521615e-20
human,invgauss,17.216382765531062,3.3924965211889914e-20
human,invgauss,17.256362725450902,3.069554318291011e-20
human,invgauss,17.296342685370742,2.7773755867269613e-20
human,invgauss,17.336322645290583,2.5130276548136478e-20
human,invgauss,17.376302605210423,2.2738576344810004e-20
human,invgauss,17.416282565130263,2.0574657080816596e-20
human,invgauss,17.4562625250501,1.8616809678358993e-20
human,invgauss,17.49624248496994,1.6845395637773793e-20
human,invgauss,17.53622244488978,1.524264939437602e-20
human,invgauss,17.57620240480962,1.3792499556361065e-20
human,invgauss,17.61618236472946,1.2480407218498834e-20
human,invgauss,17.6561623246493,1.1293219719120099e-20
human,invgauss,17.696142284569138,1.0219038364097991e-20
human,invgauss,17.73612224448898,9.247098782783059e-21
human,invgauss,17.77610220440882,8.367662708571807e-21
human,invgauss,17.81608216432866,7.5719200922772e-21
human,invgauss,17.8560621242485,6.851900560911386e-21
human,invgauss,17.89604208416834,6.200393328918667e-21
human,invgauss,17.936022044088176,5.6108747543006626e-21
human,invgauss,17.976002004008016,5.077442809288801e-21
human,invgauss,18.015981963927857,4.594757805059426e-21
human,invgauss,18.055961923847697,4.157988773128433e-21
human,invgauss,18.095941883767537,3.76276496316959e-21
human,invgauss,18.135921843687377,3.405131968645532e-21
human,invgauss,18.175901803607218,3.081512038336547e-21
human,invgauss,18.215881763527054,2.788668174089956e-21
human,invgauss,18.255861723446895,2.5236716533041136e-21
human,invgauss,18.295841683366735,2.2838726492035248e-21
human,invgauss,18.335821643286575,2.0668736531976086e-21
human,invgauss,18.375801603206416,1.8705054318676147e-21
human,invgauss,18.415781563126256,1.6928052766735682e-21
human,invgauss,18.455761523046093,1.5319973275816123e-21
human,invgauss,18.495741482965933,1.3864747727079316e-21
human,invgauss,18.535721442885773,1.2547837449764678e-21
human,invgauss,18.575701402805613,1.1356087538808187e-21
human,invgauss,18.615681362725454,1.0277595059001533e-21
human,invgauss,18.655661322645294,9.301589811022673e-22
human,invgauss,18.69564128256513,8.418326461123336e-22
human,invgauss,18.73562124248497,7.618986950645709e-22
human,invgauss,18.77560120240481,6.895592204991321e-22
human,invgauss,18.81558116232465,6.240922255232914e-22
human,invgauss,18.85556112224449,5.648443970197971e-22
human,invgauss,18.895541082164332,5.112245673395254e-22
human,invgauss,18.93552104208417,4.626977988398485e-22
human,invgauss,18.97550100200401,4.187800318925321e-22
human,invgauss,19.01548096192385,3.7903324264972987e-22
human,invgauss,19.05546092184369,3.430610619803645e-22
human,invgauss,19.09544088176353,3.1050481162378014e-22
human,invgauss,19.13542084168337,2.8103991779997705e-22
human,invgauss,19.175400801603207,2.543726663073761e-22
human,invgauss,19.215380761523047,2.302372665695667e-22
human,invgauss,19.255360721442887,2.0839319519497283e-22
human,invgauss,19.295340681362728,1.8862279242018243e-22
human,invgauss,19.335320641282568,1.7072908734639265e-22
human,invgauss,19.375300601202408,1.5453383017516577e-22
human,invgauss,19.415280561122245,1.398757117271007e-22
human,invgauss,19.455260521042085,1.266087524063415e-22
human,invgauss,19.495240480961925,1.1460084447393782e-22
human,invgauss,19.535220440881766,1.0373243303090024e-22
human,invgauss,19.575200400801606,9.389532250308996e-23
human,invgauss,19.615180360721446,8.499159667854059e-23
human,invgauss,19.655160320641283,7.693264148642108e-23
human,invgauss,19.695140280561123,6.963826073676473e-23
human,invgauss,19.735120240480963,6.303587597191927e-23
human,invgauss,19.775100200400804,5.705980242355386e-23
human,invgauss,19.815080160320644,5.1650593831702397e-23
human,invgauss,19.855060120240484,4.675444957219085e-23
human,invgauss,19.89504008016032,4.232267816295062e-23
human,invgauss,19.93502004008016,3.831121178437955e-23
human,invgauss,19.975,3.4680166959761184e-23
human,lognorm,0.025,0.004482270125787555
human,lognorm,0.06497995991983968,0.2977222195520072
human,lognorm,0.10495991983967937,1.0292938156977205
human,lognorm,0.14493987975951905,1.712433826864374
human,lognorm,0.18491983967935874,2.113804824333732
human,lognorm,0.22489979959919842,2.246666603447266
human,lognorm,0.26487975951903814,2.1954744683426335
human,lognorm,0.3048597194388778,2.0396356718785733
human,lognorm,0.3448396793587175,1.8354937870966848
human,lognorm,0.3848196392785572,1.6181402901132986
human,lognorm,0.4247995991983969,1.4074313325761885
human,lognorm,0.46477955911823654,1.2134162737598222
human,lognorm,0.5047595190380763,1.0402360898823007
human,lognorm,0.544739478957916,0.8886690225435655
human,lognorm,0.5847194388777556,0.7577067129175584
human,lognorm,0.6246993987975953,0.6454932378019463
human,lognorm,0.664679358717435,0.549864376376425
human,lognorm,0.7046593186372747,0.46864341533130427
human,lognorm,0.7446392785571144,0.39979222961241606
human,lognorm,0.784619238476954,0.34147845921680386
human,lognorm,0.8245991983967937,0.2920955779288975
human,lognorm,0.8645791583166335,0.2502577630735859
human,lognorm,0.9045591182364731,0.21478238373259936
human,lognorm,0.9445390781563128,0.1846674344490626
human,lognorm,0.9845190380761525,0.15906796130094356
human,lognorm,1.0244989979959922,0.13727359216650495
human,lognorm,1.0644789579158318,0.1186881607611587
human,lognorm,1.1044589178356714,0.10281177936622678
human,lognorm,1.144438877755511,0.08922537033652372
human,lognorm,1.1844188376753508,0.07757749173441188
human,lognorm,1.2243987975951904,0.06757321566043675
human,lognorm,1.2643787575150303,0.05896479586500675
human,lognorm,1.3043587174348699,0.051543868442066834
human,lognorm,1.3443386773547095,0.045134950870978
human,lognorm,1.3843186372745493,0.03959003183847792
human,lognorm,1.424298597194389,0.03478407241934004
human,lognorm,1.4642785571142287,0.030611265867091723
human,lognorm,1.5042585170340683,0.026981927326449058
human,lognorm,1.544238476953908,0.02381990583453098
human,lognorm,1.5842184368737477,0.021060429041165844
human,lognorm,1.6241983967935874,0.01864830636673095
human,lognorm,1.664178356713427,0.016536429134178292
human,lognorm,1.7041583166332668,0.01468451688852267
human,lognorm,1.7441382765531064,0.013058067968944567
human,lognorm,1.784118236472946,0.011627479714392298
human,lognorm,1.8240981963927858,0.010367309717049756
human,lognorm,1.8640781563126254,0.009255654507596182
human,lognorm,1.9040581162324652,0.008273626146712183
human,lognorm,1.9440380761523048,0.0074049105636593135
human,lognorm,1.9840180360721444,0.0066353942537268895
human,lognorm,2.0239979959919845,0.005952848228347532
human,lognorm,2.063977955911824,0.005346659992391759
human,lognorm,2.1039579158316637,0.004807605874565413
human,lognorm,2.143937875751503,0.004327657317981333
human,lognorm,2.183917835671343,0.003899815797200124
human,lognorm,2.2238977955911827,0.003517971904904953
human,lognorm,2.263877755511022,0.0031767848782687643
human,lognorm,2.303857715430862,0.0028715794384968968
human,lognorm,2.3438376753507018,0.0025982573186847653
human,lognorm,2.3838176352705416,0.002353221272805767
human,lognorm,2.423797595190381,0.0021333097069241454
human,lognorm,2.463777555110221,0.0019357403645860357
human,lognorm,2.5037575150300606,0.0017580617416201611
human,lognorm,2.5437374749499,0.001598111109375214
human,lognorm,2.58371743486974,0.001453978196405418
human,lognorm,2.6236973947895796,0.0013239737222922408
human,lognorm,2.663677354709419,0.0012066020982053126
human,lognorm,2.703657314629259,0.001100537710720141
human,lognorm,2.7436372745490987,0.001004604291439734
human,lognorm,2.783617234468938,0.0009177569476965579
human,lognorm,2.823597194388778,0.0008390664911877896
human,lognorm,2.8635771543086177,0.0007677057536074061
human,lognorm,2.9035571142284575,0.0007029376226719886
human,lognorm,2.943537074148297,0.0006441045696359116
human,lognorm,2.9835170340681367,0.0005906194714938145
human,lognorm,3.0234969939879766,0.0005419575584432974
human,lognorm,3.063476953907816,0.0004976493405565622
human,lognorm,3.1034569138276558,0.000457274387598054
human,lognorm,3.1434368737474956,0.00042045585303951644
human,lognorm,3.183416833667335,0.0003868556479970726
human,lognorm,3.223396793587175,0.0003561701834114841
human,lognorm,3.2633767535070146,0.0003281266096205013
human,lognorm,3.303356713426854,0.0003024794917912185
human,lognorm,3.343336673346694,0.0002790078677109541
human,lognorm,3.3833166332665336,0.0002575126413639539
human,lognorm,3.423296593186373,0.00023781427170653754
human,lognorm,3.463276553106213,0.00021975072122987379
human,lognorm,3.5032565130260527,0.00020317563338189402
human,lognorm,3.543236472945892,0.00018795671180545074
human,lognorm,3.583216432865732,0.00017397427772212766
human,lognorm,3.6231963927855717,0.00016111998472102845
human,lognorm,3.6631763527054115,0.00014929567276040698
human,lognorm,3.703156312625251,0.00013841234540908827
human,lognorm,3.7431362725450907,0.00012838925628900374
human,lognorm,3.7831162324649306,0.00011915309236810138
human,lognorm,3.82309619238477,0.00011063724322730892
human,lognorm,3.8630761523046098,0.00010278114671449402
human,lognorm,3.9030561122244496,9.55297025268109e-05
human,lognorm,3.943036072144289,8.883274625154125e-05
human,lognorm,3.983016032064129,8.264457726265039e-05
human,lognorm,4.022995991983969,7.692353463147513e-05
human,lognorm,4.062975951903809,7.163161587883212e-05
human,lognorm,4.102955911823648,6.673413398410311e-05
human,lognorm,4.142935871743488,6.219940858473967e-05
human,lognorm,4.182915831663328,5.799848775593296e-05
human,lognorm,4.222895791583167,5.4104897162640066e-05
human,lognorm,4.262875751503007,5.049441373136828e-05
human,lognorm,4.302855711422847,4.7144861302963224e-05
human,lognorm,4.342835671342686,4.4035926005130086e-05
human,lognorm,4.382815631262526,4.114898932899481e-05
human,lognorm,4.422795591182366,3.846697711152587e-05
human,lognorm,4.462775551102205,3.597422281843521e-05
human,lognorm,4.502755511022045,3.365634369323267e-05
human,lognorm,4.542735470941885,3.150012848997805e-05
human,lognorm,4.582715430861724,2.9493435642216224e-05
human,lognorm,4.622695390781565,2.762510084058901e-05
human,lognorm,4.662675350701404,2.588485309840649e-05
human,lognorm,4.702655310621243,2.426323847957571e-05
human,lognorm,4.742635270541084,2.2751550748058e-05
human,lognorm,4.782615230460923,2.1341768273631753e-05
human,lognorm,4.8225951903807625,2.002649659623356e-05
human,lognorm,4.862575150300603,1.879891611142912e-05
human,lognorm,4.902555110220442,1.765273439344992e-05
human,lognorm,4.9425350701402815,1.6582142720432875e-05
human,lognorm,4.982515030060122,1.5581776409640436e-05
human,lognorm,5.022494989979961,1.4646678609081285e-05
human,lognorm,5.0624749498998005,1.3772267226590607e-05
human,lognorm,5.102454909819641,1.2954304708491239e-05
human,lognorm,5.14243486973948,1.218887040783923e-05
human,lognorm,5.1824148296593195,1.1472335307297549e-05
human,lognorm,5.22239478957916,1.0801338884179506e-05
human,lognorm,5.262374749498999,1.0172767925441701e-05
human,lognorm,5.302354709418839,9.583737118606614e-06
human,lognorm,5.342334669338679,9.03157126099023e-06
human,lognorm,5.382314629258518,8.513788944373344e-06
human,lognorm,5.422294589178358,8.028087585566907e-06
human,lognorm,5.462274549098198,7.572329685326806e-06
human,lognorm,5.502254509018037,7.144530208907639e-06
human,lognorm,5.542234468937877,6.742844991329385e-06
human,lognorm,5.582214428857717,6.365560079269428e-06
human,lognorm,5.622194388777556,6.011081929484919e-06
human,lognorm,5.662174348697396,5.677928390897313e-06
human,lognorm,5.702154308617236,5.3647204040145355e-06
human,lognorm,5.742134268537075,5.07017435728848e-06
human,lognorm,5.782114228456916,4.7930950453735725e-06
human,lognorm,5.822094188376755,4.532369179117303e-06
human,lognorm,5.862074148296594,4.286959401525935e-06
human,lognorm,5.902054108216435,4.055898767953203e-06
human,lognorm,5.942034068136274,3.838285652395082e-06
human,lognorm,5.982014028056113,3.633279045076411e-06
human,lognorm,6.021993987975954,3.440094209516341e-06
human,lognorm,6.061973947895793,3.257998669988707e-06
human,lognorm,6.101953907815632,3.0863085027762546e-06
human,lognorm,6.141933867735473,2.92438490687742e-06
human,lognorm,6.181913827655312,2.771631031882025e-06
human,lognorm,6.221893787575151,2.6274890426071266e-06
human,lognorm,6.261873747494992,2.491437401793072e-06
human,lognorm,6.301853707414831,2.3629883537179503e-06
human,lognorm,6.3418336673346705,2.241685593010255e-06
human,lognorm,6.381813627254511,2.1271021042375546e-06
human,lognorm,6.42179358717435,2.0188381590332165e-06
human,lognorm,6.4617735470941895,1.916519458606322e-06
human,lognorm,6.50175350701403,1.8197954104690534e-06
human,lognorm,6.541733466933869,1.7283375291203216e-06
human,lognorm,6.5817134268537085,1.6418379512522138e-06
human,lognorm,6.621693386773549,1.5600080568030013e-06
human,lognorm,6.661673346693388,1.4825771878738228e-06
human,lognorm,6.701653306613228,1.4092914581613246e-06
human,lognorm,6.741633266533068,1.339912646140324e-06
human,lognorm,6.781613226452907,1.274217165764176e-06
human,lognorm,6.821593186372747,1.2119951089395586e-06
human,lognorm,6.861573146292587,1.1530493544812696e-06
human,lognorm,6.901553106212426,1.097194738664668e-06
human,lognorm,6.941533066132266,1.0442572828712957e-06
human,lognorm,6.981513026052106,9.940734741709565e-07
human,lognorm,7.021492985971945,9.464895950024178e-07
human,lognorm,7.061472945891785,9.013610984086096e-07
human,lognorm,7.101452905811625,8.585520255517709e-07
human,lognorm,7.141432865731464,8.179344624823825e-07
human,lognorm,7.181412825651305,7.79388033364094e-07
human,lognorm,7.221392785571144,7.427994275671359e-07
human,lognorm,7.261372745490983,7.080619582363975e-07
human,lognorm,7.301352705410824,6.750751501187781e-07
human,lognorm,7.341332665330663,6.437443545988019e-07
human,lognorm,7.381312625250502,6.139803900432098e-07
human,lognorm,7.421292585170343,5.856992056948729e-07
human,lognorm,7.461272545090182,5.588215674855552e-07
human,lognorm,7.501252505010021,5.332727642559523e-07
human,lognorm,7.541232464929862,5.089823329814173e-07
human,lognorm,7.581212424849701,4.858838017032673e-07
human,lognorm,7.62119238476954,4.639144489593219e-07
human,lognorm,7.661172344689381,4.430150785940008e-07
human,lognorm,7.70115230460922,4.2312980890841483e-07
human,lognorm,7.7411322645290594,4.0420587518496305e-07
human,lognorm,7.7811122244489,3.861934446894992e-07
human,lognorm,7.821092184368739,3.6904544331752954e-07
human,lognorm,7.8610721442885785,3.527173931095988e-07
human,lognorm,7.901052104208419,3.3716725991543134e-07
human,lognorm,7.941032064128258,3.2235531053666797e-07
human,lognorm,7.9810120240480975,3.0824397872471794e-07
human,lognorm,8.020991983967937,2.947977394535076e-07
human,lognorm,8.060971943887777,2.81982990926929e-07
human,lognorm,8.100951903807617,2.6976794381801044e-07
human,lognorm,8.140931863727456,2.581225172712882e-07
human,lognorm,8.180911823647296,2.4701824123185216e-07
human,lognorm,8.220891783567136,2.3642816469424926e-07
human,lognorm,8.260871743486975,2.2632676949200845e-07
human,lognorm,8.300851703406815,2.1668988927410874e-07
human,lognorm,8.340831663326655,2.0749463333859288e-07
human,lognorm,8.380811623246494,1.9871931501553964e-07
human,lognorm,8.420791583166334,1.9034338431223817e-07
human,lognorm,8.460771543086175,1.823473645524633e-07
human,lognorm,8.500751503006013,1.747127927595437e-07
human,lognorm,8.540731462925853,1.6742216354945835e-07
human,lognorm,8.580711422845694,1.6045887631553771e-07
human,lognorm,8.620691382765532,1.5380718550073822e-07
human,lognorm,8.660671342685372,1.4745215376670825e-07
human,lognorm,8.700651302605213,1.4137960788135971e-07
human,lognorm,8.740631262525051,1.3557609715816554e-07
human,lognorm,8.780611222444891,1.3002885429122412e-07
human,lognorm,8.820591182364732,1.247257584401553e-07
human,lognorm,8.86057114228457,1.1965530042826698e-07
human,lognorm,8.90055110220441,1.1480654992617467e-07
human,lognorm,8.94053106212425,1.1016912450117442e-07
human,lognorm,8.98051102204409,1.0573316042031389e-07
human,lognorm,9.02049098196393,1.0148928510216238e-07
human,lognorm,9.06047094188377,9.742859111892184e-08
human,lognorm,9.10045090180361,9.354261165670548e-08
human,lognorm,9.140430861723448,8.982329734756928e-08
human,lognorm,9.180410821643289,8.626299439229835e-08
human,lognorm,9.220390781563129,8.285442389796722e-08
human,lognorm,9.260370741482967,7.959066235903045e-08
human,lognorm,9.300350701402808,7.64651232150686e-08
human,lognorm,9.340330661322648,7.347153942247493e-08
human,lognorm,9.380310621242486,7.060394698117988e-08
human,lognorm,9.420290581162327,6.785666936114081e-08
human,lognorm,9.460270541082167,6.522430277668023e-08
human,lognorm,9.500250501002006,6.270170225991968e-08
human,lognorm,9.540230460921846,6.028396848750367e-08
human,lognorm,9.580210420841686,5.7966435317579136e-08
human,lognorm,9.620190380761525,5.574465799658009e-08
human,lognorm,9.660170340681365,5.3614401997801574e-08
human,lognorm,9.700150300601205,5.157163245600907e-08
human,lognorm,9.740130260521044,4.961250416447327e-08
human,lognorm,9.780110220440884,4.773335210280581e-08
human,lognorm,9.820090180360724,4.5930682465851055e-08
human,lognorm,9.860070140280563,4.42011641656422e-08
human,lognorm,9.900050100200403,4.254162078007564e-08
human,lognorm,9.940030060120243,4.0949022923509135e-08
human,lognorm,9.980010020040082,3.942048101592887e-08
human,lognorm,10.019989979959922,3.7953238428701585e-08
human,lognorm,10.059969939879762,3.654466498619936e-08
human,lognorm,10.0999498997996,3.519225080378818e-08
human,lognorm,10.139929859719441,3.389360044378985e-08
human,lognorm,10.179909819639281,3.2646427372101223e-08
human,lognorm,10.21988977955912,3.14485486991277e-08
human,lognorm,10.25986973947896,3.029788018964211e-08
human,lognorm,10.2998496993988,2.919243152704517e-08
human,lognorm,10.339829659318639,2.8130301818333123e-08
human,lognorm,10.379809619238479,2.7109675326858472e-08
human,lognorm,10.41978957915832,2.612881742069251e-08
human,lognorm,10.459769539078158,2.518607072508965e-08
human,lognorm,10.499749498997998,2.427985146820031e-08
human,lognorm,10.539729458917838,2.3408646009782312e-08
human,lognorm,10.579709418837677,2.257100754323856e-08
human,lognorm,10.619689378757517,2.1765552961842808e-08
human,lognorm,10.659669338677357,2.099095988052551e-08
human,lognorm,10.699649298597196,2.024596380506636e-08
human,lognorm,10.739629258517036,1.952935544099415e-08
human,lognorm,10.779609218436876,1.8839978134912878e-08
human,lognorm,10.819589178356715,1.8176725441377457e-08
human,lognorm,10.859569138276555,1.7538538808814444e-08
human,lognorm,10.899549098196395,1.6924405378340415e-08
human,lognorm,10.939529058116234,1.633335588966501e-08
human,lognorm,10.979509018036074,1.5764462688577233e-08
human,lognorm,11.019488977955914,1.5216837830817048e-08
human,lognorm,11.059468937875753,1.4689631277408648e-08
human,lognorm,11.099448897795593,1.4182029176799384e-08
human,lognorm,11.139428857715433,1.3693252229398985e-08
human,lognorm,11.179408817635272,1.3222554130345189e-08
human,lognorm,11.219388777555112,1.2769220086548625e-08
human,lognorm,11.259368737474952,1.2332565404276543e-08
human,lognorm,11.299348697394791,1.1911934143735206e-08
human,lognorm,11.339328657314631,1.150669783729569e-08
human,lognorm,11.379308617234472,1.1116254268187469e-08
human,lognorm,11.41928857715431,1.0740026306648061e-08
human,lognorm,11.45926853707415,1.037746080067733e-08
human,lognorm,11.49924849699399,1.0028027518691866e-08
human,lognorm,11.53922845691383,9.691218141518257e-09
human,lognorm,11.57920841683367,9.366545301294238e-09
human,lognorm,11.61918837675351,9.053541664975721e-09
human,lognorm,11.65916833667335,8.751759060264252e-09
human,lognorm,11.699148296593188,8.460767641883851e-09
human,lognorm,11.739128256513029,8.180155096240558e-09
human,lognorm,11.779108216432869,7.909525882602385e-09
human,lognorm,11.819088176352707,7.648500509027685e-09
human,lognorm,11.859068136272548,7.396714841364983e-09
human,lognorm,11.899048096192388,7.153819443729998e-09
human,lognorm,11.939028056112226,6.9194789489462756e-09
human,lognorm,11.979008016032067,6.693371457514265e-09
human,lognorm,12.018987975951907,6.475187963744306e-09
human,lognorm,12.058967935871745,6.264631807758178e-09
human,lognorm,12.098947895791586,6.0614181521295754e-09
human,lognorm,12.138927855711426,5.865273481994141e-09
human,lognorm,12.178907815631264,5.675935127519146e-09
human,lognorm,12.218887775551105,5.493150807677626e-09
human,lognorm,12.258867735470945,5.316678194324226e-09
human,lognorm,12.298847695390783,5.146284495619837e-09
human,lognorm,12.338827655310624,4.981746057898917e-09
human,lognorm,12.378807615230464,4.822847985118481e-09
human,lognorm,12.418787575150303,4.669383775069411e-09
human,lognorm,12.458767535070143,4.5211549715714445e-09
human,lognorm,12.498747494989983,4.37797083191101e-09
human,lognorm,12.538727454909822,4.2396480088175564e-09
human,lognorm,12.578707414829662,4.106010246307242e-09
human,lognorm,12.618687374749502,3.976888088757074e-09
human,lognorm,12.65866733466934,3.852118602601829e-09
human,lognorm,12.69864729458918,3.731545110076466e-09
human,lognorm,12.738627254509021,3.615016934453871e-09
human,lognorm,12.77860721442886,3.5023891562547416e-09
human,lognorm,12.8185871743487,3.3935223799310023e-09
human,lognorm,12.85856713426854,3.2882825105484075e-09
human,lognorm,12.898547094188379,3.1865405400161544e-09
human,lognorm,12.938527054108219,3.0881723424332603e-09
human,lognorm,12.97850701402806,2.9930584781414876e-09
human,lognorm,13.018486973947898,2.901084006094447e-09
human,lognorm,13.058466933867738,2.8121383041702555e-09
human,lognorm,13.098446893787578,2.7261148970735513e-09
human,lognorm,13.138426853707417,2.642911291488578e-09
human,lognorm,13.178406813627257,2.562428818161078e-09
human,lognorm,13.218386773547097,2.484572480602225e-09
human,lognorm,13.258366733466936,2.4092508101213654e-09
human,lognorm,13.298346693386776,2.3363757269088095e-09
human,lognorm,13.338326653306616,2.2658624069020614e-09
human,lognorm,13.378306613226455,2.197629154181854e-09
human,lognorm,13.418286573146295,2.1315972786556787e-09
human,lognorm,13.458266533066135,2.0676909787978834e-09
human,lognorm,13.498246492985974,2.005837229225773e-09
human,lognorm,13.538226452905814,1.945965672901591e-09
human,lognorm,13.578206412825654,1.8880085177596016e-09
human,lognorm,13.618186372745493,1.8319004375667375e-09
human,lognorm,13.658166332665333,1.7775784768340796e-09
human,lognorm,13.698146292585173,1.7249819596045446e-09
human,lognorm,13.738126252505012,1.674052401950359e-09
human,lognorm,13.778106212424852,1.6247334280210628e-09
human,lognorm,13.818086172344692,1.5769706894902675e-09
human,lognorm,13.85806613226453,1.5307117882561113e-09
human,lognorm,13.898046092184371,1.4859062022567416e-09
human,lognorm,13.938026052104211,1.4425052142686531e-09
human,lognorm,13.97800601202405,1.4004618435613224e-09
human,lognorm,14.01798597194389,1.3597307802873795e-09
human,lognorm,14.05796593186373,1.3202683224929238e-09
human,lognorm,14.097945891783569,1.2820323156376465e-09
human,lognorm,14.13792585170341,1.2449820945193101e-09
human,lognorm,14.17790581162325,1.2090784275019612e-09
human,lognorm,14.21788577154309,1.1742834629513853e-09
human,lognorm,14.257865731462928,1.1405606777857539e-09
human,lognorm,14.297845691382769,1.107874828053574e-09
human,lognorm,14.337825651302609,1.076191901454509e-09
human,lognorm,14.377805611222447,1.045479071722755e-09
human,lognorm,14.417785571142288,1.0157046547957977e-09
human,lognorm,14.457765531062128,9.86838066695066e-10
human,lognorm,14.497745490981966,9.588497830478585e-10
human,lognorm,14.537725450901807,9.317113001832284e-10
human,lognorm,14.577705410821647,9.053950977372487e-10
human,lognorm,14.617685370741485,8.798746027060599e-10
human,lognorm,14.657665330661326,8.551241548874457e-10
human,lognorm,14.697645290581166,8.311189736545791e-10
human,lognorm,14.737625250501004,8.078351260076925e-10
human,lognorm,14.777605210420845,7.852494958519491e-10
human,lognorm,14.817585170340685,7.633397544519037e-10
human,lognorm,14.857565130260523,7.420843320150115e-10
human,lognorm,14.897545090180364,7.214623903587703e-10
human,lognorm,14.937525050100204,7.014537966179611e-10
human,lognorm,14.977505010020042,6.820390979502068e-10
human,lognorm,15.017484969939883,6.631994971999663e-10
human,lognorm,15.057464929859723,6.449168294826752e-10
human,lognorm,15.097444889779561,6.271735396523616e-10
human,lognorm,15.137424849699402,6.099526606176261e-10
human,lognorm,15.177404809619242,5.932377924723109e-10
human,lognorm,15.21738476953908,5.77013082408625e-10
human,lognorm,15.25736472945892,5.612632053817793e-10
human,lognorm,15.297344689378761,5.459733454965621e-10
human,lognorm,15.3373246492986,5.311291780873821e-10
human,lognorm,15.37730460921844,5.167168524646066e-10
human,lognorm,15.41728456913828,5.027229753010685e-10
human,lognorm,15.457264529058119,4.891345946337344e-10
human,lognorm,15.497244488977959,4.759391844564982e-10
human,lognorm,15.537224448897799,4.6312462988112954e-10
human,lognorm,15.577204408817638,4.506792128442843e-10
human,lognorm,15.617184368737478,4.3859159833937803e-10
human,lognorm,15.657164328657318,4.2685082115307107e-10
human,lognorm,15.697144288577157,4.154462730868435e-10
human,lognorm,15.737124248496997,4.0436769064495703e-10
human,lognorm,15.777104208416837,3.9360514317092554e-10
human,lognorm,15.817084168336676,3.831490214151965e-10
human,lognorm,15.857064128256516,3.729900265176348e-10
human,lognorm,15.897044088176356,3.6311915938884413e-10
human,lognorm,15.937024048096195,3.5352771047520735e-10
human,lognorm,15.977004008016035,3.442072498929846e-10
human,lognorm,16.016983967935875,3.351496179174655e-10
human,lognorm,16.056963927855712,3.263469158137185e-10
human,lognorm,16.096943887775552,3.177914969960028e-10
human,lognorm,16.136923847695392,3.0947595850344984e-10
human,lognorm,16.176903807615233,3.0139313278008193e-10
human,lognorm,16.216883767535073,2.935360797477155e-10
human,lognorm,16.25686372745491,2.8589807916077604e-10
human,lognorm,16.29684368737475,2.784726232324514e-10
human,lognorm,16.33682364729459,2.712534095220504e-10
human,lognorm,16.37680360721443,2.64234334073796e-10
human,lognorm,16.41678356713427,2.574094847977203e-10
human,lognorm,16.45676352705411,2.5077313508364906e-10
human,lognorm,16.496743486973948,2.4431973763962706e-10
human,lognorm,16.536723446893788,2.380439185464769e-10
human,lognorm,16.57670340681363,2.3194047152052426e-10
human,lognorm,16.61668336673347,2.260043523767789e-10
human,lognorm,16.65666332665331,2.202306736852261e-10
human,lognorm,16.69664328657315,2.1461469961312408e-10
human,lognorm,16.736623246492986,2.0915184094646812e-10
human,lognorm,16.776603206412826,2.0383765028411185e-10
human,lognorm,16.816583166332666,1.9866781739819203e-10
human,lognorm,16.856563126252507,1.9363816475482481e-10
human,lognorm,16.896543086172347,1.8874464318923244e-10
human,lognorm,16.936523046092187,1.8398332772969418e-10
human,lognorm,16.976503006012024,1.7935041356493446e-10
human,lognorm,17.016482965931864,1.7484221214974497e-10
human,lognorm,17.056462925851704,1.7045514744386659e-10
human,lognorm,17.096442885771545,1.6618575227932147e-10
human,lognorm,17.136422845691385,1.6203066485157658e-10
human,lognorm,17.176402805611225,1.5798662533008815e-10
human,lognorm,17.216382765531062,1.5405047258396357e-10
human,lognorm,17.256362725450902,1.5021914101860667e-10
human,lognorm,17.296342685370742,1.464896575194029e-10
human,lognorm,17.336322645290583,1.4285913849860614e-10
human,lognorm,17.376302605210423,1.3932478704179084e-10
human,lognorm,17.416282565130263,1.3588389015030235e-10
human,lognorm,17.4562625250501,1.3253381607632208e-10
human,lognorm,17.49624248496994,1.2927201174727519e-10
human,lognorm,17.53622244488978,1.2609600027640765e-10
human,lognorm,17.57620240480962,1.2300337855652728e-10
human,lognorm,17.61618236472946,1.199918149339479e-10
human,lognorm,17.6561623246493,1.1705904695985476e-10
human,lognorm,17.696142284569138,1.1420287921635672e-10
human,lognorm,17.73612224448898,1.1142118121461897e-10
human,lognorm,17.77610220440882,1.0871188536256757e-10
human,lognorm,17.81608216432866,1.0607298499972468e-10
human,lognorm,17.8560621242485,1.0350253249686048e-10
human,lognorm,17.89604208416834,1.0099863741819198e-10
human,lognorm,17.936022044088176,9.85594647439767e-11
human,lognorm,17.976002004008016,9.618323315139566e-11
human,lognorm,18.015981963927857,9.386821335173147e-11
human,lognorm,18.055961923847697,9.161272648188702e-11
human,lognorm,18.095941883767537,8.941514254837847e-11
human,lognorm,18.135921843687377,8.727387892200245e-11
human,lognorm,18.175901803607218,8.518739888144122e-11
human,lognorm,18.215881763527054,8.315421020412525e-11
human,lognorm,18.255861723446895,8.117286380274463e-11
human,lognorm,18.295841683366735,7.924195240584958e-11
human,lognorm,18.335821643286575,7.736010928104145e-11
human,lognorm,18.375801603206416,7.552600699930279e-11
human,lognorm,18.415781563126256,7.373835623907404e-11
human,lognorm,18.455761523046093,7.199590462873794e-11
human,lognorm,18.495741482965933,7.02974356261928e-11
human,lognorm,18.535721442885773,6.864176743429059e-11
human,lognorm,18.575701402805613,6.702775195090765e-11
human,lognorm,18.615681362725454,6.545427375250185e-11
human,lognorm,18.655661322645294,6.392024911001786e-11
human,lognorm,18.69564128256513,6.242462503606677e-11
human,lognorm,18.73562124248497,6.096637836232972e-11
human,lognorm,18.77560120240481,5.954451484617553e-11
human,lognorm,18.81558116232465,5.815806830552506e-11
human,lognorm,18.85556112224449,5.68060997810094e-11
human,lognorm,18.895541082164332,5.548769672453058e-11
human,lognorm,18.93552104208417,5.4201972213339604e-11
human,lognorm,18.97550100200401,5.294806418878741e-11
human,lognorm,19.01548096192385,5.17251347189399e-11
human,lognorm,19.05546092184369,5.0532369284263276e-11
human,lognorm,19.09544088176353,4.936897608562152e-11
human,lognorm,19.13542084168337,4.823418537385483e-11
human,lognorm,19.175400801603207,4.712724880022809e-11
human,lognorm,19.215380761523047,4.6047438787067173e-11
human,lognorm,19.255360721442887,4.4994047917923135e-11
human,lognorm,19.295340681362728,4.396638834662209e-11
human,lognorm,19.335320641282568,4.296379122459358e-11
human,lognorm,19.375300601202408,4.198560614587482e-11
human,lognorm,19.415280561122245,4.103120060921961e-11
human,lognorm,19.455260521042085,4.009995949675805e-11
human,lognorm,19.495240480961925,3.919128456867088e-11
human,lognorm,19.535220440881766,3.830459397335668e-11
human,lognorm,19.575200400801606,3.7439321772599944e-11
human,lognorm,19.615180360721446,3.659491748124766e-11
human,lognorm,19.655160320641283,3.577084562093616e-11
human,lognorm,19.695140280561123,3.496658528741031e-11
human,lognorm,19.735120240480963,3.418162973100361e-11
human,lognorm,19.775100200400804,3.3415485949855986e-11
human,lognorm,19.815080160320644,3.2667674295462824e-11
human,lognorm,19.855060120240484,3.19377280901625e-11
human,lognorm,19.89504008016032,3.1225193256180765e-11
human,lognorm,19.93502004008016,3.05296279558656e-11
human,lognorm,19.975,2.9850602242757855e-11
human,fisk,0.025,0.07898305163985847
human,fisk,0.06497995991983968,0.43317580786576004
human,fisk,0.10495991983967937,0.9710103506352126
human,fisk,0.14493987975951905,1.558717844728289
human,fisk,0.18491983967935874,2.0475739144399774
human,fisk,0.22489979959919842,2.332146052379874
human,fisk,0.26487975951903814,2.3885046587946372
human,fisk,0.3048597194388778,2.2620920173630705
human,fisk,0.3448396793587175,2.0264416949131014
human,fisk,0.3848196392785572,1.7480893461834024
human,fisk,0.4247995991983969,1.4719402195753237
human,fisk,0.46477955911823654,1.2218288169192602
human,fisk,0.5047595190380763,1.0068306161552043
human,fisk,0.544739478957916,0.8275809732644247
human,fisk,0.5847194388777556,0.6807179767866085
human,fisk,0.6246993987975953,0.5614822293675563
human,fisk,0.664679358717435,0.465039468884302
human,fisk,0.7046593186372747,0.38705351654564213
human,fisk,0.7446392785571144,0.32386625463100605
human,fisk,0.784619238476954,0.2724927751143942
human,fisk,0.8245991983967937,0.23054221757987883
human,fisk,0.8645791583166335,0.19611841969594745
human,fisk,0.9045591182364731,0.16772441728832232
human,fisk,0.9445390781563128,0.14417976737378874
human,fisk,0.9845190380761525,0.12455262252687116
human,fisk,1.0244989979959922,0.10810550657345801
human,fisk,1.0644789579158318,0.09425272379719189
human,fisk,1.1044589178356714,0.08252720040692732
human,fisk,1.144438877755511,0.07255477903100999
human,fisk,1.1844188376753508,0.06403431647856767
human,fisk,1.2243987975951904,0.05672226377147032
human,fisk,1.2643787575150303,0.05042069456112909
human,fisk,1.3043587174348699,0.044967983330779455
human,fisk,1.3443386773547095,0.040231521017858374
human,fisk,1.3843186372745493,0.03610200016783405
human,fisk,1.424298597194389,0.032488912508277304
human,fisk,1.4642785571142287,0.02931698621628204
human,fisk,1.5042585170340683,0.026523354226815975
human,fisk,1.544238476953908,0.02405529353668811
human,fisk,1.5842184368737477,0.021868412354853595
human,fisk,1.6241983967935874,0.01992519000382608
human,fisk,1.664178356713427,0.018193795860477993
human,fisk,1.7041583166332668,0.016647129972457552
human,fisk,1.7441382765531064,0.015262040526849166
human,fisk,1.784118236472946,0.014018683002310371
human,fisk,1.8240981963927858,0.012899993297084255
human,fisk,1.8640781563126254,0.01189125291387512
human,fisk,1.9040581162324652,0.010979728791332206
human,fisk,1.9440380761523048,0.010154373897761916
human,fisk,1.9840180360721444,0.009405577470899115
human,fisk,2.0239979959919845,0.00872495596949524
human,fisk,2.063977955911824,0.008105177528995353
human,fisk,2.1039579158316637,0.0075398140849766435
human,fisk,2.143937875751503,0.007023216421457853
human,fisk,2.183917835671343,0.006550408276226722
human,fisk,2.2238977955911827,0.006116996338131664
human,fisk,2.263877755511022,0.005719093537746084
human,fisk,2.303857715430862,0.005353253490969286
human,fisk,2.3438376753507018,0.00501641432693661
human,fisk,2.3838176352705416,0.004705850434342639
human,fisk,2.423797595190381,0.004419130907561449
human,fisk,2.463777555110221,0.004154083676567531
human,fisk,2.5037575150300606,0.003908764471193643
human,fisk,2.5437374749499,0.0036814299075424366
human,fisk,2.58371743486974,0.003470514097864164
human,fisk,2.6236973947895796,0.003274608279309249
human,fisk,2.663677354709419,0.0030924430351929426
human,fisk,2.703657314629259,0.002922872747620177
human,fisk,2.7436372745490987,0.002764861974820598
human,fisk,2.783617234468938,0.0026174734922111797
human,fisk,2.823597194388778,0.0024798577745642914
human,fisk,2.8635771543086177,0.002351243728959379
human,fisk,2.9035571142284575,0.0022309305154585763
human,fisk,2.943537074148297,0.0021182803155090414
human,fisk,2.9835170340681367,0.002012711927628615
human,fisk,3.0234969939879766,0.0019136950865466255
human,fisk,3.063476953907816,0.001820745416119903
human,fisk,3.1034569138276558,0.0017334199384169827
human,fisk,3.1434368737474956,0.0016513130716863406
human,fisk,3.183416833667335,0.0015740530587683966
human,fisk,3.223396793587175,0.0015012987751028223
human,fisk,3.2633767535070146,0.0014327368720117425
human,fisk,3.303356713426854,0.0013680792165649417
human,fisk,3.343336673346694,0.0013070605941891576
human,fisk,3.3833166332665336,0.001249436644382296
human,fisk,3.423296593186373,0.0011949820035304952
human,fisk,3.463276553106213,0.0011434886319815819
human,fisk,3.5032565130260527,0.0010947643052710166
human,fisk,3.543236472945892,0.0010486312517837624
human,fisk,3.583216432865732,0.001004924921216884
human,fisk,3.6231963927855717,0.0009634928700252331
human,fisk,3.6631763527054115,0.0009241937516219517
human,fisk,3.703156312625251,0.000886896400497611
human,fisk,3.7431362725450907,0.0008514790006427097
human,fisk,3.7831162324649306,0.0008178283297306596
human,fisk,3.82309619238477,0.0007858390714615359
human,fisk,3.8630761523046098,0.0007554131892976069
human,fisk,3.9030561122244496,0.0007264593555542546
human,fisk,3.943036072144289,0.0006988924304567922
human,fisk,3.983016032064129,0.0006726329863457292
human,fisk,4.022995991983969,0.0006476068727193906
human,fisk,4.062975951903809,0.0006237448182516585
human,fisk,4.102955911823648,0.0006009820663209327
human,fisk,4.142935871743488,0.0005792580409403112
human,fisk,4.182915831663328,0.0005585160402938159
human,fisk,4.222895791583167,0.0005387029553638263
human,fisk,4.262875751503007,0.0005197690113848187
human,fisk,4.302855711422847,0.0005016675300815908
human,fisk,4.342835671342686,0.0004843547108494416
human,fisk,4.382815631262526,0.0004677894292120255
human,fisk,4.422795591182366,0.00045193305105221493
human,fisk,4.462775551102205,0.00043674926125431506
human,fisk,4.502755511022045,0.0004222039055243079
human,fisk,4.542735470941885,0.0004082648442700336
human,fisk,4.582715430861724,0.00039490181752678744
human,fisk,4.622695390781565,0.0003820863200070009
human,fisk,4.662675350701404,0.0003697914854366146
human,fisk,4.702655310621243,0.00035799197941636636
human,fisk,4.742635270541084,0.00034666390011449855
human,fisk,4.782615230460923,0.00033578468615898965
human,fisk,4.8225951903807625,0.00032533303115311825
human,fisk,4.862575150300603,0.0003152888042885522
human,fisk,4.902555110220442,0.00030563297657575263
human,fisk,4.9425350701402815,0.000296347552252808
human,fisk,4.982515030060122,0.00028741550497129076
human,fisk,5.022494989979961,0.00027882071839171904
human,fisk,5.0624749498998005,0.00027054793085210373
human,fisk,5.102454909819641,0.0002625826838011196
human,fisk,5.14243486973948,0.00025491127371298205
human,fisk,5.1824148296593195,0.0002475207072243453
human,fisk,5.22239478957916,0.0002403986592547146
human,fisk,5.262374749498999,0.00023353343389117138
human,fisk,5.302354709418839,0.00022691392783580837
human,fisk,5.342334669338679,0.00022052959623035856
human,fisk,5.382314629258518,0.00021437042068718062
human,fisk,5.422294589178358,0.00020842687936918974
human,fisk,5.462274549098198,0.0002026899189736087
human,fisk,5.502254509018037,0.00019715092848564982
human,fisk,5.542234468937877,0.00019180171457854257
human,fisk,5.582214428857717,0.00018663447854575687
human,fisk,5.622194388777556,0.00018164179465993314
human,fisk,5.662174348697396,0.00017681658986097015
human,fisk,5.702154308617236,0.00017215212468302328
human,fisk,5.742134268537075,0.00016764197533686818
human,fisk,5.782114228456916,0.00016328001687024632
human,fisk,5.822094188376755,0.0001590604073344847
human,fisk,5.862074148296594,0.00015497757289089717
human,fisk,5.902054108216435,0.00015102619379528425
human,fisk,5.942034068136274,0.00014720119120328144
human,fisk,5.982014028056113,0.00014349771474338562
human,fisk,6.021993987975954,0.00013991113080826347
human,fisk,6.061973947895793,0.00013643701151842312
human,fisk,6.101953907815632,0.00013307112431554038
human,fisk,6.141933867735473,0.00012980942214570532
human,fisk,6.181913827655312,0.0001266480341955972
human,fisk,6.221893787575151,0.000123583257147133
human,fisk,6.261873747494992,0.00012061154691849091
human,fisk,6.301853707414831,0.0001177295108615789
human,fisk,6.3418336673346705,0.00011493390038804096
human,fisk,6.381813627254511,0.00011222160399775766
human,fisk,6.42179358717435,0.00010958964068553392
human,fisk,6.4617735470941895,0.00010703515370327012
human,fisk,6.50175350701403,0.00010455540465641064
human,fisk,6.541733466933869,0.00010214776791484424
human,fisk,6.5817134268537085,9.980972531972071e-05
human,fisk,6.621693386773549,9.75388611688457e-05
human,fisk,6.661673346693388,9.533285746442608e-05
human,fisk,6.701653306613228,9.318948940797411e-05
human,fisk,6.741633266533068,9.110662112814362e-05
human,fisk,6.781613226452907,8.908220162816741e-05
human,fisk,6.821593186372747,8.711426094039916e-05
human,fisk,6.861573146292587,8.52009064762462e-05
human,fisk,6.901553106212426,8.334031956050067e-05
human,fisk,6.941533066132266,8.15307521397575e-05
human,fisk,6.981513026052106,7.977052365523715e-05
human,fisk,7.021492985971945,7.805801807092333e-05
human,fisk,7.061472945891785,7.639168104847316e-05
human,fisk,7.101452905811625,7.477001726087604e-05
human,fisk,7.141432865731464,7.319158783731474e-05
human,fisk,7.181412825651305,7.165500793213339e-05
human,fisk,7.221392785571144,7.015894441123879e-05
human,fisk,7.261372745490983,6.870211364965109e-05
human,fisk,7.301352705410824,6.72832794342928e-05
human,fisk,7.341332665330663,6.590125096644613e-05
human,fisk,7.381312625250502,6.455488095863355e-05
human,fisk,7.421292585170343,6.324306382097787e-05
human,fisk,7.461272545090182,6.196473393238346e-05
human,fisk,7.501252505010021,6.071886399214371e-05
human,fisk,7.541232464929862,5.9504463447832016e-05
human,fisk,7.581212424849701,5.8320576995564735e-05
human,fisk,7.62119238476954,5.7166283148946816e-05
human,fisk,7.661172344689381,5.604069287321586e-05
human,fisk,7.70115230460922,5.494294828129365e-05
human,fisk,7.7411322645290594,5.387222138863736e-05
human,fisk,7.7811122244489,5.2827712923952967e-05
human,fisk,7.821092184368739,5.180865119299465e-05
human,fisk,7.8610721442885785,5.08142909928245e-05
human,fisk,7.901052104208419,4.984391257405073e-05
human,fisk,7.941032064128258,4.889682064869441e-05
human,fisk,7.9810120240480975,4.7972343441462844e-05
human,fisk,8.020991983967937,4.706983178232469e-05
human,fisk,8.060971943887777,4.618865823839544e-05
human,fisk,8.100951903807617,4.532821628324582e-05
human,fisk,8.140931863727456,4.4487919501845605e-05
human,fisk,8.180911823647296,4.366720082944902e-05
human,fisk,8.220891783567136,4.28655118228162e-05
human,fisk,8.260871743486975,4.208232196224825e-05
human,fisk,8.300851703406815,4.131711798299171e-05
human,fisk,8.340831663326655,4.05694032346441e-05
human,fisk,8.380811623246494,3.983869706725946e-05
human,fisk,8.420791583166334,3.9124534242921535e-05
human,fisk,8.460771543086175,3.84264643716136e-05
human,fisk,8.500751503006013,3.7744051370272636e-05
human,fisk,8.540731462925853,3.707687294397214e-05
human,fisk,8.580711422845694,3.642452008823026e-05
human,fisk,8.620691382765532,3.578659661148981e-05
human,fisk,8.660671342685372,3.516271867686368e-05
human,fisk,8.700651302605213,3.455251436228492e-05
human,fisk,8.740631262525051,3.395562323824102e-05
human,fisk,8.780611222444891,3.3371695962314135e-05
human,fisk,8.820591182364732,3.2800393889785356e-05
human,fisk,8.86057114228457,3.2241388699597525e-05
human,fisk,8.90055110220441,3.1694362035005184e-05
human,fisk,8.94053106212425,3.115900515827241e-05
human,fisk,8.98051102204409,3.063501861880953e-05
human,fisk,9.02049098196393,3.0122111934168877e-05
human,fisk,9.06047094188377,2.962000328334754e-05
human,fisk,9.10045090180361,2.9128419211870288e-05
human,fisk,9.140430861723448,2.8647094348151354e-05
human,fisk,9.180410821643289,2.8175771130656424e-05
human,fisk,9.220390781563129,2.771419954540962e-05
human,fisk,9.260370741482967,2.726213687340972e-05
human,fisk,9.300350701402808,2.6819347447541277e-05
human,fisk,9.340330661322648,2.6385602418585176e-05
human,fisk,9.380310621242486,2.596067952995019e-05
human,fisk,9.420290581162327,2.5544362900765907e-05
human,fisk,9.460270541082167,2.5136442816992304e-05
human,fisk,9.500250501002006,2.4736715530217937e-05
human,fisk,9.540230460921846,2.434498306383231e-05
human,fisk,9.580210420841686,2.3961053026273422e-05
human,fisk,9.620190380761525,2.3584738431063637e-05
human,fisk,9.660170340681365,2.3215857523360223e-05
human,fisk,9.700150300601205,2.285423361275939e-05
human,fisk,9.740130260521044,2.249969491210347e-05
human,fisk,9.780110220440884,2.2152074382052198e-05
human,fisk,9.820090180360724,2.1811209581189885e-05
human,fisk,9.860070140280563,2.1476942521449304e-05
human,fisk,9.900050100200403,2.114911952864335e-05
human,fisk,9.940030060120243,2.082759110790457e-05
human,fisk,9.980010020040082,2.051221181384065e-05
human,fisk,10.019989979959922,2.020284012522256e-05
human,fisk,10.059969939879762,1.9899338324030338e-05
human,fisk,10.0999498997996,1.960157237868777e-05
human,fisk,10.139929859719441,1.930941183132545e-05
human,fisk,10.179909819639281,1.902272968891818e-05
human,fisk,10.21988977955912,1.8741402318148572e-05
human,fisk,10.25986973947896,1.8465309343855792e-05
human,fisk,10.2998496993988,1.8194333550933658e-05
human,fisk,10.339829659318639,1.7928360789548216e-05
human,fisk,10.379809619238479,1.7667279883549952e-05
human,fisk,10.41978957915832,1.741098254196162e-05
human,fisk,10.459769539078158,1.7159363273426754e-05
human,fisk,10.499749498997998,1.691231930350908e-05
human,fisk,10.539729458917838,1.666975049473761e-05
human,fisk,10.579709418837677,1.643155926929608e-05
human,fisk,10.619689378757517,1.619765053425975e-05
human,fisk,10.659669338677357,1.5967931609286647e-05
human,fisk,10.699649298597196,1.57423121566736e-05
human,fisk,10.739629258517036,1.5520704113691262e-05
human,fisk,10.779609218436876,1.5303021627116102e-05
human,fisk,10.819589178356715,1.5089180989879785e-05
human,fisk,10.859569138276555,1.4879100579760088e-05
human,fisk,10.899549098196395,1.4672700800040641e-05
human,fisk,10.939529058116234,1.44699040220689e-05
human,fisk,10.979509018036074,1.4270634529645272e-05
human,fisk,11.019488977955914,1.407481846517859e-05
human,fisk,11.059468937875753,1.3882383777545632e-05
human,fisk,11.099448897795593,1.3693260171594749e-05
human,fisk,11.139428857715433,1.3507379059236353e-05
human,fisk,11.179408817635272,1.3324673512064674e-05
human,fisk,11.219388777555112,1.3145078215457696e-05
human,fisk,11.259368737474952,1.2968529424104093e-05
human,fisk,11.299348697394791,1.2794964918907947e-05
human,fisk,11.339328657314631,1.2624323965223801e-05
human,fisk,11.379308617234472,1.2456547272376667e-05
human,fisk,11.41928857715431,1.2291576954422864e-05
human,fisk,11.45926853707415,1.2129356492109643e-05
human,fisk,11.49924849699399,1.1969830695993014e-05
human,fisk,11.53922845691383,1.1812945670674421e-05
human,fisk,11.57920841683367,1.1658648780118801e-05
human,fisk,11.61918837675351,1.1506888614017662e-05
human,fisk,11.65916833667335,1.1357614955162232e-05
human,fisk,11.699148296593188,1.1210778747793045e-05
human,fisk,11.739128256513029,1.1066332066893455e-05
human,fisk,11.779108216432869,1.092422808839602e-05
human,fisk,11.819088176352707,1.0784421060271406e-05
human,fisk,11.859068136272548,1.0646866274470913e-05
human,fisk,11.899048096192388,1.0511520039694733e-05
human,fisk,11.939028056112226,1.0378339654958792e-05
human,fisk,11.979008016032067,1.024728338393431e-05
human,fisk,12.018987975951907,1.0118310430034963e-05
human,fisk,12.058967935871745,9.99138091222749e-06
human,fisk,12.098947895791586,9.866455841542407e-06
human,fisk,12.138927855711426,9.743497098262362e-06
human,fisk,12.178907815631264,9.622467409766423e-06
human,fisk,12.218887775551105,9.503330329009306e-06
human,fisk,12.258867735470945,9.386050213615497e-06
human,fisk,12.298847695390783,9.270592205568627e-06
human,fisk,12.338827655310624,9.156922211477256e-06
human,fisk,12.378807615230464,9.045006883399143e-06
human,fisk,12.418787575150303,8.934813600206159e-06
human,fisk,12.458767535070143,8.826310449473122e-06
human,fisk,12.498747494989983,8.719466209874167e-06
human,fisk,12.538727454909822,8.614250334070782e-06
human,fisk,12.578707414829662,8.510632932076353e-06
human,fisk,12.618687374749502,8.40858475508251e-06
human,fisk,12.65866733466934,8.3080771797329e-06
human,fisk,12.69864729458918,8.209082192830803e-06
human,fisk,12.738627254509021,8.111572376467246e-06
human,fisk,12.77860721442886,8.015520893556762e-06
human,fisk,12.8185871743487,7.920901473768353e-06
human,fisk,12.85856713426854,7.827688399839845e-06
human,fisk,12.898547094188379,7.735856494263777e-06
human,fisk,12.938527054108219,7.645381106333856e-06
human,fisk,12.97850701402806,7.556238099540989e-06
human,fisk,13.018486973947898,7.468403839308517e-06
human,fisk,13.058466933867738,7.381855181056417e-06
human,fisk,13.098446893787578,7.296569458584801e-06
human,fisk,13.138426853707417,7.212524472767109e-06
human,fisk,13.178406813627257,7.12969848054387e-06
human,fisk,13.218386773547097,7.0480701842082445e-06
human,fisk,13.258366733466936,6.9676187209745946e-06
human,fisk,13.298346693386776,6.888323652821951e-06
human,fisk,13.338326653306616,6.810164956604188e-06
human,fisk,13.378306613226455,6.733123014419266e-06
human,fisk,13.418286573146295,6.657178604229869e-06
human,fisk,13.458266533066135,6.582312890728299e-06
human,fisk,13.498246492985974,6.508507416438423e-06
human,fisk,13.538226452905814,6.435744093047927e-06
human,fisk,13.578206412825654,6.364005192964262e-06
human,fisk,13.618186372745493,6.293273341087823e-06
human,fisk,13.658166332665333,6.223531506796169e-06
human,fisk,13.698146292585173,6.154762996133326e-06
human,fisk,13.738126252505012,6.086951444198284e-06
human,fisk,13.778106212424852,6.020080807727044e-06
human,fisk,13.818086172344692,5.9541353578628425e-06
human,fisk,13.85806613226453,5.889099673109106e-06
human,fisk,13.898046092184371,5.8249586324601405e-06
human,fisk,13.938026052104211,5.761697408704515e-06
human,fisk,13.97800601202405,5.699301461896324e-06
human,fisk,14.01798597194389,5.6377565329896436e-06
human,fisk,14.05796593186373,5.577048637631707e-06
human,fisk,14.097945891783569,5.517164060110324e-06
human,fisk,14.13792585170341,5.458089347451358e-06
human,fisk,14.17790581162325,5.3998113036620846e-06
human,fisk,14.21788577154309,5.342316984116455e-06
human,fisk,14.257865731462928,5.2855936900783646e-06
human,fisk,14.297845691382769,5.2296289633591555e-06
human,fisk,14.337825651302609,5.17441058110574e-06
human,fisk,14.377805611222447,5.119926550715723e-06
human,fisk,14.417785571142288,5.066165104876155e-06
human,fisk,14.457765531062128,5.013114696722562e-06
human,fisk,14.497745490981966,4.9607639951149855e-06
human,fisk,14.537725450901807,4.909101880027911e-06
human,fisk,14.577705410821647,4.8581174380510685e-06
human,fisk,14.617685370741485,4.807799957998064e-06
human,fisk,14.657665330661326,4.7581389266200605e-06
human,fisk,14.697645290581166,4.709124024421646e-06
human,fisk,14.737625250501004,4.660745121576241e-06
human,fisk,14.777605210420845,4.6129922739383625e-06
human,fisk,14.817585170340685,4.565855719150236e-06
human,fisk,14.857565130260523,4.519325872840262e-06
human,fisk,14.897545090180364,4.4733933249109096e-06
human,fisk,14.937525050100204,4.428048835913736e-06
human,fisk,14.977505010020042,4.383283333509248e-06
human,fisk,15.017484969939883,4.33908790900937e-06
human,fisk,15.057464929859723,4.295453814000438e-06
human,fisk,15.097444889779561,4.2523724570445705e-06
human,fisk,15.137424849699402,4.209835400457455e-06
human,fisk,15.177404809619242,4.1678343571605375e-06
human,fisk,15.21738476953908,4.126361187605742e-06
human,fisk,15.25736472945892,4.085407896770817e-06
human,fisk,15.297344689378761,4.0449666312235955e-06
human,fisk,15.3373246492986,4.005029676253291e-06
human,fisk,15.37730460921844,3.9655894530672395e-06
human,fisk,15.41728456913828,3.926638516051368e-06
human,fisk,15.457264529058119,3.8881695500927935e-06
human,fisk,15.497244488977959,3.8501753679629885e-06
human,fisk,15.537224448897799,3.8126489077600115e-06
human,fisk,15.577204408817638,3.7755832304082845e-06
human,fisk,15.617184368737478,3.738971517214489e-06
human,fisk,15.657164328657318,3.702807067478224e-06
human,fisk,15.697144288577157,3.6670832961560044e-06
human,fisk,15.737124248496997,3.6317937315772965e-06
human,fisk,15.777104208416837,3.5969320132113315e-06
human,fisk,15.817084168336676,3.562491889483402e-06
human,fisk,15.857064128256516,3.52846721563945e-06
human,fisk,15.897044088176356,3.494851951657749e-06
human,fisk,15.937024048096195,3.4616401602065274e-06
human,fisk,15.977004008016035,3.4288260046464157e-06
human,fisk,16.016983967935875,3.396403747076621e-06
human,fisk,16.056963927855712,3.3643677464237676e-06
human,fisk,16.096943887775552,3.332712456572356e-06
human,fisk,16.136923847695392,3.3014324245358667e-06
human,fisk,16.176903807615233,3.2705222886674796e-06
human,fisk,16.216883767535073,3.239976776909505e-06
human,fisk,16.25686372745491,3.2097907050805535e-06
human,fisk,16.29684368737475,3.1799589751995546e-06
human,fisk,16.33682364729459,3.1504765738457884e-06
human,fisk,16.37680360721443,3.1213385705539833e-06
human,fisk,16.41678356713427,3.092540116243718e-06
human,fisk,16.45676352705411,3.064076441682281e-06
human,fisk,16.496743486973948,3.0359428559802227e-06
human,fisk,16.536723446893788,3.0081347451187733e-06
human,fisk,16.57670340681363,2.980647570508452e-06
human,fisk,16.61668336673347,2.953476867578071e-06
human,fisk,16.65666332665331,2.9266182443934444e-06
human,fisk,16.69664328657315,2.900067380305126e-06
human,fisk,16.736623246492986,2.8738200246244637e-06
human,fisk,16.776603206412826,2.847871995327323e-06
human,fisk,16.816583166332666,2.8222191777848746e-06
human,fisk,16.856563126252507,2.7968575235207504e-06
human,fisk,16.896543086172347,2.771783048994018e-06
human,fisk,16.936523046092187,2.7469918344073444e-06
human,fisk,16.976503006012024,2.722480022539786e-06
human,fisk,17.016482965931864,2.6982438176036256e-06
human,fisk,17.056462925851704,2.6742794841247346e-06
human,fisk,17.096442885771545,2.6505833458458735e-06
human,fisk,17.136422845691385,2.6271517846524636e-06
human,fisk,17.176402805611225,2.6039812395202775e-06
human,fisk,17.216382765531062,2.581068205484573e-06
human,fisk,17.256362725450902,2.5584092326301645e-06
human,fisk,17.296342685370742,2.536000925102003e-06
human,fisk,17.336322645290583,2.5138399401357366e-06
human,fisk,17.376302605210423,2.491922987107866e-06
human,fisk,17.416282565130263,2.47024682660501e-06
human,fisk,17.4562625250501,2.4488082695118844e-06
human,fisk,17.49624248496994,2.4276041761175506e-06
human,fisk,17.53622244488978,2.4066314552395556e-06
human,fisk,17.57620240480962,2.385887063365533e-06
human,fisk,17.61618236472946,2.365368003811911e-06
human,fisk,17.6561623246493,2.3450713258993197e-06
human,fisk,17.696142284569138,2.3249941241443514e-06
human,fisk,17.73612224448898,2.3051335374672934e-06
human,fisk,17.77610220440882,2.285486748415517e-06
human,fisk,17.81608216432866,2.2660509824021247e-06
human,fisk,17.8560621242485,2.246823506959578e-06
human,fisk,17.89604208416834,2.2278016310079403e-06
human,fisk,17.936022044088176,2.2089827041374407e-06
human,fisk,17.976002004008016,2.190364115905022e-06
human,fisk,18.015981963927857,2.171943295144605e-06
human,fisk,18.055961923847697,2.153717709290734e-06
human,fisk,18.095941883767537,2.135684863715345e-06
human,fisk,18.135921843687377,2.117842301077354e-06
human,fisk,18.175901803607218,2.1001876006848013e-06
human,fisk,18.215881763527054,2.082718377869284e-06
human,fisk,18.255861723446895,2.0654322833723905e-06
human,fisk,18.295841683366735,2.048327002743925e-06
human,fisk,18.335821643286575,2.0314002557516248e-06
human,fisk,18.375801603206416,2.014649795802156e-06
human,fisk,18.415781563126256,1.998073409373128e-06
human,fisk,18.455761523046093,1.981668915455922e-06
human,fisk,18.495741482965933,1.9654341650090616e-06
human,fisk,18.535721442885773,1.949367040421959e-06
human,fisk,18.575701402805613,1.9334654549887636e-06
human,fisk,18.615681362725454,1.9177273523921326e-06
human,fisk,18.655661322645294,1.9021507061967197e-06
human,fisk,18.69564128256513,1.8867335193521506e-06
human,fisk,18.73562124248497,1.87147382370532e-06
human,fisk,18.77560120240481,1.856369679521792e-06
human,fisk,18.81558116232465,1.84141917501613e-06
human,fisk,18.85556112224449,1.826620425890959e-06
human,fisk,18.895541082164332,1.8119715748845931e-06
human,fisk,18.93552104208417,1.7974707913270375e-06
human,fisk,18.97550100200401,1.783116270704199e-06
human,fisk,19.01548096192385,1.7689062342301478e-06
human,fisk,19.05546092184369,1.7548389284272427e-06
human,fisk,19.09544088176353,1.7409126247139698e-06
human,fisk,19.13542084168337,1.7271256190003524e-06
human,fisk,19.175400801603207,1.713476231290745e-06
human,fisk,19.215380761523047,1.6999628052938888e-06
human,fisk,19.255360721442887,1.6865837080400774e-06
human,fisk,19.295340681362728,1.6733373295052724e-06
human,fisk,19.335320641282568,1.6602220822420459e-06
human,fisk,19.375300601202408,1.647236401017207e-06
human,fisk,19.415280561122245,1.6343787424559713e-06
human,fisk,19.455260521042085,1.6216475846925533e-06
human,fisk,19.495240480961925,1.6090414270270428e-06
human,fisk,19.535220440881766,1.5965587895884492e-06
human,fisk,19.575200400801606,1.5841982130037778e-06
human,fisk,19.615180360721446,1.5719582580730288e-06
human,fisk,19.655160320641283,1.5598375054500067e-06
human,fisk,19.695140280561123,1.5478345553287927e-06
human,fisk,19.735120240480963,1.5359480271358232e-06
human,fisk,19.775100200400804,1.524176559227406e-06
human,fisk,19.815080160320644,1.5125188085926011e-06
human,fisk,19.855060120240484,1.5009734505613575e-06
human,fisk,19.89504008016032,1.4895391785177914e-06
human,fisk,19.93502004008016,1.478214703618506e-06
human,fisk,19.975,1.4669987545158774e-06
human,fatiguelife,0.025,5.467058829958053e-05
human,fatiguelife,0.06497995991983968,0.22225886115300114
human,fatiguelife,0.10495991983967937,1.0685346092505905
human,fatiguelife,0.14493987975951905,1.785718489805705
human,fatiguelife,0.18491983967935874,2.1261011888790082
human,fatiguelife,0.22489979959919842,2.1910309441521116
human,fatiguelife,0.26487975951903814,2.1012568672639445
human,fatiguelife,0.3048597194388778,1.9369740582007648
human,fatiguelife,0.3448396793587175,1.7444055279903294
human,fatiguelife,0.3848196392785572,1.5485208152268153
human,fatiguelife,0.4247995991983969,1.3620309656753258
human,fatiguelife,0.46477955911823654,1.1907951585417929
human,fatiguelife,0.5047595190380763,1.0369190036189047
human,fatiguelife,0.544739478957916,0.9005044076032899
human,fatiguelife,0.5847194388777556,0.7806332440477529
human,fatiguelife,0.6246993987975953,0.6759177713165033
human,fatiguelife,0.664679358717435,0.5848053474832552
human,fatiguelife,0.7046593186372747,0.5057432065580194
human,fatiguelife,0.7446392785571144,0.43726336661188964
human,fatiguelife,0.784619238476954,0.37802208397757736
human,fatiguelife,0.8245991983967937,0.3268137230057633
human,fatiguelife,0.8645791583166335,0.28257057450667816
human,fatiguelife,0.9045591182364731,0.24435532711132602
human,fatiguelife,0.9445390781563128,0.21135007285943253
human,fatiguelife,0.9845190380761525,0.1828440665646114
human,fatiguelife,1.0244989979959922,0.15822147641924353
human,fatiguelife,1.0644789579158318,0.1369497829005534
human,fatiguelife,1.1044589178356714,0.11856914188123768
human,fatiguelife,1.144438877755511,0.10268282995009621
human,fatiguelife,1.1844188376753508,0.08894877804496946
human,fatiguelife,1.2243987975951904,0.07707213914891185
human,fatiguelife,1.2643787575150303,0.06679880615614699
human,fatiguelife,1.3043587174348699,0.05790978441203476
human,fatiguelife,1.3443386773547095,0.05021632216682919
human,fatiguelife,1.3843186372745493,0.043555706580798596
human,fatiguelife,1.424298597194389,0.03778764016052407
human,fatiguelife,1.4642785571142287,0.03279112091805741
human,fatiguelife,1.5042585170340683,0.028461758154470225
human,fatiguelife,1.544238476953908,0.024709464036932655
human,fatiguelife,1.5842184368737477,0.02145646878627589
human,fatiguelife,1.6241983967935874,0.018635614200247914
human,fatiguelife,1.664178356713427,0.016188886379202707
human,fatiguelife,1.7041583166332668,0.014066153920842903
human,fatiguelife,1.7441382765531064,0.012224082561349952
human,fatiguelife,1.784118236472946,0.010625201326660267
human,fatiguelife,1.8240981963927858,0.009237098788100582
human,fatiguelife,1.8640781563126254,0.008031731057749594
human,fatiguelife,1.9040581162324652,0.006984825773032762
human,fatiguelife,1.9440380761523048,0.006075368563788959
human,fatiguelife,1.9840180360721444,0.005285160418893842
human,fatiguelife,2.0239979959919845,0.004598436017998914
human,fatiguelife,2.063977955911824,0.004001534505916438
human,fatiguelife,2.1039579158316637,0.003482615396368911
human,fatiguelife,2.143937875751503,0.0030314133273381715
human,fatiguelife,2.183917835671343,0.0026390262771383392
human,fatiguelife,2.2238977955911827,0.002297732610092708
human,fatiguelife,2.263877755511022,0.0020008329717250114
human,fatiguelife,2.303857715430862,0.0017425136114309482
human,fatiguelife,2.3438376753507018,0.0015177281891356879
human,fatiguelife,2.3838176352705416,0.0013220955329668017
human,fatiguelife,2.423797595190381,0.0011518111672992198
human,fatiguelife,2.463777555110221,0.0010035707330443642
human,fatiguelife,2.5037575150300606,0.0008745036819202739
human,fatiguelife,2.5437374749499,0.0007621158497685626
human,fatiguelife,2.58371743486974,0.0006642397060026303
human,fatiguelife,2.6236973947895796,0.00057899124144428
human,fatiguelife,2.663677354709419,0.0005047325989503582
human,fatiguelife,2.703657314629259,0.00044003967361219264
human,fatiguelife,2.7436372745490987,0.00038367401472222466
human,fatiguelife,2.783617234468938,0.0003345584525362209
human,fatiguelife,2.823597194388778,0.00029175595116453406
human,fatiguelife,2.8635771543086177,0.0002544512564576946
human,fatiguelife,2.9035571142284575,0.0002219349660155661
human,fatiguelife,2.943537074148297,0.0001935896987366649
human,fatiguelife,2.9835170340681367,0.00016887808474348943
human,fatiguelife,3.0234969939879766,0.00014733233402242793
human,fatiguelife,3.063476953907816,0.0001285451745208503
human,fatiguelife,3.1034569138276558,0.00011216197845207103
human,fatiguelife,3.1434368737474956,9.787391977552327e-05
human,fatiguelife,3.183416833667335,8.541202676464645e-05
human,fatiguelife,3.223396793587175,7.454201169636979e-05
human,fatiguelife,3.2633767535070146,6.505977537910276e-05
human,fatiguelife,3.303356713426854,5.678749781291384e-05
human,fatiguelife,3.343336673346694,4.957023803232992e-05
human,fatiguelife,3.3833166332665336,4.327297636573018e-05
human,fatiguelife,3.423296593186373,3.7778041168491654e-05
human,fatiguelife,3.463276553106213,3.298286973360247e-05
human,fatiguelife,3.5032565130260527,2.879805971195414e-05
human,fatiguelife,3.543236472945892,2.5145673121919535e-05
human,fatiguelife,3.583216432865732,2.195776001239819e-05
human,fatiguelife,3.6231963927855717,1.9175073167518677e-05
human,fatiguelife,3.6631763527054115,1.6745948992986702e-05
human,fatiguelife,3.703156312625251,1.4625332980101567e-05
human,fatiguelife,3.7431362725450907,1.2773930969806456e-05
human,fatiguelife,3.7831162324649306,1.1157469893019523e-05
human,fatiguelife,3.82309619238477,9.746053794397032e-06
human,fatiguelife,3.8630761523046098,8.513602797479826e-06
human,fatiguelife,3.9030561122244496,7.4373642769822064e-06
human,fatiguelife,3.943036072144289,6.497486900956225e-06
human,fatiguelife,3.983016032064129,5.6766494195586375e-06
human,fatiguelife,4.022995991983969,4.959737132313512e-06
human,fatiguelife,4.062975951903809,4.333559883026912e-06
human,fatiguelife,4.102955911823648,3.7866062290262795e-06
human,fatiguelife,4.142935871743488,3.308829124903785e-06
human,fatiguelife,4.182915831663328,2.891459064097048e-06
human,fatiguelife,4.222895791583167,2.526841146291707e-06
human,fatiguelife,4.262875751503007,2.2082929950595094e-06
human,fatiguelife,4.302855711422847,1.929980847281494e-06
human,fatiguelife,4.342835671342686,1.6868114814958956e-06
human,fatiguelife,4.382815631262526,1.4743379530861671e-06
human,fatiguelife,4.422795591182366,1.2886773660302987e-06
human,fatiguelife,4.462775551102205,1.1264391388460752e-06
human,fatiguelife,4.502755511022045,9.846624208001405e-07
human,fatiguelife,4.542735470941885,8.607614872352374e-07
human,fatiguelife,4.582715430861724,7.524780933420371e-07
human,fatiguelife,4.622695390781565,6.578398967561642e-07
human,fatiguelife,4.662675350701404,5.75124173515842e-07
human,fatiguelife,4.702655310621243,5.028261513604647e-07
human,fatiguelife,4.742635270541084,4.3963137099067684e-07
human,fatiguelife,4.782615230460923,3.8439156140184155e-07
human,fatiguelife,4.8225951903807625,3.361035811869416e-07
human,fatiguelife,4.862575150300603,2.938910350355113e-07
human,fatiguelife,4.902555110220442,2.569882246232262e-07
human,fatiguelife,4.9425350701402815,2.2472613664192036e-07
human,fatiguelife,4.982515030060122,1.9652020868849792e-07
human,fatiguelife,5.022494989979961,1.7185964683290716e-07
human,fatiguelife,5.0624749498998005,1.5029809754640565e-07
human,fatiguelife,5.102454909819641,1.3144550183724423e-07
human,fatiguelife,5.14243486973948,1.1496098138644824e-07
human,fatiguelife,5.1824148296593195,1.0054662561527048e-07
human,fatiguelife,5.22239478957916,8.794206530844757e-08
human,fatiguelife,5.262374749498999,7.691973297728888e-08
human,fatiguelife,5.302354709418839,6.728072284746987e-08
human,fatiguelife,5.342334669338679,5.8851174436256357e-08
human,fatiguelife,5.382314629258518,5.147911335037225e-08
human,fatiguelife,5.422294589178358,4.5031691369771505e-08
human,fatiguelife,5.462274549098198,3.939277524176589e-08
human,fatiguelife,5.502254509018037,3.446084003175788e-08
human,fatiguelife,5.542234468937877,3.0147128480985e-08
human,fatiguelife,5.582214428857717,2.637404271264679e-08
human,fatiguelife,5.622194388777556,2.3073738896554723e-08
human,fatiguelife,5.662174348697396,2.0186899208445698e-08
human,fatiguelife,5.702154308617236,1.7661658672516946e-08
human,fatiguelife,5.742134268537075,1.54526673149461e-08
human,fatiguelife,5.782114228456916,1.3520270534798572e-08
human,fatiguelife,5.822094188376755,1.1829792762719176e-08
human,fatiguelife,5.862074148296594,1.0350911367185293e-08
human,fatiguelife,5.902054108216435,9.057109417829142e-09
human,fatiguelife,5.942034068136274,7.925197355876374e-09
human,fatiguelife,5.982014028056113,6.9348948796966535e-09
human,fatiguelife,6.021993987975954,6.0684654520217126e-09
human,fatiguelife,6.061973947895793,5.310396794802062e-09
human,fatiguelife,6.101953907815632,4.647121575606207e-09
human,fatiguelife,6.141933867735473,4.066773221345971e-09
human,fatiguelife,6.181913827655312,3.5589724343799313e-09
human,fatiguelife,6.221893787575151,3.114640544457953e-09
human,fatiguelife,6.261873747494992,2.72583631777164e-09
human,fatiguelife,6.301853707414831,2.385613270513311e-09
human,fatiguelife,6.3418336673346705,2.087894906636339e-09
human,fatiguelife,6.381813627254511,1.827365624768319e-09
human,fatiguelife,6.42179358717435,1.5993753234096763e-09
human,fatiguelife,6.4617735470941895,1.3998559818540942e-09
human,fatiguelife,6.50175350701403,1.2252487112308052e-09
human,fatiguelife,6.541733466933869,1.0724399596558365e-09
human,fatiguelife,6.5817134268537085,9.387057211523159e-10
human,fatiguelife,6.621693386773549,8.216627427795906e-10
human,fatiguelife,6.661673346693388,7.192258509380878e-10
human,fatiguelife,6.701653306613228,6.295706283968388e-10
human,fatiguelife,6.741633266533068,5.511007702367529e-10
human,fatiguelife,6.781613226452907,4.824195313743833e-10
human,fatiguelife,6.821593186372747,4.223047521640585e-10
human,fatiguelife,6.861573146292587,3.6968701311353503e-10
human,fatiguelife,6.901553106212426,3.236305261616303e-10
human,fatiguelife,6.941533066132266,2.8331641928044793e-10
human,fatiguelife,6.981513026052106,2.4802811427455154e-10
human,fatiguelife,7.021492985971945,2.1713853533647678e-10
human,fatiguelife,7.061472945891785,1.9009891886587845e-10
human,fatiguelife,7.101452905811625,1.6642902386503004e-10
human,fatiguelife,7.141432865731464,1.4570856740801802e-10
human,fatiguelife,7.181412825651305,1.2756973170078184e-10
human,fatiguelife,7.221392785571144,1.1169060850228624e-10
human,fatiguelife,7.261372745490983,9.778946351182616e-11
human,fatiguelife,7.301352705410824,8.56197180479778e-11
human,fatiguelife,7.341332665330663,7.496555821688697e-11
human,fatiguelife,7.381312625250502,6.563809302390159e-11
human,fatiguelife,7.421292585170343,5.747199272609324e-11
human,fatiguelife,7.461272545090182,5.032254733158387e-11
human,fatiguelife,7.501252505010021,4.406309267995227e-11
human,fatiguelife,7.541232464929862,3.858275812208867e-11
human,fatiguelife,7.581212424849701,3.3784495576227517e-11
human,fatiguelife,7.62119238476954,2.958335477327435e-11
human,fatiguelife,7.661172344689381,2.5904973909538373e-11
human,fatiguelife,7.70115230460922,2.2684258777895613e-11
human,fatiguelife,7.7411322645290594,1.9864226818473102e-11
human,fatiguelife,7.7811122244489,1.7394995477794132e-11
human,fatiguelife,7.821092184368739,1.5232896843885984e-11
human,fatiguelife,7.8610721442885785,1.3339702780460426e-11
human,fatiguelife,7.901052104208419,1.1681946756436418e-11
human,fatiguelife,7.941032064128258,1.0230330293177679e-11
human,fatiguelife,7.9810120240480975,8.959203461851105e-12
human,fatiguelife,8.020991983967937,7.84611018434812e-12
human,fatiguelife,8.060971943887777,6.8713902469287e-12
human,fatiguelife,8.100951903807617,6.0178309468689e-12
human,fatiguelife,8.140931863727456,5.270362177017192e-12
human,fatiguelife,8.180911823647296,4.615789527144856e-12
human,fatiguelife,8.220891783567136,4.042560658162392e-12
human,fatiguelife,8.260871743486975,3.540560797780897e-12
human,fatiguelife,8.300851703406815,3.1009337246334285e-12
human,fatiguelife,8.340831663326655,2.715925061499067e-12
human,fatiguelife,8.380811623246494,2.3787450952040356e-12
human,fatiguelife,8.420791583166334,2.083448688105146e-12
human,fatiguelife,8.460771543086175,1.824830149992042e-12
human,fatiguelife,8.500751503006013,1.5983312052071967e-12
human,fatiguelife,8.540731462925853,1.399960422523271e-12
human,fatiguelife,8.580711422845694,1.2262226789905747e-12
human,fatiguelife,8.620691382765532,1.0740574072058953e-12
human,fatiguelife,8.660671342685372,9.40784531438913e-13
human,fatiguelife,8.700651302605213,8.240571345631447e-13
human,fatiguelife,8.740631262525051,7.21820017209294e-13
human,fatiguelife,8.780611222444891,6.322734151192044e-13
human,fatiguelife,8.820591182364732,5.538412321901569e-13
human,fatiguelife,8.86057114228457,4.851432267925574e-13
human,fatiguelife,8.90055110220441,4.249706590450652e-13
human,fatiguelife,8.94053106212425,3.722649680873629e-13
human,fatiguelife,8.98051102204409,3.2609910209400164e-13
human,fatiguelife,9.02049098196393,2.856611707787355e-13
human,fatiguelife,9.06047094188377,2.5024013128299925e-13
human,fatiguelife,9.10045090180361,2.192132543565071e-13
human,fatiguelife,9.140430861723448,1.9203514926244907e-13
human,fatiguelife,9.180410821643289,1.682281534346971e-13
human,fatiguelife,9.220390781563129,1.473739170698585e-13
human,fatiguelife,9.260370741482967,1.2910603398221767e-13
human,fatiguelife,9.300350701402808,1.1310358855982154e-13
human,fatiguelife,9.340330661322648,9.908550486398043e-14
human,fatiguelife,9.380310621242486,8.68055980996339e-14
human,fatiguelife,9.420290581162327,7.604824110230587e-14
human,fatiguelife,9.460270541082167,6.662456935884543e-14
human,fatiguelife,9.500250501002006,5.836915759667545e-14
human,fatiguelife,9.540230460921846,5.113710930862432e-14
human,fatiguelife,9.580210420841686,4.48015078752982e-14
human,fatiguelife,9.620190380761525,3.9251184333544544e-14
human,fatiguelife,9.660170340681365,3.4388762431181306e-14
human,fatiguelife,9.700150300601205,3.0128946503705126e-14
human,fatiguelife,9.740130260521044,2.639702199496399e-14
human,fatiguelife,9.780110220440884,2.3127542196593515e-14
human,fatiguelife,9.820090180360724,2.02631780668705e-14
human,fatiguelife,9.860070140280563,1.775371086662049e-14
human,fatiguelife,9.900050100200403,1.5555149868887106e-14
human,fatiguelife,9.940030060120243,1.3628959604752635e-14
human,fatiguelife,9.980010020040082,1.194138303902644e-14
human,fatiguelife,10.019989979959922,1.0462848760631659e-14
human,fatiguelife,10.059969939879762,9.167451753312279e-15
human,fatiguelife,10.0999498997996,8.032498608940752e-15
human,fatiguelife,10.139929859719441,7.038109181126399e-15
human,fatiguelife,10.179909819639281,6.166867671085297e-15
human,fatiguelife,10.21988977955912,5.40351700837713e-15
human,fatiguelife,10.25986973947896,4.734691151539679e-15
human,fatiguelife,10.2998496993988,4.1486806013033395e-15
human,fatiguelife,10.339829659318639,3.635227003740071e-15
human,fatiguelife,10.379809619238479,3.1853432327153243e-15
human,fatiguelife,10.41978957915832,2.7911557893974414e-15
human,fatiguelife,10.459769539078158,2.4457667492513506e-15
human,fatiguelife,10.499749498997998,2.1431328308292854e-15
human,fatiguelife,10.539729458917838,1.8779594618348218e-15
human,fatiguelife,10.579709418837677,1.6456079816869117e-15
human,fatiguelife,10.619689378757517,1.4420143508021739e-15
human,fatiguelife,10.659669338677357,1.2636179391133408e-15
human,fatiguelife,10.699649298597196,1.1072991435182252e-15
human,fatiguelife,10.739629258517036,9.703247391271087e-16
human,fatiguelife,10.779609218436876,8.5030000508243e-16
human,fatiguelife,10.819589178356715,7.451267847546272e-16
human,fatiguelife,10.859569138276555,6.529667443714318e-16
human,fatiguelife,10.899549098196395,5.722091854479949e-16
human,fatiguelife,10.939529058116234,5.014428463603742e-16
human,fatiguelife,10.979509018036074,4.3943119845394983e-16
human,fatiguelife,11.019488977955914,3.850908034323089e-16
human,fatiguelife,11.059468937875753,3.3747235251200933e-16
human,fatiguelife,11.099448897795593,2.957440548996109e-16
human,fatiguelife,11.139428857715433,2.5917708437700665e-16
human,fatiguelife,11.179408817635272,2.2713282889535614e-16
human,fatiguelife,11.219388777555112,1.9905171971110145e-16
human,fatiguelife,11.259368737474952,1.744434443064979e-16
human,fatiguelife,11.299348697394791,1.5287837160858664e-16
human,fatiguelife,11.339328657314631,1.3398003928112442e-16
human,fatiguelife,11.379308617234472,1.1741857148781078e-16
human,fatiguelife,11.41928857715431,1.0290491183873753e-16
human,fatiguelife,11.45926853707415,9.018577052269687e-17
human,fatiguelife,11.49924849699399,7.903919714627797e-17
human,fatiguelife,11.53922845691383,6.927070176676431e-17
human,fatiguelife,11.57920841683367,6.07098562122049e-17
human,fatiguelife,11.61918837675351,5.320731619728123e-17
human,fatiguelife,11.65916833667335,4.6632212115597986e-17
human,fatiguelife,11.699148296593188,4.086986284707886e-17
human,fatiguelife,11.739128256513029,3.581977257665102e-17
human,fatiguelife,11.779108216432869,3.1393875576695744e-17
human,fatiguelife,11.819088176352707,2.7514998247599692e-17
human,fatiguelife,11.859068136272548,2.4115511514624835e-17
human,fatiguelife,11.899048096192388,2.1136150011643735e-17
human,fatiguelife,11.939028056112226,1.8524977401757618e-17
human,fatiguelife,11.979008016032067,1.6236479742470523e-17
human,fatiguelife,12.018987975951907,1.4230771043846088e-17
human,fatiguelife,12.058967935871745,1.2472897131199102e-17
human,fatiguelife,12.098947895791586,1.0932225643778929e-17
human,fatiguelife,12.138927855711426,9.5819115077322e-18
human,fatiguelife,12.178907815631264,8.398428541804805e-18
human,fatiguelife,12.218887775551105,7.361159010874867e-18
human,fatiguelife,12.258867735470945,6.452033955788271e-18
human,fatiguelife,12.298847695390783,5.655218015816787e-18
human,fatiguelife,12.338827655310624,4.956833237964202e-18
human,fatiguelife,12.378807615230464,4.344717048898367e-18
human,fatiguelife,12.418787575150303,3.808210162451978e-18
human,fatiguelife,12.458767535070143,3.337970718839635e-18
human,fatiguelife,12.498747494989983,2.9258114101731787e-18
human,fatiguelife,12.538727454909822,2.564556748517336e-18
human,fatiguelife,12.578707414829662,2.2479179846683884e-18
human,fatiguelife,12.618687374749502,1.9703834942031803e-18
human,fatiguelife,12.65866733466934,1.727122717536482e-18
human,fatiguelife,12.69864729458918,1.5139019774716637e-18
human,fatiguelife,12.738627254509021,1.327010705167514e-18
human,fatiguelife,12.77860721442886,1.1631967872097334e-18
human,fatiguelife,12.8185871743487,1.0196099057411152e-18
human,fatiguelife,12.85856713426854,8.937518831613086e-19
human,fatiguelife,12.898547094188379,7.834331651907265e-19
human,fatiguelife,12.938527054108219,6.867346832458725e-19
human,fatiguelife,12.97850701402806,6.019744309649686e-19
human,fatiguelife,13.018486973947898,5.276781719977365e-19
human,fatiguelife,13.058466933867738,4.62553768267249e-19
human,fatiguelife,13.098446893787578,4.0546868108605086e-19
human,fatiguelife,13.138426853707417,3.55430252867615e-19
human,fatiguelife,13.178406813627257,3.1156842568369525e-19
human,fatiguelife,13.218386773547097,2.7312059542721634e-19
human,fatiguelife,13.258366733466936,2.3941833759055533e-19
human,fatiguelife,13.298346693386776,2.0987577331175772e-19
human,fatiguelife,13.338326653306616,1.8397937294651694e-19
human,fatiguelife,13.378306613226455,1.6127901949044643e-19
human,fatiguelife,13.418286573146295,1.413801761433512e-19
human,fatiguelife,13.458266533066135,1.23937021557101e-19
human,fatiguelife,13.498246492985974,1.0864643317828203e-19
human,fatiguelife,13.538226452905814,9.5242713880175e-20
human,fatiguelife,13.578206412825654,8.349297003396986e-20
human,fatiguelife,13.618186372745493,7.319306052251513e-20
human,fatiguelife,13.658166332665333,6.416404614946584e-20
human,fatiguelife,13.698146292585173,5.624907761622735e-20
human,fatiguelife,13.738126252505012,4.931066788043156e-20
human,fatiguelife,13.778106212424852,4.3228301406454085e-20
human,fatiguelife,13.818086172344692,3.7896338687322716e-20
human,fatiguelife,13.85806613226453,3.3222179560722243e-20
human,fatiguelife,13.898046092184371,2.912465334937471e-20
human,fatiguelife,13.938026052104211,2.5532607806484108e-20
human,fatiguelife,13.97800601202405,2.238367230904934e-20
human,fatiguelife,14.01798597194389,1.9623173776079015e-20
human,fatiguelife,14.05796593186373,1.7203186447941234e-20
human,fatiguelife,14.097945891783569,1.5081698993659338e-20
human,fatiguelife,14.13792585170341,1.3221884455514111e-20
human,fatiguelife,14.17790581162325,1.1591460330457115e-20
human,fatiguelife,14.21788577154309,1.0162127656766736e-20
human,fatiguelife,14.257865731462928,8.909079349444266e-21
human,fatiguelife,14.297845691382769,7.810569233008494e-21
human,fatiguelife,14.337825651302609,6.847534276592885e-21
human,fatiguelife,14.377805611222447,6.003263462009006e-21
human,fatiguelife,14.417785571142288,5.263107526808033e-21
human,fatiguelife,14.457765531062128,4.6142245355190536e-21
human,fatiguelife,14.497745490981966,4.0453568555195425e-21
human,fatiguelife,14.537725450901807,3.546635660290398e-21
human,fatiguelife,14.577705410821647,3.109409561611186e-21
human,fatiguelife,14.617685370741485,2.726094391915795e-21
human,fatiguelife,14.657665330661326,2.3900415258565905e-21
human,fatiguelife,14.697645290581166,2.0954224525216294e-21
human,fatiguelife,14.737625250501004,1.837127592323347e-21
human,fatiguelife,14.777605210420845,1.6106776002578768e-21
human,fatiguelife,14.817585170340685,1.4121456143204543e-21
human,fatiguelife,14.857565130260523,1.238089098143525e-21
human,fatiguelife,14.897545090180364,1.0854900937046681e-21
human,fatiguelife,14.937525050100204,9.51702846138435e-22
human,fatiguelife,14.977505010020042,8.344078908209894e-22
human,fatiguelife,15.017484969939883,7.315718052091872e-22
human,fatiguelife,15.057464929859723,6.41411926361531e-22
human,fatiguelife,15.097444889779561,5.623654213584919e-22
human,fatiguelife,15.137424849699402,4.9306217347666995e-22
human,fatiguelife,15.177404809619242,4.323010132692356e-22
human,fatiguelife,15.21738476953908,3.7902888181908117e-22
human,fatiguelife,15.25736472945892,3.3232256437004055e-22
human,fatiguelife,15.297344689378761,2.9137267719256876e-22
human,fatiguelife,15.3373246492986,2.5546962967942142e-22
human,fatiguelife,15.37730460921844,2.239913179744714e-22
human,fatiguelife,15.41728456913828,1.9639233651094766e-22
human,fatiguelife,15.457264529058119,1.7219452019621788e-22
human,fatiguelife,15.497244488977959,1.50978653087759e-22
human,fatiguelife,15.537224448897799,1.3237719966030579e-22
human,fatiguelife,15.577204408817638,1.1606793251956472e-22
human,fatiguelife,15.617184368737478,1.0176834598220748e-22
human,fatiguelife,15.657164328657318,8.92307585851727e-23
human,fatiguelife,15.697144288577157,7.823801954705256e-23
human,fatiguelife,15.737124248496997,6.859974468817072e-23
human,fatiguelife,15.777104208416837,6.014901650612433e-23
human,fatiguelife,15.817084168336676,5.273949115969762e-23
human,fatiguelife,15.857064128256516,4.624286217608989e-23
human,fatiguelife,15.897044088176356,4.0546636887159996e-23
human,fatiguelife,15.937024048096195,3.555218702722401e-23
human,fatiguelife,15.977004008016035,3.117303968224712e-23
human,fatiguelife,16.016983967935875,2.7333378950663744e-23
human,fatiguelife,16.056963927855712,2.3966732331892794e-23
human,fatiguelife,16.096943887775552,2.1014819063482396e-23
human,fatiguelife,16.136923847695392,1.8426540437272063e-23
human,fatiguelife,16.176903807615233,1.615709458787462e-23
human,fatiguelife,16.216883767535073,1.4167200405859745e-23
human,fatiguelife,16.25686372745491,1.2422417120762674e-23
human,fatiguelife,16.29684368737475,1.0892547758325422e-23
human,fatiguelife,16.33682364729459,9.551116131000398e-24
human,fatiguelife,16.37680360721443,8.374908295924807e-24
human,fatiguelife,16.41678356713427,7.343570532505763e-24
human,fatiguelife,16.45676352705411,6.439256871783489e-24
human,fatiguelife,16.496743486973948,5.646320068912523e-24
human,fatiguelife,16.536723446893788,4.951040663297378e-24
human,fatiguelife,16.57670340681363,4.341389431249145e-24
human,fatiguelife,16.61668336673347,3.8068191149052905e-24
human,fatiguelife,16.65666332665331,3.33808181865613e-24
human,fatiguelife,16.69664328657315,2.9270689092419346e-24
human,fatiguelife,16.736623246492986,2.566670645731001e-24
human,fatiguelife,16.776603206412826,2.2506531075518533e-24
human,fatiguelife,16.816583166332666,1.973550288540233e-24
human,fatiguelife,16.856563126252507,1.730569487790833e-24
human,fatiguelife,16.896543086172347,1.5175083585240076e-24
human,fatiguelife,16.936523046092187,1.3306821781889788e-24
human,fatiguelife,16.976503006012024,1.1668600801307315e-24
human,fatiguelife,17.016482965931864,1.0232091424174548e-24
human,fatiguelife,17.056462925851704,8.972453655536351e-25
human,fatiguelife,17.096442885771545,7.867906901493217e-25
human,fatiguelife,17.136422845691385,6.899353102493658e-25
human,fatiguelife,17.176402805611225,6.050046297608344e-25
human,fatiguelife,17.216382765531062,5.305302898426678e-25
human,fatiguelife,17.256362725450902,4.652247656342988e-25
human,fatiguelife,17.296342685370742,4.0795909251983946e-25
human,fatiguelife,17.336322645290583,3.5774333632513022e-25
human,fatiguelife,17.376302605210423,3.1370946936442945e-25
human,fatiguelife,17.416282565130263,2.750963559160181e-25
human,fatiguelife,17.4562625250501,2.4123658723371205e-25
human,fatiguelife,17.49624248496994,2.115449382265555e-25
human,fatiguelife,17.53622244488978,1.8550824601762724e-25
human,fatiguelife,17.57620240480962,1.6267653521073485e-25
human,fatiguelife,17.61618236472946,1.4265523627797236e-25
human,fatiguelife,17.6561623246493,1.250983624050352e-25
human,fatiguelife,17.696142284569138,1.097025267232938e-25
human,fatiguelife,17.73612224448898,9.620169640489213e-26
human,fatiguelife,17.77610220440882,8.436259285183161e-26
human,fatiguelife,17.81608216432866,7.398065839295564e-26
human,fatiguelife,17.8560621242485,6.487651970778567e-26
human,fatiguelife,17.89604208416834,5.68928867929026e-26
human,fatiguelife,17.936022044088176,4.9891833824148404e-26
human,fatiguelife,17.976002004008016,4.3752414876731033e-26
human,fatiguelife,18.015981963927857,3.836857325983901e-26
human,fatiguelife,18.055961923847697,3.364730830296233e-26
human,fatiguelife,18.095941883767537,2.950706788578167e-26
human,fatiguelife,18.135921843687377,2.5876338909285763e-26
human,fatiguelife,18.175901803607218,2.2692411330406055e-26
human,fatiguelife,18.215881763527054,1.990029438518714e-26
human,fatiguelife,18.255861723446895,1.7451766258296754e-26
human,fatiguelife,18.295841683366735,1.5304540765164834e-26
human,fatiguelife,18.335821643286575,1.3421536637114762e-26
human,fatiguelife,18.375801603206416,1.1770236774603782e-26
human,fatiguelife,18.415781563126256,1.0322126389826426e-26
human,fatiguelife,18.455761523046093,9.052200324375218e-27
human,fatiguelife,18.495741482965933,7.938531024028147e-27
human,fatiguelife,18.535721442885773,6.961889701757475e-27
human,fatiguelife,18.575701402805613,6.105414139844311e-27
human,fatiguelife,18.615681362725454,5.3543173885081124e-27
human,fatiguelife,18.655661322645294,4.695632325631448e-27
human,fatiguelife,18.69564128256513,4.117987662239893e-27
human,fatiguelife,18.73562124248497,3.611411522106276e-27
human,fatiguelife,18.77560120240481,3.1671592005940124e-27
human,fatiguelife,18.81558116232465,2.777562125886537e-27
human,fatiguelife,18.85556112224449,2.4358954122985824e-27
human,fatiguelife,18.895541082164332,2.1362617167750497e-27
human,fatiguelife,18.93552104208417,1.8734893915101624e-27
human,fatiguelife,18.97550100200401,1.6430431727416658e-27
human,fatiguelife,19.01548096192385,1.4409458624648529e-27
human,fatiguelife,19.05546092184369,1.2637096498191186e-27
human,fatiguelife,19.09544088176353,1.1082758855083086e-27
human,fatiguelife,19.13542084168337,9.719622687115054e-28
human,fatiguelife,19.175400801603207,8.524165340451651e-28
human,fatiguelife,19.215380761523047,7.475758384697054e-28
human,fatiguelife,19.255360721442887,6.556311465334811e-28
human,fatiguelife,19.295340681362728,5.749959987194402e-28
human,fatiguelife,19.335320641282568,5.042791233979986e-28
human,fatiguelife,19.375300601202408,4.422604193023774e-28
human,fatiguelife,19.415280561122245,3.878698936790931e-28
human,fatiguelife,19.455260521042085,3.401691923325939e-28
human,fatiguelife,19.495240480961925,2.983354025629553e-28
human,fatiguelife,19.535220440881766,2.616468492617341e-28
human,fatiguelife,19.575200400801606,2.2947063886394087e-28
human,fatiguelife,19.615180360721446,2.0125173604776715e-28
human,fatiguelife,19.655160320641283,1.7650338455035953e-28
human,fatiguelife,19.695140280561123,1.5479870668538564e-28
human,fatiguelife,19.735120240480963,1.357633365074947e-28
human,fatiguelife,19.775100200400804,1.1906895942196583e-28
human,fatiguelife,19.815080160320644,1.0442764669331595e-28
human,fatiguelife,19.855060120240484,9.15868870352259e-29
human,fatiguelife,19.89504008016032,8.032522950262361e-29
human,fatiguelife,19.93502004008016,7.044846246372959e-29
human,fatiguelife,19.975,6.178626268719283e-29
human,gamma,0.025,0.22254466388170072
human,gamma,0.06497995991983968,0.724873493075051
human,gamma,0.10495991983967937,1.1674500759675872
human,gamma,0.14493987975951905,1.4908056413130308
human,gamma,0.18491983967935874,1.6932457411084814
human,gamma,0.22489979959919842,1.7915908467507842
human,gamma,0.26487975951903814,1.8076341490552634
human,gamma,0.3048597194388778,1.7626437194473799
human,gamma,0.3448396793587175,1.6751903484962574
human,gamma,0.3848196392785572,1.560495344144137
human,gamma,0.4247995991983969,1.4304836820955371
human,gamma,0.46477955911823654,1.2941442257387825
human,gamma,0.5047595190380763,1.1579962179825816
human,gamma,0.544739478957916,1.0265617849319575
human,gamma,0.5847194388777556,0.9027973097459321
human,gamma,0.6246993987975953,0.7884649143547121
human,gamma,0.664679358717435,0.6844402331401653
human,gamma,0.7046593186372747,0.5909601606518414
human,gamma,0.7446392785571144,0.5078176055134492
human,gamma,0.784619238476954,0.4345113536226562
human,gamma,0.8245991983967937,0.3703590082103697
human,gamma,0.8645791583166335,0.3145802491747817
human,gamma,0.9045591182364731,0.26635669023827135
human,gamma,0.9445390781563128,0.22487360400913067
human,gamma,0.9845190380761525,0.18934783354545004
human,gamma,1.0244989979959922,0.15904536192902904
human,gamma,1.0644789579158318,0.13329128501472295
human,gamma,1.1044589178356714,0.11147432614803919
human,gamma,1.144438877755511,0.09304753568720522
human,gamma,1.1844188376753508,0.07752641922692106
human,gamma,1.2243987975951904,0.06448542208954774
human,gamma,1.2643787575150303,0.05355345005260276
human,gamma,1.3043587174348699,0.044408914855477995
human,gamma,1.3443386773547095,0.036774646830378815
human,gamma,1.3843186372745493,0.030412906758028435
human,gamma,1.424298597194389,0.025120647056229694
human,gamma,1.4642785571142287,0.0207251123764933
human,gamma,1.5042585170340683,0.01707982653810626
human,gamma,1.544238476953908,0.014060982428436387
human,gamma,1.5842184368737477,0.01156423085608206
human,gamma,1.6241983967935874,0.009501850871458275
human,gamma,1.664178356713427,0.007800275843243537
human,gamma,1.7041583166332668,0.006397945124801754
human,gamma,1.7441382765531064,0.005243449344352726
human,gamma,1.784118236472946,0.004293937367559657
human,gamma,1.8240981963927858,0.0035137541894855115
human,gamma,1.8640781563126254,0.0028732809598105563
human,gamma,1.9040581162324652,0.00234795070368443
human,gamma,1.9440380761523048,0.001917415840057526
human,gamma,1.9840180360721444,0.0015648461615809562
human,gamma,2.0239979959919845,0.0012763384205398893
human,gamma,2.063977955911824,0.001040420998315538
human,gamma,2.1039579158316637,0.0008476392842664182
human,gamma,2.143937875751503,0.0006902093362863743
human,gamma,2.183917835671343,0.000561729135931754
human,gamma,2.2238977955911827,0.00045693829131269694
human,gamma,2.263877755511022,0.0003715183920564957
human,gamma,2.303857715430862,0.00030192739704864034
human,gamma,2.3438376753507018,0.00024526245343393243
human,gamma,2.3838176352705416,0.00019914642105570938
human,gamma,2.423797595190381,0.0001616341263226157
human,gamma,2.463777555110221,0.00013113500877448848
human,gamma,2.5037575150300606,0.00010634936659054719
human,gamma,2.5437374749499,8.621586687898934e-05
human,gamma,2.58371743486974,6.98683744107446e-05
human,gamma,2.6236973947895796,5.6600478804201426e-05
human,gamma,2.663677354709419,4.583637407748288e-05
human,gamma,2.703657314629259,3.710697384777372e-05
human,gamma,2.7436372745490987,3.003033710523136e-05
human,gamma,2.783617234468938,2.4295639306083123e-05
human,gamma,2.823597194388778,1.9650056557613078e-05
human,gamma,2.8635771543086177,1.5888041208361926e-05
human,gamma,2.9035571142284575,1.2842558865353228e-05
human,gamma,2.943537074148297,1.0377932831887392e-05
human,gamma,2.9835170340681367,8.384004807308199e-06
human,gamma,3.0234969939879766,6.771372613447977e-06
human,gamma,3.063476953907816,5.467508557575043e-06
human,gamma,3.1034569138276558,4.413597354971788e-06
human,gamma,3.1434368737474956,3.5619616080657984e-06
human,gamma,3.183416833667335,2.8739667511035927e-06
human,gamma,3.223396793587175,2.3183170169066943e-06
human,gamma,3.2633767535070146,1.8696701108776645e-06
human,gamma,3.303356713426854,1.5075115057326182e-06
human,gamma,3.343336673346694,1.215240110901291e-06
human,gamma,3.3833166332665336,9.794259471083464e-07
human,gamma,3.423296593186373,7.892077195952599e-07
human,gamma,3.463276553106213,6.358041217848602e-07
human,gamma,3.5032565130260527,5.121175531442888e-07
human,gamma,3.543236472945892,4.124128966882534e-07
human,gamma,3.583216432865732,3.320572342810644e-07
human,gamma,3.6231963927855717,2.673090141718107e-07
human,gamma,3.6631763527054115,2.1514733382076035e-07
human,gamma,3.703156312625251,1.7313375126958435e-07
human,gamma,3.7431362725450907,1.3930046318755313e-07
human,gamma,3.7831162324649306,1.1205984715644278e-07
human,gamma,3.82309619238477,9.01313087198501e-08
human,gamma,3.8630761523046098,7.248214026405909e-08
human,gamma,3.9030561122244496,5.8279721635985844e-08
human,gamma,3.943036072144289,4.685289825266942e-08
human,gamma,3.983016032064129,3.766078311348326e-08
human,gamma,4.022995991983969,3.02675623652499e-08
human,gamma,4.062975951903809,2.432215437774555e-08
human,gamma,4.102955911823648,1.954179146179212e-08
human,gamma,4.142935871743488,1.5698771009726327e-08
human,gamma,4.182915831663328,1.2609766774093461e-08
human,gamma,4.222895791583167,1.0127207581024126e-08
human,gamma,4.262875751503007,8.132325166513787e-09
human,gamma,4.302855711422847,6.529549224569103e-09
human,gamma,4.342835671342686,5.2419895750338535e-09
human,gamma,4.382815631262526,4.2077953633277355e-09
human,gamma,4.422795591182366,3.3772216399271385e-09
human,gamma,4.462775551102205,2.7102663556195504e-09
human,gamma,4.502755511022045,2.1747672261788675e-09
human,gamma,4.542735470941885,1.7448692640732545e-09
human,gamma,4.582715430861724,1.3997910148683443e-09
human,gamma,4.622695390781565,1.1228314575354965e-09
human,gamma,4.662675350701404,9.005707667978062e-10
human,gamma,4.702655310621243,7.222272066056868e-10
human,gamma,4.742635270541084,5.791397432405136e-10
human,gamma,4.782615230460923,4.6435187121023995e-10
human,gamma,4.8225951903807625,3.722769073724461e-10
human,gamma,4.862575150300603,2.9842884875325996e-10
human,gamma,4.902555110220442,2.3920598523875436e-10
human,gamma,4.9425350701402815,1.9171695343748091e-10
human,gamma,4.982515030060122,1.536409286440771e-10
human,gamma,5.022494989979961,1.2311527171850444e-10
human,gamma,5.0624749498998005,9.86452525104176e-11
human,gamma,5.102454909819641,7.903152227945701e-11
human,gamma,5.14243486973948,6.331185367036038e-11
human,gamma,5.1824148296593195,5.0714347950347134e-11
human,gamma,5.22239478957916,4.061985746614394e-11
human,gamma,5.262374749498999,3.253181248032564e-11
human,gamma,5.302354709418839,2.6051996540816955e-11
human,gamma,5.342334669338679,2.0861100119186268e-11
human,gamma,5.382314629258518,1.6703111956615958e-11
human,gamma,5.422294589178358,1.3372792284480335e-11
human,gamma,5.462274549098198,1.0705620621492818e-11
human,gamma,5.502254509018037,8.569730263823906e-12
human,gamma,5.542234468937877,6.859437572846276e-12
human,gamma,5.582214428857717,5.490051311257171e-12
human,gamma,5.622194388777556,4.393709271766264e-12
human,gamma,5.662174348697396,3.5160392523297857e-12
human,gamma,5.702154308617236,2.8134814468524783e-12
human,gamma,5.742134268537075,2.25114146200629e-12
human,gamma,5.782114228456916,1.8010689849244824e-12
human,gamma,5.822094188376755,1.4408778559381652e-12
human,gamma,5.862074148296594,1.1526399446010776e-12
human,gamma,5.902054108216435,9.219985894097784e-13
human,gamma,5.942034068136274,7.374580876495252e-13
human,gamma,5.982014028056113,5.89814330682452e-13
human,gamma,6.021993987975954,4.716985887890548e-13
human,gamma,6.061973947895793,3.7721199344971244e-13
human,gamma,6.101953907815632,3.01632712884223e-13
human,gamma,6.141933867735473,2.4118138495897995e-13
human,gamma,6.181913827655312,1.9283323386000865e-13
human,gamma,6.221893787575151,1.5416759264595245e-13
human,gamma,6.261873747494992,1.2324739488647065e-13
human,gamma,6.301853707414831,9.852267492941394e-14
human,gamma,6.3418336673346705,7.87533000639086e-14
human,gamma,6.381813627254511,6.294710685418772e-14
human,gamma,6.42179358717435,5.0310374673870915e-14
human,gamma,6.4617735470941895,4.0208179254454986e-14
human,gamma,6.50175350701403,3.213265778668249e-14
human,gamma,6.541733466933869,2.5677608774668322e-14
human,gamma,6.5817134268537085,2.0518163687615e-14
human,gamma,6.621693386773549,1.63945189196728e-14
human,gamma,6.661673346693388,1.3098918034688293e-14
human,gamma,6.701653306613228,1.0465235666057167e-14
human,gamma,6.741633266533068,8.360643721703832e-15
human,gamma,6.781613226452907,6.678944091109281e-15
human,gamma,6.821593186372747,5.335234980148078e-15
human,gamma,6.861573146292587,4.261644410027899e-15
human,gamma,6.901553106212426,3.403917594569124e-15
human,gamma,6.941533066132266,2.7186874885368347e-15
human,gamma,6.981513026052106,2.1712918886408608e-15
human,gamma,7.021492985971945,1.7340277586531558e-15
human,gamma,7.061472945891785,1.3847552952026078e-15
human,gamma,7.101452905811625,1.1057817361250948e-15
human,gamma,7.141432865731464,8.829689078082057e-16
human,gamma,7.181412825651305,7.050197078137211e-16
human,gamma,7.221392785571144,5.629076816214979e-16
human,gamma,7.261372745490983,4.494210240033801e-16
human,gamma,7.301352705410824,3.587980737447409e-16
human,gamma,7.341332665330663,2.864359613682834e-16
human,gamma,7.381312625250502,2.28657742300745e-16
human,gamma,7.421292585170343,1.8252628597505067e-16
human,gamma,7.461272545090182,1.456955414984755e-16
human,gamma,7.501252505010021,1.1629168025699898e-16
human,gamma,7.541232464929862,9.281811922035257e-17
human,gamma,7.581212424849701,7.407963103002068e-17
human,gamma,7.62119238476954,5.91217084259805e-17
human,gamma,7.661172344689381,4.718211939266919e-17
human,gamma,7.70115230460922,3.765220414212697e-17
human,gamma,7.7411322645290594,3.004595655367701e-17
human,gamma,7.7811122244489,2.3975325635577562e-17
human,gamma,7.821092184368739,1.9130486707735765e-17
human,gamma,7.8610721442885785,1.526408311794966e-17
human,gamma,7.901052104208419,1.217864002811477e-17
human,gamma,7.941032064128258,9.71651224328949e-18
human,gamma,7.9810120240480975,7.75185628416271e-18
human,gamma,8.020991983967937,6.184219382553268e-18
human,gamma,8.060971943887777,4.9334199758717414e-18
human,gamma,8.100951903807617,3.9354597203368e-18
human,gamma,8.140931863727456,3.1392593364570785e-18
human,gamma,8.180911823647296,2.504052383944149e-18
human,gamma,8.220891783567136,1.9973044473334865e-18
human,gamma,8.260871743486975,1.593051885251243e-18
human,gamma,8.300851703406815,1.2705756040061755e-18
human,gamma,8.340831663326655,1.013342337854246e-18
human,gamma,8.380811623246494,8.081595153260992e-19
human,gamma,8.420791583166334,6.44500651881359e-19
human,gamma,8.460771543086175,5.13966884026891e-19
human,gamma,8.500751503006013,4.098571885481955e-19
human,gamma,8.540731462925853,3.268253639468294e-19
human,gamma,8.580711422845694,2.6060627023644895e-19
human,gamma,8.620691382765532,2.0779735218306724e-19
human,gamma,8.660671342685372,1.6568428904511667e-19
human,gamma,8.700651302605213,1.3210186400560782e-19
human,gamma,8.740631262525051,1.0532294312950683e-19
human,gamma,8.780611222444891,8.396988815707256e-20
human,gamma,8.820591182364732,6.694387271015955e-20
human,gamma,8.86057114228457,5.3368485811732116e-20
human,gamma,8.90055110220441,4.254473653623368e-20
human,gamma,8.94053106212425,3.391515628646234e-20
human,gamma,8.98051102204409,2.7035160312217485e-20
human,gamma,9.02049098196393,2.1550201349303686e-20
human,gamma,9.06047094188377,1.7177544591131514e-20
human,gamma,9.10045090180361,1.3691729721726988e-20
human,gamma,9.140430861723448,1.091297450517036e-20
human,gamma,9.180410821643289,8.697925076390825e-21
human,gamma,9.220390781563129,6.932278303568213e-21
human,gamma,9.260370741482967,5.5248975336501224e-21
human,gamma,9.300350701402808,4.4031195917370154e-21
human,gamma,9.340330661322648,3.509011995444071e-21
human,gamma,9.380310621242486,2.7963880904171162e-21
human,gamma,9.420290581162327,2.228426706234435e-21
human,gamma,9.460270541082167,1.7757739629844042e-21
human,gamma,9.500250501002006,1.4150296161987463e-21
human,gamma,9.540230460921846,1.1275400791679605e-21
human,gamma,9.580210420841686,8.984360186278913e-22
human,gamma,9.620190380761525,7.158649897195744e-22
human,gamma,9.660170340681365,5.703796032462173e-22
human,gamma,9.700150300601205,4.544497166791451e-22
human,gamma,9.740130260521044,3.6207352031656743e-22
human,gamma,9.780110220440884,2.8846747879445334e-22
human,gamma,9.820090180360724,2.298191469447155e-22
human,gamma,9.860070140280563,1.8309011615809014e-22
human,gamma,9.900050100200403,1.4585892917495658e-22
human,gamma,9.940030060120243,1.1619586021773182e-22
human,gamma,9.980010020040082,9.25630993943722e-23
human,gamma,10.019989979959922,7.373518974296979e-23
human,gamma,10.059969939879762,5.87356094783461e-23
human,gamma,10.0999498997996,4.678622464632469e-23
human,gamma,10.139929859719441,3.726700132645478e-23
human,gamma,10.179909819639281,2.9683895916092586e-23
human,gamma,10.21988977955912,2.364326412890115e-23
human,gamma,10.25986973947896,1.8831465883315457e-23
human,gamma,10.2998496993988,1.4998611575068588e-23
human,gamma,10.339829659318639,1.194560914620095e-23
human,gamma,10.379809619238479,9.513841905276471e-24
human,gamma,10.41978957915832,7.576943010930517e-24
human,gamma,10.459769539078158,6.034240913749281e-24
human,gamma,10.499749498997998,4.805536449829983e-24
human,gamma,10.539729458917838,3.8269411505284495e-24
human,gamma,10.579709418837677,3.0475612309072887e-24
human,gamma,10.619689378757517,2.4268554779782945e-24
human,gamma,10.659669338677357,1.9325301382883896e-24
human,gamma,10.699649298597196,1.5388617040236802e-24
human,gamma,10.739629258517036,1.2253606536750094e-24
human,gamma,10.779609218436876,9.757068622850136e-25
human,gamma,10.819589178356715,7.769014700749677e-25
human,gamma,10.859569138276555,6.185912144010222e-25
human,gamma,10.899549098196395,4.925301684998271e-25
human,gamma,10.939529058116234,3.9215095367551737e-25
human,gamma,10.979509018036074,3.1222316797426228e-25
human,gamma,11.019488977955914,2.485812977279353e-25
human,gamma,11.059468937875753,1.9790798275368453e-25
human,gamma,11.099448897795593,1.5756137807972407e-25
human,gamma,11.139428857715433,1.254376435586067e-25
human,gamma,11.179408817635272,9.986141616373469e-26
human,gamma,11.219388777555112,7.949857261251192e-26
human,gamma,11.259368737474952,6.32867475072625e-26
human,gamma,11.299348697394791,5.037999443129793e-26
human,gamma,11.339328657314631,4.010471219499659e-26
human,gamma,11.379308617234472,3.192454379678706e-26
human,gamma,11.41928857715431,2.541242200764461e-26
human,gamma,11.45926853707415,2.0228306998548987e-26
human,gamma,11.49924849699399,1.61014573856244e-26
human,gamma,11.53922845691383,1.2816311827882157e-26
human,gamma,11.57920841683367,1.0201246116353513e-26
human,gamma,11.61918837675351,8.119620292256428e-27
human,gamma,11.65916833667335,6.462649495009412e-27
human,gamma,11.699148296593188,5.1437271582323974e-27
human,gamma,11.739128256513029,4.0939047749196105e-27
human,gamma,11.779108216432869,3.258292670486613e-27
human,gamma,11.819088176352707,2.5931941843425137e-27
human,gamma,11.859068136272548,2.063823860423416e-27
human,gamma,11.899048096192388,1.6424906710583737e-27
human,gamma,11.939028056112226,1.3071515289187232e-27
human,gamma,11.979008016032067,1.0402596390580911e-27
human,gamma,12.018987975951907,8.278476111953624e-28
human,gamma,12.058967935871745,6.5879749116556875e-28
human,gamma,12.098947895791586,5.242596168851051e-28
human,gamma,12.138927855711426,4.171899656289108e-28
human,gamma,12.178907815631264,3.319818400352658e-28
human,gamma,12.218887775551105,2.6417266191155344e-28
human,gamma,12.258867735470945,2.1021056197639497e-28
human,gamma,12.298847695390783,1.6726857431415848e-28
human,gamma,12.338827655310624,1.3309672914708912e-28
human,gamma,12.378807615230464,1.0590431605050251e-28
human,gamma,12.418787575150303,8.426616508116547e-29
human,gamma,12.458767535070143,6.704804759116395e-29
human,gamma,12.498747494989983,5.334729716464881e-29
human,gamma,12.538727454909822,4.2445546228456096e-29
human,gamma,12.578707414829662,3.3771106925832387e-29
human,gamma,12.618687374749502,2.6869028832722224e-29
human,gamma,12.65866733466934,2.137726733786158e-29
human,gamma,12.69864729458918,1.7007715942212583e-29
human,gamma,12.738627254509021,1.353111003482008e-29
human,gamma,12.77860721442886,1.0765012147576226e-29
human,gamma,12.8185871743487,8.564249851996424e-30
human,gamma,12.85856713426854,6.813305753750564e-30
human,gamma,12.898547094188379,5.420261166728428e-30
human,gamma,12.938527054108219,4.311976343328367e-30
human,gamma,12.97850701402806,3.430254849259833e-30
human,gamma,13.018486973947898,2.7287911813484655e-30
human,gamma,13.058466933867738,2.1707417280122128e-30
human,gamma,13.098446893787578,1.7267918076940343e-30
human,gamma,13.138426853707417,1.3736174969695594e-30
human,gamma,13.178406813627257,1.0926616357179602e-30
human,gamma,13.218386773547097,8.69159853039266e-31
human,gamma,13.258366733466936,6.913655553585452e-31
human,gamma,13.298346693386776,5.499332426379308e-31
human,gamma,13.338326653306616,4.374278152964699e-31
human,gamma,13.378306613226455,3.479341375237853e-31
human,gamma,13.418286573146295,2.767463777872567e-31
human,gamma,13.458266533066135,2.2012082958296905e-31
human,gamma,13.498246492985974,1.7507924384425446e-31
human,gamma,13.538226452905814,1.3925235319119552e-31
human,gamma,13.578206412825654,1.107553761072663e-31
human,gamma,13.618186372745493,8.808896657966502e-32
human,gamma,13.658166332665333,7.006040961918388e-32
human,gamma,13.698146292585173,5.572092532608427e-32
human,gamma,13.738126252505012,4.43157894575762e-32
human,gamma,13.778106212424852,3.524465108294895e-32
human,gamma,13.818086172344692,2.8029963142926825e-32
human,gamma,13.85806613226453,2.2291867620876462e-32
human,gamma,13.898046092184371,1.7728215916042052e-32
human,gamma,13.938026052104211,1.4098674654587143e-32
human,gamma,13.97800601202405,1.121208172523794e-32
human,gamma,14.01798597194389,8.916388037263535e-33
human,gamma,14.05796593186373,7.090656325302163e-33
human,gamma,14.097945891783569,5.638696394973796e-33
human,gamma,14.13792585170341,4.484002186485579e-33
human,gamma,14.17790581162325,3.565724443230081e-33
human,gamma,14.21788577154309,2.8354671996398596e-33
human,gamma,14.257865731462928,2.254739604563824e-33
human,gamma,14.297845691382769,1.7929290467618214e-33
human,gamma,14.337825651302609,1.4256889567915577e-33
human,gamma,14.377805611222447,1.1336564640032562e-33
human,gamma,14.417785571142288,9.014324338389923e-34
human,gamma,14.457765531062128,7.167702103950679e-34
human,gamma,14.497745490981966,5.699303672663445e-34
human,gamma,14.537725450901807,4.531675028952933e-34
human,gamma,14.577705410821647,3.6032206393742107e-34
human,gamma,14.617685370741485,2.8649570666724293e-34
human,gamma,14.657665330661326,2.2779310268402947e-34
human,gamma,14.697645290581166,1.8111659224946004e-34
human,gamma,14.737625250501004,1.4400287036740127e-34
human,gamma,14.777605210420845,1.144931034766963e-34
human,gamma,14.817585170340685,9.102963474034289e-35
human,gamma,14.857565130260523,7.23738359552959e-35
human,gamma,14.897545090180364,5.754077772195165e-35
human,gamma,14.937525050100204,4.574727528810744e-35
human,gamma,14.977505010020042,3.6370572023594194e-35
human,gamma,15.017484969939883,2.891548286334724e-35
human,gamma,15.057464929859723,2.298826576972324e-35
human,gamma,15.097444889779561,1.8275843768907173e-35
human,gamma,15.137424849699402,1.4529282072418767e-35
human,gamma,15.177404809619242,1.1550649046677695e-35
human,gamma,15.21738476953908,9.18256814867602e-36
human,gamma,15.25736472945892,7.299909795745262e-36
human,gamma,15.297344689378761,5.803184952558617e-36
human,gamma,15.3373246492986,4.613291940764611e-36
human,gamma,15.37730460921844,3.667339332170618e-36
human,gamma,15.41728456913828,2.9153245342763502e-36
human,gamma,15.457264529058119,2.3174928070485656e-36
human,gamma,15.497244488977959,1.8422373401797706e-36
human,gamma,15.537224448897799,1.4644295620242262e-36
human,gamma,15.577204408817638,1.1640915492476483e-36
human,gamma,15.617184368737478,9.253404563477019e-37
human,gamma,15.657164328657318,7.355492381235003e-37
human,gamma,15.697144288577157,5.846793526433851e-37
human,gamma,15.737124248496997,4.647502091257418e-37
human,gamma,15.777104208416837,3.694173430489896e-37
human,gamma,15.817084168336676,2.9363704039530414e-37
human,gamma,15.857064128256516,2.3339969693484154e-37
human,gamma,15.897044088176356,1.8551782761176789e-37
human,gamma,15.937024048096195,1.4745752685542992e-37
human,gamma,15.977004008016035,1.1720447525779444e-37
human,gamma,16.016983967935875,9.315741260623475e-38
human,gamma,16.056963927855712,7.404344802023871e-38
human,gamma,16.096943887775552,5.885073147496979e-38
human,gamma,16.136923847695392,4.6774928187971945e-38
human,gamma,16.176903807615233,3.717666661192579e-38
human,gamma,16.216883767535073,2.954771061493131e-38
human,gamma,16.25686372745491,2.348406745317445e-38
human,gamma,16.29684368737475,1.86646096915976e-38
human,gamma,16.33682364729459,1.4834080662449188e-38
human,gamma,16.37680360721443,1.1789584760246484e-38
human,gamma,16.41678356713427,9.36984809281046e-39
human,gamma,16.45676352705411,7.44668147232334e-39
human,gamma,16.496743486973948,5.918194175013868e-39
human,gamma,16.536723446893788,4.703399475020978e-39
human,gamma,16.57670340681363,3.737926558577175e-39
human,gamma,16.61668336673347,2.970611938077914e-39
human,gamma,16.65666332665331,2.3607900040255894e-39
human,gamma,16.69664328657315,1.876139334805834e-39
human,gamma,16.736623246492986,1.4909707844760387e-39
human,gamma,16.776603206412826,1.1848667413270218e-39
human,gamma,16.816583166332666,9.415995305226785e-40
human,gamma,16.856563126252507,7.482717049756979e-40
human,gamma,16.896543086172347,5.9463271079321985e-40
human,gamma,16.936523046092187,4.72535748038704e-40
human,gamma,16.976503006012024,3.755060678532369e-40
human,gamma,17.016482965931864,2.9839784560718457e-40
human,gamma,17.056462925851704,2.3712145871550725e-40
human,gamma,17.096442885771545,1.8842672507984185e-40
human,gamma,17.136422845691385,1.4973062100737383e-40
human,gamma,17.176402805611225,1.1898035265615364e-40
human,gamma,17.216382765531062,9.454452718826056e-41
human,gamma,17.256362725450902,7.512665794204175e-41
human,gamma,17.296342685370742,5.9696420815646e-41
human,gamma,17.336322645290583,4.743501929070094e-41
human,gamma,17.376302605210423,3.7691762883841287e-41
human,gamma,17.416282565130263,2.9949557855604813e-41
human,gamma,17.4562625250501,2.3797481178920294e-41
human,gamma,17.49624248496994,1.8908984071131726e-41
human,gamma,17.53622244488978,1.5024569695635665e-41
human,gamma,17.57620240480962,1.1938026737207036e-41
human,gamma,17.61618236472946,9.485489004916068e-42
human,gamma,17.6561623246493,7.536740998436256e-42
human,gamma,17.696142284569138,5.988308420713915e-42
human,gamma,17.73612224448898,4.7579672382310754e-42
human,gamma,17.77610220440882,3.7803800916321035e-42
human,gamma,17.81608216432866,3.0036286283195e-42
human,gamma,17.8560621242485,2.386457831385607e-42
human,gamma,17.89604208416834,1.8960861729067722e-42
human,gamma,17.936022044088176,1.5064654247561165e-42
human,gamma,17.976002004008016,1.1968978067746032e-42
human,gamma,18.015981963927857,9.509371042168114e-43
human,gamma,18.055961923847697,7.555154483560121e-43
human,gamma,18.095941883767537,6.002494243755311e-43
human,gamma,18.135921843687377,4.76888683735505e-43
human,gamma,18.175901803607218,3.7887779841895405e-43
human,gamma,18.215881763527054,3.0100810265548356e-43
human,gamma,18.255861723446895,2.39141042468595e-43
human,gamma,18.295841683366735,1.8998834787811893e-43
human,gamma,18.335821643286575,1.5093735803765893e-43
human,gamma,18.375801603206416,1.199122259203148e-43
human,gamma,18.415781563126256,9.526363348096594e-44
human,gamma,18.455761523046093,7.568116153021333e-44
human,gamma,18.495741482965933,6.012366112767957e-44
human,gamma,18.535721442885773,4.776392893800409e-44
human,gamma,18.575701402805613,3.7944748391003236e-44
human,gamma,18.615681362725454,3.0143961940365297e-44
human,gamma,18.655661322645294,2.3946719242909495e-44
human,gamma,18.69564128256513,1.9023427128954767e-44
human,gamma,18.73562124248497,1.5112230025841451e-44
human,gamma,18.77560120240481,1.200509010091873e-44
human,gamma,18.81558116232465,9.536727577888763e-45
human,gamma,18.85556112224449,7.575833599569046e-45
human,gamma,18.895541082164332,6.018088725315681e-45
human,gamma,18.93552104208417,4.7806160711015943e-45
human,gamma,18.97550100200401,3.7975743170135333e-45
human,gamma,19.01548096192385,3.016656367490156e-45
human,gamma,19.05546092184369,2.396307569624841e-45
human,gamma,19.09544088176353,1.9035156296069956e-45
human,gamma,19.13542084168337,1.5120547473447122e-45
human,gamma,19.175400801603207,1.2010906279772341e-45
human,gamma,19.215380761523047,9.540722084174386e-46
human,gamma,19.255360721442887,7.578511760152677e-46
human,gamma,19.295340681362728,6.019824643926182e-46
human,gamma,19.335320641282568,4.781685316919992e-46
human,gamma,19.375300601202408,3.798178699975932e-46
human,gamma,19.415280561122245,3.01694267632573e-46
human,gamma,19.455260521042085,2.396381710939409e-46
human,gamma,19.495240480961925,1.903453269455967e-46
human,gamma,19.535220440881766,1.5119092977253168e-46
human,gamma,19.575200400801606,1.2008992217084765e-46
human,gamma,19.615180360721446,9.538601531985053e-47
human,gamma,19.655160320641283,7.576352614221799e-47
human,gamma,19.695140280561123,6.017734059704399e-47
human,gamma,19.735120240480963,4.779727677844375e-47
human,gamma,19.775100200400804,3.796388746341645e-47
human,gamma,19.815080160320644,3.0153350289765817e-47
human,gamma,19.855060120240484,2.3949577202785153e-47
human,gamma,19.89504008016032,1.9022058894244956e-47
human,gamma,19.93502004008016,1.5108265092697718e-47
human,gamma,19.975,1.1999663976658352e-47
rat,genextreme,0.025,0.02774240440846468
rat,genextreme,0.03091182364729459,0.04651287255592627
rat,genextreme,0.03682364729458918,0.07467817369694564
rat,genextreme,0.04273547094188377,0.11518829309366334
rat,genextreme,0.04864729458917836,0.17120393796361952
rat,genextreme,0.05455911823647295,0.2458717529091122
rat,genextreme,0.06047094188376754,0.3420592519640446
rat,genextreme,0.06638276553106212,0.4620795293455023
rat,genextreme,0.07229458917835671,0.607438873223942
rat,genextreme,0.0782064128256513,0.7786377965930719
rat,genextreme,0.08411823647294589,0.9750485636912021
rat,genextreme,0.09003006012024048,1.1948817819613506
rat,genextreme,0.09594188376753507,1.4352431703196438
rat,genextreme,0.10185370741482966,1.692271177719628
rat,genextreme,0.10776553106212425,1.961338164324318
rat,genextreme,0.11367735470941884,2.23729313214622
rat,genextreme,0.11958917835671343,2.5147225879951365
rat,genextreme,0.12550100200400802,2.7882075944819955
rat,genextreme,0.1314128256513026,3.0525586476819395
rat,genextreme,0.1373246492985972,3.3030148307673777
rat,genextreme,0.14323647294589179,3.5353989011736235
rat,genextreme,0.14914829659318637,3.746224904271666
rat,genextreme,0.15506012024048096,3.9327591078816546
rat,genextreme,0.16097194388777555,4.093038268827495
rat,genextreme,0.16688376753507014,4.225851405385615
rat,genextreme,0.17279559118236473,4.3306924229545825
rat,genextreme,0.17870741482965932,4.407691275127917
rat,genextreme,0.1846192384769539,4.457531030607478
rat,genextreme,0.1905310621242485,4.481357457042152
rat,genextreme,0.1964428857715431,4.480686708264133
rat,genextreme,0.20235470941883768,4.4573155636455
rat,genextreme,0.20826653306613227,4.413237533836353
rat,genextreme,0.21417835671342686,4.350567097033263
rat,genextreme,0.22009018036072145,4.271473413821654
rat,genextreme,0.22600200400801604,4.178124110586371
rat,genextreme,0.23191382765531063,4.072639126230641
rat,genextreme,0.23782565130260522,3.957054175858812
rat,genextreme,0.2437374749498998,3.8332930812676254
rat,genextreme,0.2496492985971944,3.7031480304431508
rat,genextreme,0.255561122244489,3.5682667344454866
rat,genextreme,0.2614729458917836,3.430145428582207
rat,genextreme,0.2673847695390782,3.2901266962226248
rat,genextreme,0.2732965931863728,3.1494011613415784
rat,genextreme,0.27920841683366737,3.0090121862292873
rat,genextreme,0.28512024048096196,2.869862812982031
rat,genextreme,0.29103206412825655,2.732724293249089
rat,genextreme,0.29694388777555114,2.59824565438446
rat,genextreme,0.30285571142284573,2.466963847658016
rat,genextreme,0.3087675350701403,2.3393141130510418
rat,genextreme,0.3146793587174349,2.215640274091029
rat,genextreme,0.3205911823647295,2.0962047447279564
rat,genextreme,0.3265030060120241,1.9811980885879084
rat,genextreme,0.3324148296593187,1.870748019636836
rat,genextreme,0.33832665330661327,1.7649277731747512
rat,genextreme,0.34423847695390786,1.6637638081164405
rat,genextreme,0.35015030060120245,1.5672428267012326
rat,genextreme,0.35606212424849704,1.475318117097296
rat,genextreme,0.3619739478957916,1.3879152387554885
rat,genextreme,0.3678857715430862,1.3049370806745546
rat,genextreme,0.3737975951903808,1.2262683297220274
rat,genextreme,0.3797094188376754,1.1517793904766265
rat,genextreme,0.38562124248497,1.0813298002876701
rat,genextreme,0.3915330661322646,1.0147711838659292
rat,genextreme,0.39744488977955916,0.9519497911291473
rat,genextreme,0.40335671342685375,0.8927086605530365
rat,genextreme,0.40926853707414834,0.8368894481908082
rat,genextreme,0.41518036072144293,0.7843339600337604
rat,genextreme,0.4210921843687375,0.734885422658421
rat,genextreme,0.4270040080160321,0.688389524270875
rat,genextreme,0.4329158316633267,0.6446952554130593
rat,genextreme,0.4388276553106213,0.6036555758103548
rat,genextreme,0.4447394789579159,0.5651279311654432
rat,genextreme,0.45065130260521047,0.5289746411744151
rat,genextreme,0.45656312625250506,0.49506317767897434
rat,genextreme,0.46247494989979965,0.46326634968483804
rat,genextreme,0.46838677354709424,0.43346240997512997
rat,genextreme,0.4742985971943888,0.40553509622721234
rat,genextreme,0.4802104208416834,0.37937361789649804
rat,genextreme,0.486122244488978,0.35487259865310256
rat,genextreme,0.4920340681362726,0.33193198283666014
rat,genextreme,0.4979458917835672,0.3104569132202017
rat,genextreme,0.5038577154308618,0.29035758633404857
rat,genextreme,0.5097695390781564,0.27154909068363015
rat,genextreme,0.515681362725451,0.2539512323895619
rat,genextreme,0.5215931863727455,0.2374883520732817
rat,genextreme,0.5275050100200401,0.22208913619672108
rat,genextreme,0.5334168336673347,0.20768642553017566
rat,genextreme,0.5393286573146293,0.19421702295984705
rat,genextreme,0.5452404809619239,0.18162150244721723
rat,genextreme,0.5511523046092185,0.16984402060907985
rat,genextreme,0.5570641282565131,0.15883213209289246
rat,genextreme,0.5629759519038077,0.1485366096710981
rat,genextreme,0.5688877755511023,0.138911269764728
rat,genextreme,0.5747995991983968,0.12991280392612087
rat,genextreme,0.5807114228456914,0.12150061665863696
rat,genextreme,0.586623246492986,0.11363666982402075
rat,genextreme,0.5925350701402806,0.10628533378220835
rat,genextreme,0.5984468937875752,0.09941324532090837
rat,genextreme,0.6043587174348698,0.09298917236062727
rat,genextreme,0.6102705410821644,0.08698388536269534
rat,genextreme,0.616182364729459,0.08137003532127021
rat,genextreme,0.6220941883767536,0.07612203818355819
rat,genextreme,0.6280060120240482,0.07121596551407024
rat,genextreme,0.6339178356713427,0.06662944119734507
rat,genextreme,0.6398296593186373,0.06234154395808157
rat,genextreme,0.6457414829659319,0.05833271546707822
rat,genextreme,0.6516533066132265,0.054584673794928665
rat,genextreme,0.6575651302605211,0.05108033197236186
rat,genextreme,0.6634769539078157,0.04780372141583454
rat,genextreme,0.6693887775551103,0.04473991997894663
rat,genextreme,0.6753006012024049,0.04187498439402608
rat,genextreme,0.6812124248496995,0.03919588687343328
rat,genextreme,0.687124248496994,0.03669045564644363
rat,genextreme,0.6930360721442886,0.0343473192147234
rat,genextreme,0.6989478957915832,0.03215585411717646
rat,genextreme,0.7048597194388778,0.030106136003134873
rat,genextreme,0.7107715430861724,0.028188893821324917
rat,genextreme,0.716683366733467,0.02639546694064348
rat,genextreme,0.7225951903807616,0.02471776502741297
rat,genextreme,0.7285070140280562,0.02314823051236762
rat,genextreme,0.7344188376753508,0.02167980348908378
rat,genextreme,0.7403306613226454,0.020305888893855914
rat,genextreme,0.74624248496994,0.01902032582508523
rat,genextreme,0.7521543086172345,0.017817358868066686
rat,genextreme,0.7580661322645291,0.01669161129860164
rat,genextreme,0.7639779559118237,0.0156380600461158
rat,genextreme,0.7698897795591183,0.014652012303909572
rat,genextreme,0.7758016032064129,0.013729083680810682
rat,genextreme,0.7817134268537075,0.012865177794828691
rat,genextreme,0.7876252505010021,0.012056467215434075
rat,genextreme,0.7935370741482967,0.011299375666801878
rat,genextreme,0.7994488977955913,0.010590561409779087
rat,genextreme,0.8053607214428858,0.009926901725462386
rat,genextreme,0.8112725450901804,0.009305478428118593
rat,genextreme,0.817184368737475,0.008723564339753279
rat,genextreme,0.8230961923847696,0.00817861066294329
rat,genextreme,0.8290080160320642,0.007668235192609787
rat,genextreme,0.8349198396793588,0.007190211311226149
rat,genextreme,0.8408316633266534,0.006742457715547059
rat,genextreme,0.846743486973948,0.006323028826316778
rat,genextreme,0.8526553106212426,0.005930105835580214
rat,genextreme,0.8585671342685371,0.00556198834919029
rat,genextreme,0.8644789579158317,0.005217086584888691
rat,genextreme,0.8703907815631263,0.004893914088945921
rat,genextreme,0.8763026052104209,0.004591080936789245
rat,genextreme,0.8822144288577155,0.004307287385334875
rat,genextreme,0.8881262525050101,0.004041317946880242
rat,genextreme,0.8940380761523047,0.0037920358564145227
rat,genextreme,0.8999498997995993,0.0035583779060777577
rat,genextreme,0.9058617234468939,0.003339349622248645
rat,genextreme,0.9117735470941885,0.0031340207623771817
rat,genextreme,0.917685370741483,0.0029415211102058834
rat,genextreme,0.9235971943887776,0.0027610365494516393
rat,genextreme,0.9295090180360722,0.002591805397352651
rat,genextreme,0.9354208416833668,0.002433114980730508
rat,genextreme,0.9413326653306614,0.002284298438379277
rat,genextreme,0.947244488977956,0.0021447317346786877
rat,genextreme,0.9531563126252506,0.0020138308703408843
rat,genextreme,0.9590681362725452,0.0018910492771453751
rat,genextreme,0.9649799599198398,0.0017758753843984947
rat,genextreme,0.9708917835671343,0.0016678303456764982
rat,genextreme,0.9768036072144289,0.0015664659151789471
rat,genextreme,0.9827154308617235,0.001471362463735163
rat,genextreme,0.9886272545090181,0.0013821271251744196
rat,genextreme,0.9945390781563127,0.0012983920643936796
rat,genextreme,1.0004509018036072,0.0012198128590378472
rat,genextreme,1.0063627254509018,0.0011460669872494565
rat,genextreme,1.0122745490981964,0.0010768524144503444
rat,genextreme,1.018186372745491,0.0010118862725893823
rat,genextreme,1.0240981963927855,0.0009509036257299173
rat,genextreme,1.0300100200400801,0.0008936563162609333
rat,genextreme,1.0359218436873747,0.0008399118863981223
rat,genextreme,1.0418336673346693,0.0007894525699980281
rat,genextreme,1.047745490981964,0.0007420743500408446
rat,genextreme,1.0536573146292585,0.0006975860774479219
rat,genextreme,1.059569138276553,0.0006558086471891926
rat,genextreme,1.0654809619238477,0.0006165742279057333
rat,genextreme,1.0713927855711423,0.0005797255415242959
rat,genextreme,1.0773046092184368,0.0005451151895754428
rat,genextreme,1.0832164328657314,0.0005126050231458183
rat,genextreme,1.089128256513026,0.00048206555359941387
rat,genextreme,1.0950400801603206,0.00045337540139308544
rat,genextreme,1.1009519038076152,0.00042642078048938536
rat,genextreme,1.1068637274549098,0.0004010950160354547
rat,genextreme,1.1127755511022044,0.00037729809313142724
rat,genextreme,1.118687374749499,0.0003549362346560429
rat,genextreme,1.1245991983967936,0.0003339215062517551
rat,genextreme,1.1305110220440882,0.0003141714466972206
rat,genextreme,1.1364228456913827,0.00029560872201221173
rat,genextreme,1.1423346693386773,0.0002781608017493478
rat,genextreme,1.148246492985972,0.0002617596560290211
rat,genextreme,1.1541583166332665,0.00024634147196915594
rat,genextreme,1.160070140280561,0.0002318463882502328
rat,genextreme,1.1659819639278557,0.00021821824663896438
rat,genextreme,1.1718937875751503,0.0002054043593713937
rat,genextreme,1.1778056112224449,0.00019335529136841372
rat,genextreme,1.1837174348697395,0.00018202465632415703
rat,genextreme,1.189629258517034,0.000171368925770616
rat,genextreme,1.1955410821643286,0.00016134725028065612
rat,genextreme,1.2014529058116232,0.00015192129202640893
rat,genextreme,1.2073647294589178,0.00014305506796127724
rat,genextreme,1.2132765531062124,0.00013471480294158938
rat,genextreme,1.219188376753507,0.00012686879214861976
rat,genextreme,1.2251002004008016,0.00011948727221337314
rat,genextreme,1.2310120240480962,0.00011254230048549333
rat,genextreme,1.2369238476953908,0.00010600764192401858
rat,genextreme,1.2428356713426854,9.98586631216871e-05
rat,genextreme,1.24874749498998,9.407223300621652e-05
rat,genextreme,1.2546593186372745,8.86266297916423e-05
rat,genextreme,1.2605711422845691,8.350145378046771e-05
rat,genextreme,1.2664829659318637,7.867754564326773e-05
rat,genextreme,1.2723947895791583,7.413690982655132e-05
rat,genextreme,1.278306613226453,6.986264276226338e-05
rat,genextreme,1.2842184368737475,6.583886557342984e-05
rat,genextreme,1.290130260521042,6.205066099014852e-05
rat,genextreme,1.2960420841683367,5.848401420857195e-05
rat,genextreme,1.3019539078156313,5.512575744274827e-05
rat,genextreme,1.3078657314629258,5.1963517935283634e-05
rat,genextreme,1.3137775551102204,4.898566920784107e-05
rat,genextreme,1.319689378757515,4.61812853465555e-05
rat,genextreme,1.3256012024048096,4.354009813059742e-05
rat,genextreme,1.3315130260521042,4.105245682440895e-05
rat,genextreme,1.3374248496993988,3.8709290465634955e-05
rat,genextreme,1.3433366733466934,3.65020724915177e-05
rat,genextreme,1.349248496993988,3.4422787556576476e-05
rat,genextreme,1.3551603206412826,3.246390040378966e-05
rat,genextreme,1.3610721442885771,3.061832666029203e-05
rat,genextreme,1.3669839679358717,2.887940543681649e-05
rat,genextreme,1.3728957915831663,2.7240873617802516e-05
rat,genextreme,1.378807615230461,2.569684173628688e-05
rat,genextreme,1.3847194388777555,2.4241771334418477e-05
rat,genextreme,1.39063126252505,2.287045371673904e-05
rat,genextreme,1.3965430861723447,2.1577990009257198e-05
rat,genextreme,1.4024549098196393,2.035977244285639e-05
rat,genextreme,1.4083667334669339,1.92114667847338e-05
rat,genextreme,1.4142785571142285,1.8128995846391996e-05
rat,genextreme,1.420190380761523,1.7108524001222736e-05
rat,genextreme,1.4261022044088176,1.614644264894635e-05
rat,genextreme,1.4320140280561122,1.5239356568128799e-05
rat,genextreme,1.4379258517034068,1.4384071101699113e-05
rat,genextreme,1.4438376753507014,1.3577580123857575e-05
rat,genextreme,1.449749498997996,1.2817054740009288e-05
rat,genextreme,1.4556613226452906,1.2099832674395247e-05
rat,genextreme,1.4615731462925852,1.1423408302938772e-05
rat,genextreme,1.4674849699398798,1.0785423291486912e-05
rat,genextreme,1.4733967935871743,1.0183657802121124e-05
rat,genextreme,1.479308617234469,9.616022232546778e-06
rat,genextreme,1.4852204408817635,9.080549455758503e-06
rat,genextreme,1.4911322645290581,8.575387529226072e-06
rat,genextreme,1.4970440881763527,8.098792844765023e-06
rat,genextreme,1.5029559118236473,7.649123692053469e-06
rat,genextreme,1.5088677354709419,7.224834210439103e-06
rat,genextreme,1.5147795591182365,6.824468705259239e-06
rat,genextreme,1.520691382765531,6.446656306372972e-06
rat,genextreme,1.5266032064128257,6.090105947990061e-06
rat,genextreme,1.5325150300601202,5.7536016501781074e-06
rat,genextreme,1.5384268537074148,5.43599808364502e-06
rat,genextreme,1.5443386773547094,5.13621640053357e-06
rat,genextreme,1.550250501002004,4.853240315032169e-06
rat,genextreme,1.5561623246492986,4.5861124186066145e-06
rat,genextreme,1.5620741482965932,4.3339307155959985e-06
rat,genextreme,1.5679859719438878,4.095845365794517e-06
rat,genextreme,1.5738977955911824,3.871055621465905e-06
rat,genextreme,1.579809619238477,3.6588069470089874e-06
rat,genextreme,1.5857214428857715,3.4583883102184184e-06
rat,genextreme,1.5916332665330661,3.269129634762741e-06
rat,genextreme,1.5975450901803607,3.0903994041396906e-06
rat,genextreme,1.6034569138276553,2.921602407965395e-06
rat,genextreme,1.60936873747495,2.7621776220144753e-06
rat,genextreme,1.6152805611222445,2.611596213953373e-06
rat,genextreme,1.621192384769539,2.469359667201299e-06
rat,genextreme,1.6271042084168337,2.334998015816342e-06
rat,genextreme,1.6330160320641283,2.2080681837368128e-06
rat,genextreme,1.6389278557114229,2.088152422114789e-06
rat,genextreme,1.6448396793587174,1.974856838860671e-06
rat,genextreme,1.650751503006012,1.867810014874807e-06
rat,genextreme,1.6566633266533066,1.766661701778687e-06
rat,genextreme,1.6625751503006012,1.6710815962726893e-06
rat,genextreme,1.6684869739478958,1.5807581865435863e-06
rat,genextreme,1.6743987975951904,1.4953976664220396e-06
rat,genextreme,1.680310621242485,1.4147229132510066e-06
rat,genextreme,1.6862224448897796,1.33847252567018e-06
rat,genextreme,1.6921342685370742,1.266399917751123e-06
rat,genextreme,1.6980460921843687,1.1982724661330063e-06
rat,genextreme,1.7039579158316633,1.1338707070109737e-06
rat,genextreme,1.709869739478958,1.0729875800189953e-06
rat,genextreme,1.7157815631262525,1.0154277162270817e-06
rat,genextreme,1.721693386773547,9.610067676402225e-07
rat,genextreme,1.7276052104208417,9.095507757431397e-07
rat,genextreme,1.7335170340681363,8.608955767827694e-07
rat,genextreme,1.7394288577154309,8.148862416185989e-07
rat,genextreme,1.7453406813627255,7.713765481012387e-07
rat,genextreme,1.75125250501002,7.302284840615434e-07
rat,genextreme,1.7571643286573146,6.913117791076346e-07
rat,genextreme,1.7630761523046092,6.545034635345518e-07
rat,genextreme,1.7689879759519038,6.196874527528572e-07
rat,genextreme,1.7748997995991984,5.867541557373523e-07
rat,genextreme,1.780811623246493,5.556001060864472e-07
rat,genextreme,1.7867234468937876,5.261276143668337e-07
rat,genextreme,1.7926352705410822,4.982444404967121e-07
rat,genextreme,1.7985470941883768,4.718634849950877e-07
rat,genextreme,1.8044589178356714,4.4690249799425857e-07
rat,genextreme,1.810370741482966,4.232838049780371e-07
rat,genextreme,1.8162825651302605,4.009340482697092e-07
rat,genextreme,1.8221943887775551,3.7978394335159706e-07
rat,genextreme,1.8281062124248497,3.5976804915238384e-07
rat,genextreme,1.8340180360721443,3.408245514894117e-07
rat,genextreme,1.839929859719439,3.228950589011828e-07
rat,genextreme,1.8458416833667335,3.05924410150416e-07
rat,genextreme,1.851753507014028,2.8986049272041705e-07
rat,genextreme,1.8576653306613227,2.7465407166742637e-07
rat,genextreme,1.8635771543086173,2.60258628229118e-07
rat,genextreme,1.8694889779559118,2.4663020762461775e-07
rat,genextreme,1.8754008016032064,2.337272755146923e-07
rat,genextreme,1.881312625250501,2.2151058262180895e-07
rat,genextreme,1.8872244488977956,2.0994303703918824e-07
rat,genextreme,1.8931362725450902,1.9898958378551165e-07
rat,genextreme,1.8990480961923848,1.8861709118789397e-07
rat,genextreme,1.9049599198396794,1.7879424370015353e-07
rat,genextreme,1.910871743486974,1.6949144078632178e-07
rat,genextreme,1.9167835671342686,1.6068070152098665e-07
rat,genextreme,1.9226953907815632,1.523355745783328e-07
rat,genextreme,1.9286072144288577,1.4443105330088155e-07
rat,genextreme,1.9345190380761523,1.3694349555689913e-07
rat,genextreme,1.940430861723447,1.2985054811239255e-07
rat,genextreme,1.9463426853707415,1.231310752594885e-07
rat,genextreme,1.952254509018036,1.1676509145803637e-07
rat,genextreme,1.9581663326653307,1.1073369776131541e-07
rat,genextreme,1.9640781563126253,1.0501902181005274e-07
rat,genextreme,1.9699899799599199,9.960416119141834e-08
rat,genextreme,1.9759018036072145,9.447312997142729e-08
rat,genextreme,1.981813627254509,8.961080822026118e-08
rat,genextreme,1.9877254509018036,8.5002894360429e-08
rat,genextreme,1.9936372745490982,8.06358601774924e-08
rat,genextreme,1.9995490981963928,7.649690834233255e-08
rat,genextreme,2.0054609218436874,7.257393230261405e-08
rat,genextreme,2.011372745490982,6.88554784092973e-08
rat,genextreme,2.0172845691382766,6.533071015176064e-08
rat,genextreme,2.023196392785571,6.198937438234904e-08
rat,genextreme,2.0291082164328658,5.882176941800384e-08
rat,genextreme,2.0350200400801604,5.581871491307339e-08
rat,genextreme,2.040931863727455,5.297152340345885e-08
rat,genextreme,2.0468436873747495,5.027197342796947e-08
rat,genextreme,2.052755511022044,4.771228413813713e-08
rat,genextreme,2.0586673346693387,4.528509131281254e-08
rat,genextreme,2.0645791583166333,4.2983424698639324e-08
rat,genextreme,2.070490981963928,4.080068660199256e-08
rat,genextreme,2.0764028056112225,3.873063166222192e-08
rat,genextreme,2.082314629258517,3.676734774001852e-08
rat,genextreme,2.0882264529058117,3.4905237858492827e-08
rat,genextreme,2.0941382765531062,3.313900313809793e-08
rat,genextreme,2.100050100200401,3.146362666987054e-08
rat,genextreme,2.1059619238476954,2.987435827461153e-08
rat,genextreme,2.11187374749499,2.8366700098597628e-08
rat,genextreme,2.1177855711422846,2.6936392999206717e-08
rat,genextreme,2.123697394789579,2.5579403676486112e-08
rat,genextreme,2.129609218436874,2.4291912509164526e-08
rat,genextreme,2.1355210420841684,2.30703020559642e-08
rat,genextreme,2.141432865731463,2.1911146185267364e-08
rat,genextreme,2.1473446893787576,2.0811199798279177e-08
rat,genextreme,2.153256513026052,1.9767389112791896e-08
rat,genextreme,2.1591683366733467,1.8776802476501352e-08
rat,genextreme,2.1650801603206413,1.7836681680577524e-08
rat,genextreme,2.170991983967936,1.6944413745832487e-08
rat,genextreme,2.1769038076152305,1.6097523155381788e-08
rat,genextreme,2.182815631262525,1.529366450916007e-08
rat,genextreme,2.1887274549098197,1.4530615577029738e-08
rat,genextreme,2.1946392785571143,1.3806270728526331e-08
rat,genextreme,2.200551102204409,1.3118634718505277e-08
rat,genextreme,2.2064629258517034,1.2465816809124833e-08
rat,genextreme,2.212374749498998,1.184602520967765e-08
rat,genextreme,2.2182865731462926,1.1257561816826228e-08
rat,genextreme,2.224198396793587,1.0698817238764886e-08
rat,genextreme,2.230110220440882,1.0168266087745618e-08
rat,genextreme,2.2360220440881764,9.664462526276145e-09
rat,genextreme,2.241933867735471,9.186036053111949e-09
rat,genextreme,2.2478456913827656,8.73168751593366e-09
rat,genextreme,2.25375751503006,8.300185338331938e-09
rat,genextreme,2.2596693386773548,7.890361949404639e-09
rat,genextreme,2.2655811623246493,7.501110404920526e-09
rat,genextreme,2.271492985971944,7.131381189614866e-09
rat,genextreme,2.2774048096192385,6.780179190759035e-09
rat,genextreme,2.283316633266533,6.44656083368992e-09
rat,genextreme,2.2892284569138277,6.1296313705008915e-09
rat,genextreme,2.2951402805611223,5.828542313579172e-09
rat,genextreme,2.301052104208417,5.542489006134281e-09
rat,genextreme,2.3069639278557115,5.270708322293318e-09
rat,genextreme,2.312875751503006,5.0124764897482355e-09
rat,genextreme,2.3187875751503007,4.767107028325452e-09
rat,genextreme,2.3246993987975952,4.5339487982114904e-09
rat,genextreme,2.33061122244489,4.312384151913236e-09
rat,genextreme,2.3365230460921844,4.1018271843551216e-09
rat,genextreme,2.342434869739479,3.901722075822619e-09
rat,genextreme,2.3483466933867736,3.7115415227504722e-09
rat,genextreme,2.354258517034068,3.530785251628093e-09
rat,genextreme,2.3601703406813628,3.3589786115524147e-09
rat,genextreme,2.3660821643286574,3.1956712412023258e-09
rat,genextreme,2.371993987975952,3.0404358062398396e-09
rat,genextreme,2.3779058116232465,2.8928668033605205e-09
rat,genextreme,2.383817635270541,2.752579427420813e-09
rat,genextreme,2.3897294589178357,2.6192084982651777e-09
rat,genextreme,2.3956412825651303,2.4924074440589404e-09
rat,genextreme,2.401553106212425,2.3718473381062076e-09
rat,genextreme,2.4074649298597195,2.2572159862961813e-09
rat,genextreme,2.413376753507014,2.1482170624762578e-09
rat,genextreme,2.4192885771543087,2.0445692891961348e-09
rat,genextreme,2.4252004008016033,1.946005661406158e-09
rat,genextreme,2.431112224448898,1.8522727108230752e-09
rat,genextreme,2.4370240480961924,1.7631298088005156e-09
rat,genextreme,2.442935871743487,1.6783485056580693e-09
rat,genextreme,2.4488476953907816,1.5977119045328894e-09
rat,genextreme,2.454759519038076,1.5210140679227709e-09
rat,genextreme,2.460671342685371,1.448059455187438e-09
rat,genextreme,2.4665831663326654,1.3786623893686573e-09
rat,genextreme,2.47249498997996,1.3126465517777637e-09
rat,genextreme,2.4784068136272546,1.2498445028822295e-09
rat,genextreme,2.484318637274549,1.190097228101976e-09
rat,genextreme,2.4902304609218437,1.1332537072007898e-09
rat,genextreme,2.4961422845691383,1.0791705060281228e-09
rat,genextreme,2.502054108216433,1.0277113894337065e-09
rat,genextreme,2.5079659318637275,9.787469542400437e-10
rat,genextreme,2.513877755511022,9.321542812176537e-10
rat,genextreme,2.5197895791583167,8.878166050641322e-10
rat,genextreme,2.5257014028056113,8.456230014414726e-10
rat,genextreme,2.531613226452906,8.05468090176458e-10
rat,genextreme,2.5375250501002005,7.672517537767087e-10
rat,genextreme,2.543436873747495,7.308788704598422e-10
rat,genextreme,2.5493486973947896,6.962590609361985e-10
rat,genextreme,2.5552605210420842,6.633064482256712e-10
rat,genextreme,2.561172344689379,6.319394298275049e-10
rat,genextreme,2.5670841683366734,6.020804615980595e-10
rat,genextreme,2.572995991983968,5.736558527256293e-10
rat,genextreme,2.5789078156312626,5.465955712239147e-10
rat,genextreme,2.584819639278557,5.208330593961654e-10
rat,genextreme,2.5907314629258518,4.963050587511384e-10
rat,genextreme,2.5966432865731464,4.72951443879341e-10
rat,genextreme,2.602555110220441,4.507150648239957e-10
rat,genextreme,2.6084669338677355,4.295415975057112e-10
rat,genextreme,2.61437875751503,4.093794017831091e-10
rat,genextreme,2.6202905811623247,3.9017938675360774e-10
rat,genextreme,2.6262024048096193,3.718948829194095e-10
rat,genextreme,2.632114228456914,3.5448152086346716e-10
rat,genextreme,2.6380260521042085,3.37897116098844e-10
rat,genextreme,2.643937875751503,3.221015597724908e-10
rat,genextreme,2.6498496993987977,3.070567149213499e-10
rat,genextreme,2.6557615230460923,2.9272631799430795e-10
rat,genextreme,2.661673346693387,2.790758853686758e-10
rat,genextreme,2.6675851703406814,2.6607262460403774e-10
rat,genextreme,2.673496993987976,2.5368535018970115e-10
rat,genextreme,2.6794088176352706,2.4188440355473713e-10
rat,genextreme,2.685320641282565,2.3064157712166937e-10
rat,genextreme,2.69123246492986,2.1993004219628437e-10
rat,genextreme,2.6971442885771544,2.0972428049682023e-10
rat,genextreme,2.703056112224449,2.0000001913603298e-10
rat,genextreme,2.7089679358717436,1.907341688794051e-10
rat,genextreme,2.714879759519038,1.8190476551183924e-10
rat,genextreme,2.7207915831663327,1.7349091415397813e-10
rat,genextreme,2.7267034068136273,1.6547273637748643e-10
rat,genextreme,2.732615230460922,1.5783131997644862e-10
rat,genextreme,2.7385270541082165,1.5054867125945443e-10
rat,genextreme,2.744438877755511,1.4360766973392236e-10
rat,genextreme,2.7503507014028057,1.3699202506088076e-10
rat,genextreme,2.7562625250501003,1.3068623616471884e-10
rat,genextreme,2.762174348697395,1.2467555238835196e-10
rat,genextreme,2.7680861723446895,1.18945936589944e-10
rat,genextreme,2.773997995991984,1.1348403008264305e-10
rat,genextreme,2.7799098196392786,1.0827711932388846e-10
rat,genextreme,2.7858216432865732,1.0331310426564178e-10
rat,genextreme,2.791733466933868,9.858046828146372e-11
rat,genextreme,2.7976452905811624,9.406824959067067e-11
rat,genextreme,2.803557114228457,8.976601410390707e-11
rat,genextreme,2.8094689378757516,8.566382961834175e-11
rat,genextreme,2.815380761523046,8.17522412943914e-11
rat,genextreme,2.8212925851703408,7.802224834935306e-11
rat,genextreme,2.8272044088176354,7.446528190662788e-11
rat,genextreme,2.83311623246493,7.107318394236992e-11
rat,genextreme,2.8390280561122245,6.783818727435721e-11
rat,genextreme,2.844939879759519,6.475289654069885e-11
rat,genextreme,2.8508517034068137,6.181027011866767e-11
rat,genextreme,2.8567635270541083,5.900360293648646e-11
rat,genextreme,2.862675350701403,5.632651013328862e-11
rat,genextreme,2.8685871743486975,5.377291152475674e-11
rat,genextreme,2.874498997995992,5.1337016834118186e-11
rat,genextreme,2.8804108216432867,4.901331165019177e-11
rat,genextreme,2.8863226452905812,4.679654407617029e-11
rat,genextreme,2.892234468937876,4.468171203461846e-11
rat,genextreme,2.8981462925851704,4.266405119595692e-11
rat,genextreme,2.904058116232465,4.07390234993315e-11
rat,genextreme,2.9099699398797596,3.8902306236359476e-11
rat,genextreme,2.915881763527054,3.714978166972439e-11
rat,genextreme,2.921793587174349,3.547752716001754e-11
rat,genextreme,2.9277054108216434,3.388180577555957e-11
rat,genextreme,2.933617234468938,3.235905736121647e-11
rat,genextreme,2.9395290581162326,3.090589004342784e-11
rat,genextreme,2.945440881763527,2.951907214981883e-11
rat,genextreme,2.9513527054108217,2.8195524522850113e-11
rat,genextreme,2.9572645290581163,2.693231320799936e-11
rat,genextreme,2.963176352705411,2.57266424979432e-11
rat,genextreme,2.9690881763527055,2.4575848315140958e-11
rat,genextreme,2.975,2.347739191610513e-11
rat,fisk,0.025,0.022060600228816722
rat,fisk,0.03091182364729459,0.042231400432880255
rat,fisk,0.03682364729458918,0.07210925114864358
rat,fisk,0.04273547094188377,0.11361880308689518
rat,fisk,0.04864729458917836,0.16864562190225085
rat,fisk,0.05455911823647295,0.23900017964560838
rat,fisk,0.06047094188376754,0.32637221283606394
rat,fisk,0.06638276553106212,0.43227467447540413
rat,fisk,0.07229458917835671,0.5579773093663458
rat,fisk,0.0782064128256513,0.7044309011637196
rat,fisk,0.08411823647294589,0.8721844933782233
rat,fisk,0.09003006012024048,1.0612993410548164
rat,fisk,0.09594188376753507,1.271264910354436
rat,fisk,0.10185370741482966,1.5009237466775538
rat,fisk,0.10776553106212425,1.7484132480429893
rat,fisk,0.11367735470941884,2.0111330286824485
rat,fisk,0.11958917835671343,2.285746344691147
rat,fisk,0.12550100200400802,2.568222730399174
rat,fisk,0.1314128256513026,2.8539264291267785
rat,fisk,0.1373246492985972,3.1377514518182172
rat,fisk,0.14323647294589179,3.4142994562291995
rat,fisk,0.14914829659318637,3.6780916443810203
rat,fisk,0.15506012024048096,3.923801247668111
rat,fisk,0.16097194388777555,4.146489691850071
rat,fisk,0.16688376753507014,4.341827893479655
rat,fisk,0.17279559118236473,4.506284755458957
rat,fisk,0.17870741482965932,4.637267837775257
rat,fisk,0.1846192384769539,4.733205996770412
rat,fisk,0.1905310621242485,4.793569779485959
rat,fisk,0.1964428857715431,4.818831601495179
rat,fisk,0.20235470941883768,4.810373304552445
rat,fisk,0.20826653306613227,4.770352852202182
rat,fisk,0.21417835671342686,4.701544260262196
rat,fisk,0.22009018036072145,4.607165311514595
rat,fisk,0.22600200400801604,4.490706415521063
rat,fisk,0.23191382765531063,4.355771597525536
rat,fisk,0.23782565130260522,4.2059395708324105
rat,fisk,0.2437374749498998,4.044649673420207
rat,fisk,0.2496492985971944,3.8751145358670755
rat,fisk,0.255561122244489,3.7002589570201567
rat,fisk,0.2614729458917836,3.5226827182065676
rat,fisk,0.2673847695390782,3.344643971408961
rat,fisk,0.2732965931863728,3.168059316261348
rat,fisk,0.27920841683366737,2.9945166156496414
rat,fisk,0.28512024048096196,2.8252968576925883
rat,fisk,0.29103206412825655,2.661401828969426
rat,fisk,0.29694388777555114,2.503584916926376
rat,fisk,0.30285571142284573,2.352382930935918
rat,fisk,0.3087675350701403,2.2081473691341844
rat,fisk,0.3146793587174349,2.0710740311433176
rat,fisk,0.3205911823647295,1.9412302710751668
rat,fisk,0.3265030060120241,1.8185794986360524
rat,fisk,0.3324148296593187,1.7030027740800326
rat,fisk,0.33832665330661327,1.5943175147033786
rat,fisk,0.34423847695390786,1.4922934477270005
rat,fisk,0.35015030060120245,1.3966660180102006
rat,fisk,0.35606212424849704,1.3071474993819303
rat,fisk,0.3619739478957916,1.2234360743501012
rat,fisk,0.3678857715430862,1.1452231458650597
rat,fisk,0.3737975951903808,1.072199132449847
rat,fisk,0.3797094188376754,1.0040579787771242
rat,fisk,0.38562124248497,0.9405005909184768
rat,fisk,0.3915330661322646,0.8812373813200511
rat,fisk,0.39744488977955916,0.8259900846325597
rat,fisk,0.40335671342685375,0.7744929828441965
rat,fisk,0.40926853707414834,0.7264936573179076
rat,fisk,0.41518036072144293,0.6817533666096338
rat,fisk,0.4210921843687375,0.640047132427664
rat,fisk,0.4270040080160321,0.6011636017370368
rat,fisk,0.4329158316633267,0.5649047406861174
rat,fisk,0.4388276553106213,0.5310854055580351
rat,fisk,0.4447394789579159,0.4995328271299298
rat,fisk,0.45065130260521047,0.47008603745666844
rat,fisk,0.45656312625250506,0.4425952619889033
rat,fisk,0.46247494989979965,0.4169212949078084
rat,fisk,0.46838677354709424,0.3929348714474486
rat,fisk,0.4742985971943888,0.37051604763565055
rat,fisk,0.4802104208416834,0.3495535951889428
rat,fisk,0.486122244488978,0.32994441713734485
rat,fisk,0.4920340681362726,0.3115929880371402
rat,fisk,0.4979458917835672,0.29441082127517254
rat,fisk,0.5038577154308618,0.27831596491009697
rat,fisk,0.5097695390781564,0.2632325266788308
rat,fisk,0.515681362725451,0.24909022817391596
rat,fisk,0.5215931863727455,0.23582398773146096
rat,fisk,0.5275050100200401,0.22337353122830234
rat,fisk,0.5334168336673347,0.2116830297452665
rat,fisk,0.5393286573146293,0.20070076288990565
rat,fisk,0.5452404809619239,0.19037880646974162
rat,fisk,0.5511523046092185,0.18067274315208887
rat,fisk,0.5570641282565131,0.17154139472780314
rat,fisk,0.5629759519038077,0.16294657460489875
rat,fisk,0.5688877755511023,0.15485285918679634
rat,fisk,0.5747995991983968,0.14722737683334058
rat,fisk,0.5807114228456914,0.14003961315623079
rat,fisk,0.586623246492986,0.1332612314606462
rat,fisk,0.5925350701402806,0.12686590720892404
rat,fisk,0.5984468937875752,0.12082917544808061
rat,fisk,0.6043587174348698,0.11512829020918992
rat,fisk,0.6102705410821644,0.10974209495196582
rat,fisk,0.616182364729459,0.1046509031914852
rat,fisk,0.6220941883767536,0.09983638850522712
rat,fisk,0.6280060120240482,0.09528148317708394
rat,fisk,0.6339178356713427,0.09097028479045917
rat,fisk,0.6398296593186373,0.08688797013486792
rat,fisk,0.6457414829659319,0.08302071583955145
rat,fisk,0.6516533066132265,0.07935562519351227
rat,fisk,0.6575651302605211,0.07588066065415226
rat,fisk,0.6634769539078157,0.07258458158644303
rat,fisk,0.6693887775551103,0.06945688681140513
rat,fisk,0.6753006012024049,0.06648776157676702
rat,fisk,0.6812124248496995,0.0636680285941594
rat,fisk,0.687124248496994,0.06098910281624181
rat,fisk,0.6930360721442886,0.05844294965390356
rat,fisk,0.6989478957915832,0.05602204635829177
rat,fisk,0.7048597194388778,0.05371934631504288
rat,fisk,0.7107715430861724,0.05152824601887382
rat,fisk,0.716683366733467,0.04944255451576675
rat,fisk,0.7225951903807616,0.047456465117483866
rat,fisk,0.7285070140280562,0.04556452920920028
rat,fisk,0.7344188376753508,0.04376163198576094
rat,fisk,0.7403306613226454,0.04204296996555389
rat,fisk,0.74624248496994,0.040404030143354905
rat,fisk,0.7521543086172345,0.03884057065482184
rat,fisk,0.7580661322645291,0.037348602835693814
rat,fisk,0.7639779559118237,0.035924374568254966
rat,fisk,0.7698897795591183,0.03456435481633201
rat,fisk,0.7758016032064129,0.033265219258072146
rat,fisk,0.7817134268537075,0.03202383693305862
rat,fisk,0.7876252505010021,0.03083725782702046
rat,fisk,0.7935370741482967,0.029702701323531498
rat,fisk,0.7994488977955913,0.028617545457722424
rat,fisk,0.8053607214428858,0.02757931691218808
rat,fisk,0.8112725450901804,0.026585681700004513
rat,fisk,0.817184368737475,0.025634436484109475
rat,fisk,0.8230961923847696,0.024723500486281323
rat,fisk,0.8290080160320642,0.023850907942605543
rat,fisk,0.8349198396793588,0.023014801065671376
rat,fisk,0.8408316633266534,0.02221342347682098
rat,fisk,0.846743486973948,0.02144511407460179
rat,fisk,0.8526553106212426,0.020708301308171598
rat,fisk,0.8585671342685371,0.020001497826794015
rat,fisk,0.8644789579158317,0.01932329547875796
rat,fisk,0.8703907815631263,0.018672360635073885
rat,fisk,0.8763026052104209,0.018047429815157195
rat,fisk,0.8822144288577155,0.017447305593419078
rat,fisk,0.8881262525050101,0.01687085276725864
rat,fisk,0.8940380761523047,0.016316994768399845
rat,fisk,0.8999498997995993,0.015784710300851816
rat,fisk,0.9058617234468939,0.015273030190002033
rat,fisk,0.9117735470941885,0.014781034428486106
rat,fisk,0.917685370741483,0.01430784940552436
rat,fisk,0.9235971943887776,0.01385264530738072
rat,fisk,0.9295090180360722,0.013414633677490457
rat,fisk,0.9354208416833668,0.012993065125625706
rat,fisk,0.9413326653306614,0.012587227176227815
rat,fisk,0.947244488977956,0.01219644224673721
rat,fisk,0.9531563126252506,0.011820065747400587
rat,fisk,0.9590681362725452,0.011457484294635162
rat,fisk,0.9649799599198398,0.01110811403058464
rat,fisk,0.9708917835671343,0.010771399042015139
rat,fisk,0.9768036072144289,0.010446809872174756
rat,fisk,0.9827154308617235,0.010133842119680549
rat,fisk,0.9886272545090181,0.009832015118904594
rat,fisk,0.9945390781563127,0.009540870696708727
rat,fisk,1.0004509018036072,0.009259972000727775
rat,fisk,1.0063627254509018,0.008988902394726135
rat,fisk,1.0122745490981964,0.008727264416853968
rat,fisk,1.018186372745491,0.008474678796908849
rat,fisk,1.0240981963927855,0.008230783528968636
rat,fisk,1.0300100200400801,0.007995232996002423
rat,fisk,1.0359218436873747,0.007767697143290425
rat,fisk,1.0418336673346693,0.007547860697692217
rat,fisk,1.047745490981964,0.007335422429995926
rat,fisk,1.0536573146292585,0.007130094457761533
rat,fisk,1.059569138276553,0.006931601586238646
rat,fisk,1.0654809619238477,0.0067396806850952016
rat,fisk,1.0713927855711423,0.006554080098838713
rat,fisk,1.0773046092184368,0.006374559088946831
rat,fisk,1.0832164328657314,0.006200887305850084
rat,fisk,1.089128256513026,0.00603284428902694
rat,fisk,1.0950400801603206,0.00587021899358083
rat,fisk,1.1009519038076152,0.0057128093417709285
rat,fisk,1.1068637274549098,0.005560421798063592
rat,fisk,1.1127755511022044,0.0054128709663603235
rat,fisk,1.118687374749499,0.005269979208141067
rat,fisk,1.1245991983967936,0.005131576280339094
rat,fisk,1.1305110220440882,0.004997498991836166
rat,fisk,1.1364228456913827,0.0048675908775342325
rat,fisk,1.1423346693386773,0.0047417018890231945
rat,fisk,1.148246492985972,0.004619688100923313
rat,fisk,1.1541583166332665,0.00450141143203623
rat,fisk,1.160070140280561,0.004386739380490142
rat,fisk,1.1659819639278557,0.004275544772113266
rat,fisk,1.1718937875751503,0.004167705521314917
rat,fisk,1.1778056112224449,0.004063104403796032
rat,fisk,1.1837174348697395,0.003961628840450723
rat,fisk,1.189629258517034,0.003863170691857733
rat,fisk,1.1955410821643286,0.003767626062795517
rat,fisk,1.2014529058116232,0.0036748951162475403
rat,fisk,1.2073647294589178,0.003584881896394961
rat,fisk,1.2132765531062124,0.003497494160122806
rat,fisk,1.219188376753507,0.003412643216592713
rat,fisk,1.2251002004008016,0.0033302437744607096
rat,fisk,1.2310120240480962,0.0032502137963423823
rat,fisk,1.2369238476953908,0.0031724743601500884
rat,fisk,1.2428356713426854,0.0030969495269480038
rat,fisk,1.24874749498998,0.003023566214990474
rat,fisk,1.2546593186372745,0.002952254079627777
rat,fisk,1.2605711422845691,0.0028829453987808543
rat,fisk,1.2664829659318637,0.002815574963703006
rat,fisk,1.2723947895791583,0.002750079974762004
rat,fisk,1.278306613226453,0.0026863999419906473
rat,fisk,1.2842184368737475,0.0026244765901674363
rat,fisk,1.290130260521042,0.0025642537682019975
rat,fisk,1.2960420841683367,0.0025056773626119717
rat,fisk,1.3019539078156313,0.0024486952148896008
rat,fisk,1.3078657314629258,0.0023932570425669298
rat,fisk,1.3137775551102204,0.002339314363798797
rat,fisk,1.319689378757515,0.0022868204252923176
rat,fisk,1.3256012024048096,0.002235730133420594
rat,fisk,1.3315130260521042,0.0021859999883669513
rat,fisk,1.3374248496993988,0.0021375880211539963
rat,fisk,1.3433366733466934,0.002090453733419392
rat,fisk,1.349248496993988,0.002044558039807446
rat,fisk,1.3551603206412826,0.0019998632128523093
rat,fisk,1.3610721442885771,0.0019563328302350095
rat,fisk,1.3669839679358717,0.0019139317243025969
rat,fisk,1.3728957915831663,0.0018726259337433122
rat,fisk,1.378807615230461,0.0018323826573171484
rat,fisk,1.3847194388777555,0.0017931702095462406
rat,fisk,1.39063126252505,0.0017549579782743124
rat,fisk,1.3965430861723447,0.001717716384009016
rat,fisk,1.4024549098196393,0.0016814168409652554
rat,fisk,1.4083667334669339,0.0016460317197317042
rat,fisk,1.4142785571142285,0.0016115343114865629
rat,fisk,1.420190380761523,0.0015778987936922487
rat,fisk,1.4261022044088176,0.0015451001972022096
rat,fisk,1.4320140280561122,0.0015131143747162657
rat,fisk,1.4379258517034068,0.0014819179705240452
rat,fisk,1.4438376753507014,0.0014514883914789809
rat,fisk,1.449749498997996,0.001421803779148136
rat,fisk,1.4556613226452906,0.0013928429830857708
rat,fisk,1.4615731462925852,0.0013645855351810449
rat,fisk,1.4674849699398798,0.001337011625032653
rat,fisk,1.4733967935871743,0.001310102076305419
rat,fisk,1.479308617234469,0.0012838383240260185
rat,fisk,1.4852204408817635,0.0012582023927770302
rat,fisk,1.4911322645290581,0.001233176875750426
rat,fisk,1.4970440881763527,0.001208744914623456
rat,fisk,1.5029559118236473,0.0011848901802215973
rat,fisk,1.5088677354709419,0.00116159685393489
rat,fisk,1.5147795591182365,0.0011388496098555584
rat,fisk,1.520691382765531,0.0011166335976062675
rat,fisk,1.5266032064128257,0.0010949344258298264
rat,fisk,1.5325150300601202,0.001073738146312436
rat,fisk,1.5384268537074148,0.0010530312387138975
rat,fisk,1.5443386773547094,0.001032800595879382
rat,fisk,1.550250501002004,0.001013033509708531
rat,fisk,1.5561623246492986,0.0009937176575587445
rat,fisk,1.5620741482965932,0.0009748410891605597
rat,fisk,1.5679859719438878,0.000956392214024009
rat,fisk,1.5738977955911824,0.000938359789315805
rat,fisk,1.579809619238477,0.0009207329081880799
rat,fisk,1.5857214428857715,0.0009035009885402779
rat,fisk,1.5916332665330661,0.000886653762196599
rat,fisk,1.5975450901803607,0.000870181264482191
rat,fisk,1.6034569138276553,0.0008540738241819903
rat,fisk,1.60936873747495,0.0008383220538668534
rat,fisk,1.6152805611222445,0.0008229168405722656
rat,fisk,1.621192384769539,0.000807849336815563
rat,fisk,1.6271042084168337,0.0007931109519382108
rat,fisk,1.6330160320641283,0.0007786933437602667
rat,fisk,1.6389278557114229,0.0007645884105346944
rat,fisk,1.6448396793587174,0.0007507882831897512
rat,fisk,1.650751503006012,0.0007372853178481424
rat,fisk,1.6566633266533066,0.0007240720886121432
rat,fisk,1.6625751503006012,0.0007111413806043304
rat,fisk,1.6684869739478958,0.0006984861832540118
rat,fisk,1.6743987975951904,0.0006860996838198582
rat,fisk,1.680310621242485,0.0006739752611396354
rat,fisk,1.6862224448897796,0.0006621064795983214
rat,fisk,1.6921342685370742,0.0006504870833062561
rat,fisk,1.6980460921843687,0.0006391109904793114
rat,fisk,1.7039579158316633,0.0006279722880134088
rat,fisk,1.709869739478958,0.0006170652262460266
rat,fisk,1.7157815631262525,0.0006063842138976353
rat,fisk,1.721693386773547,0.0005959238131863025
rat,fisk,1.7276052104208417,0.000585678735108964
rat,fisk,1.7335170340681363,0.0005756438348831465
rat,fisk,1.7394288577154309,0.0005658141075431605
rat,fisk,1.7453406813627255,0.0005561846836850319
rat,fisk,1.75125250501002,0.0005467508253546746
rat,fisk,1.7571643286573146,0.0005375079220740174
rat,fisk,1.7630761523046092,0.0005284514870000221
rat,fisk,1.7689879759519038,0.0005195771532117222
rat,fisk,1.7748997995991984,0.0005108806701206108
rat,fisk,1.780811623246493,0.0005023578999998886
rat,fisk,1.7867234468937876,0.0004940048146282634
rat,fisk,1.7926352705410822,0.0004858174920441567
rat,fisk,1.7985470941883768,0.0004777921134063447
rat,fisk,1.8044589178356714,0.00046992495995720605
rat,fisk,1.810370741482966,0.00046221241008490477
rat,fisk,1.8162825651302605,0.0004546509364809805
rat,fisk,1.8221943887775551,0.0004472371033899473
rat,fisk,1.8281062124248497,0.0004399675639476438
rat,fisk,1.8340180360721443,0.00043283905760519326
rat,fisk,1.839929859719439,0.000425848407635561
rat,fisk,1.8458416833667335,0.00041899251871980553
rat,fisk,1.851753507014028,0.0004122683746102349
rat,fisk,1.8576653306613227,0.00040567303586778216
rat,fisk,1.8635771543086173,0.0003992036376710204
rat,fisk,1.8694889779559118,0.0003928573876943301
rat,fisk,1.8754008016032064,0.000386631564052829
rat,fisk,1.881312625250501,0.000380523513311763
rat,fisk,1.8872244488977956,0.0003745306485581428
rat,fisk,1.8931362725450902,0.00036865044753249385
rat,fisk,1.8990480961923848,0.0003628804508186674
rat,fisk,1.9049599198396794,0.00035721826008973406
rat,fisk,1.910871743486974,0.0003516615364080597
rat,fisk,1.9167835671342686,0.0003462079985777241
rat,fisk,1.9226953907815632,0.0003408554215475241
rat,fisk,1.9286072144288577,0.00033560163486285265
rat,fisk,1.9345190380761523,0.00033044452116481995
rat,fisk,1.940430861723447,0.0003253820147350338
rat,fisk,1.9463426853707415,0.0003204121000845197
rat,fisk,1.952254509018036,0.00031553281058531105
rat,fisk,1.9581663326653307,0.0003107422271432988
rat,fisk,1.9640781563126253,0.0003060384769109752
rat,fisk,1.9699899799599199,0.0003014197320387571
rat,fisk,1.9759018036072145,0.0002968842084636252
rat,fisk,1.981813627254509,0.00029243016473385263
rat,fisk,1.9877254509018036,0.0002880559008686491
rat,fisk,1.9936372745490982,0.0002837597572515807
rat,fisk,1.9995490981963928,0.0002795401135566711
rat,fisk,2.0054609218436874,0.00027539538770612496
rat,fisk,2.011372745490982,0.00027132403485865517
rat,fisk,2.0172845691382766,0.0002673245464274263
rat,fisk,2.023196392785571,0.0002633954491266677
rat,fisk,2.0291082164328658,0.00025953530404603545
rat,fisk,2.0350200400801604,0.00025574270575184124
rat,fisk,2.040931863727455,0.00025201628141428986
rat,fisk,2.0468436873747495,0.00024835468995990583
rat,fisk,2.052755511022044,0.0002447566212483471
rat,fisk,2.0586673346693387,0.0002412207952728389
rat,fisk,2.0645791583166333,0.00023774596138348672
rat,fisk,2.070490981963928,0.00023433089753274766
rat,fisk,2.0764028056112225,0.00023097440954237004
rat,fisk,2.082314629258517,0.00022767533039112976
rat,fisk,2.0882264529058117,0.00022443251952271898
rat,fisk,2.0941382765531062,0.00022124486217315955
rat,fisk,2.100050100200401,0.00021811126871713968
rat,fisk,2.1059619238476954,0.0002150306740326896
rat,fisk,2.11187374749499,0.00021200203688363152
rat,fisk,2.1177855711422846,0.00020902433931926036
rat,fisk,2.123697394789579,0.00020609658609072683
rat,fisk,2.129609218436874,0.00020321780408361434
rat,fisk,2.1355210420841684,0.00020038704176621714
rat,fisk,2.141432865731463,0.00019760336865304323
rat,fisk,2.1473446893787576,0.00019486587478308152
rat,fisk,2.153256513026052,0.00019217367021238824
rat,fisk,2.1591683366733467,0.0001895258845205613
rat,fisk,2.1650801603206413,0.00018692166633068664
rat,fisk,2.170991983967936,0.00018436018284235232
rat,fisk,2.1769038076152305,0.00018184061937734223
rat,fisk,2.182815631262525,0.00017936217893762925
rat,fisk,2.1887274549098197,0.0001769240817753064
rat,fisk,2.1946392785571143,0.00017452556497409922
rat,fisk,2.200551102204409,0.00017216588204211985
rat,fisk,2.2064629258517034,0.00016984430251552982
rat,fisk,2.212374749498998,0.0001675601115727934
rat,fisk,2.2182865731462926,0.00016531260965920962
rat,fisk,2.224198396793587,0.00016310111212142287
rat,fisk,2.230110220440882,0.00016092494885162225
rat,fisk,2.2360220440881764,0.00015878346394114726
rat,fisk,2.241933867735471,0.00015667601534322782
rat,fisk,2.2478456913827656,0.00015460197454459352
rat,fisk,2.25375751503006,0.00015256072624569828
rat,fisk,2.2596693386773548,0.00015055166804931036
rat,fisk,2.2655811623246493,0.0001485742101572294
rat,fisk,2.271492985971944,0.00014662777507489742
rat,fisk,2.2774048096192385,0.0001447117973236787
rat,fisk,2.283316633266533,0.00014282572316058983
rat,fisk,2.2892284569138277,0.0001409690103052685
rat,fisk,2.2951402805611223,0.00013914112767397753
rat,fisk,2.301052104208417,0.00013734155512044223
rat,fisk,2.3069639278557115,0.00013556978318333206
rat,fisk,2.312875751503006,0.0001338253128401974
rat,fisk,2.3187875751503007,0.0001321076552676819
rat,fisk,2.3246993987975952,0.0001304163316078344
rat,fisk,2.33061122244489,0.00012875087274034948
rat,fisk,2.3365230460921844,0.0001271108190605741
rat,fisk,2.342434869739479,0.00012549572026311712
rat,fisk,2.3483466933867736,0.00012390513513090947
rat,fisk,2.354258517034068,0.00012233863132956257
rat,fisk,2.3601703406813628,0.00012079578520687997
rat,fisk,2.3660821643286574,0.00011927618159738039
rat,fisk,2.371993987975952,0.00011777941363169476
rat,fisk,2.3779058116232465,0.00011630508255070399
rat,fisk,2.383817635270541,0.00011485279752428852
rat,fisk,2.3897294589178357,0.00011342217547456332
rat,fisk,2.3956412825651303,0.00011201284090347776
rat,fisk,2.401553106212425,0.00011062442572466162
rat,fisk,2.4074649298597195,0.00010925656909940177
rat,fisk,2.413376753507014,0.00010790891727663999
rat,fisk,2.4192885771543087,0.00010658112343688223
rat,fisk,2.4252004008016033,0.0001052728475399154
rat,fisk,2.431112224448898,0.00010398375617622944
rat,fisk,2.4370240480961924,0.00010271352242204565
rat,fisk,2.442935871743487,0.00010146182569785624
rat,fisk,2.4488476953907816,0.00010022835163038023
rat,fisk,2.454759519038076,9.901279191784687e-05
rat,fisk,2.460671342685371,9.781484419851766e-05
rat,fisk,2.4665831663326654,9.663421192236172e-05
rat,fisk,2.47249498997996,9.547060422580172e-05
rat,fisk,2.4784068136272546,9.432373580944993e-05
rat,fisk,2.484318637274549,9.319332681875563e-05
rat,fisk,2.4902304609218437,9.207910272748855e-05
rat,fisk,2.4961422845691383,9.098079422398367e-05
rat,fisk,2.502054108216433,8.989813710007616e-05
rat,fisk,2.5079659318637275,8.883087214265664e-05
rat,fisk,2.513877755511022,8.777874502777856e-05
rat,fisk,2.5197895791583167,8.674150621725232e-05
rat,fisk,2.5257014028056113,8.571891085766194e-05
rat,fisk,2.531613226452906,8.47107186817417e-05
rat,fisk,2.5375250501002005,8.371669391205285e-05
rat,fisk,2.543436873747495,8.273660516690098e-05
rat,fisk,2.5493486973947896,8.177022536843741e-05
rat,fisk,2.5552605210420842,8.08173316528886e-05
rat,fisk,2.561172344689379,7.987770528285971e-05
rat,fisk,2.5670841683366734,7.89511315616597e-05
rat,fisk,2.572995991983968,7.803739974959691e-05
rat,fisk,2.5789078156312626,7.71363029821954e-05
rat,fisk,2.584819639278557,7.624763819028364e-05
rat,fisk,2.5907314629258518,7.537120602190877e-05
rat,fisk,2.5966432865731464,7.450681076603025e-05
rat,fisk,2.602555110220441,7.365426027794873e-05
rat,fisk,2.6084669338677355,7.28133659064273e-05
rat,fisk,2.61437875751503,7.198394242246161e-05
rat,fisk,2.6202905811623247,7.116580794965977e-05
rat,fisk,2.6262024048096193,7.035878389619061e-05
rat,fisk,2.632114228456914,6.956269488826253e-05
rat,fisk,2.6380260521042085,6.877736870509412e-05
rat,fisk,2.643937875751503,6.800263621534171e-05
rat,fisk,2.6498496993987977,6.723833131494565e-05
rat,fisk,2.6557615230460923,6.648429086636265e-05
rat,fisk,2.661673346693387,6.574035463914877e-05
rat,fisk,2.6675851703406814,6.50063652518616e-05
rat,fisk,2.673496993987976,6.428216811524795e-05
rat,fisk,2.6794088176352706,6.356761137668698e-05
rat,fisk,2.685320641282565,6.286254586585807e-05
rat,fisk,2.69123246492986,6.216682504160329e-05
rat,fisk,2.6971442885771544,6.148030493995661e-05
rat,fisk,2.703056112224449,6.0802844123310643e-05
rat,fisk,2.7089679358717436,6.013430363069478e-05
rat,fisk,2.714879759519038,5.9474546929137044e-05
rat,fisk,2.7207915831663327,5.8823439866084294e-05
rat,fisk,2.7267034068136273,5.818085062285542e-05
rat,fisk,2.732615230460922,5.754664966910308e-05
rat,fisk,2.7385270541082165,5.692070971825944e-05
rat,fisk,2.744438877755511,5.630290568394343e-05
rat,fisk,2.7503507014028057,5.569311463730602e-05
rat,fisk,2.7562625250501003,5.50912157652917e-05
rat,fisk,2.762174348697395,5.44970903297949e-05
rat,fisk,2.7680861723446895,5.3910621627689276e-05
rat,fisk,2.773997995991984,5.3331694951710776e-05
rat,fisk,2.7799098196392786,5.276019755217338e-05
rat,fisk,2.7858216432865732,5.219601859949848e-05
rat,fisk,2.791733466933868,5.163904914753909e-05
rat,fisk,2.7976452905811624,5.108918209768006e-05
rat,fisk,2.803557114228457,5.05463121636965e-05
rat,fisk,2.8094689378757516,5.001033583735292e-05
rat,fisk,2.815380761523046,4.94811513547255e-05
rat,fisk,2.8212925851703408,4.8958658663231474e-05
rat,fisk,2.8272044088176354,4.844275938934885e-05
rat,fisk,2.83311623246493,4.793335680701082e-05
rat,fisk,2.8390280561122245,4.7430355806659186e-05
rat,fisk,2.844939879759519,4.6933662864942236e-05
rat,fisk,2.8508517034068137,4.6443186015041514e-05
rat,fisk,2.8567635270541083,4.595883481761407e-05
rat,fisk,2.862675350701403,4.548052033233547e-05
rat,fisk,2.8685871743486975,4.500815509003037e-05
rat,fisk,2.874498997995992,4.454165306537723e-05
rat,fisk,2.8804108216432867,4.408092965017391e-05
rat,fisk,2.8863226452905812,4.362590162715217e-05
rat,fisk,2.892234468937876,4.3176487144327936e-05
rat,fisk,2.8981462925851704,4.273260568987582e-05
rat,fisk,2.904058116232465,4.229417806751596e-05
rat,fisk,2.9099699398797596,4.186112637240183e-05
rat,fisk,2.915881763527054,4.1433373967497575e-05
rat,fisk,2.921793587174349,4.101084546043434e-05
rat,fisk,2.9277054108216434,4.0593466680834496e-05
rat,fisk,2.933617234468938,4.0181164658093916e-05
rat,fisk,2.9395290581162326,3.977386759961162e-05
rat,fisk,2.945440881763527,3.9371504869457255e-05
rat,fisk,2.9513527054108217,3.8974006967466666e-05
rat,fisk,2.9572645290581163,3.8581305508756004e-05
rat,fisk,2.963176352705411,3.819333320364539e-05
rat,fisk,2.9690881763527055,3.781002383798302e-05
rat,fisk,2.975,3.743131225386085e-05
rat,gamma,0.025,0.019908178069853708
rat,gamma,0.03091182364729459,0.04489779160688995
rat,gamma,0.03682364729458918,0.08576534961294772
rat,gamma,0.04273547094188377,0.14583683327257096
rat,gamma,0.04864729458917836,0.22752615721631253
rat,gamma,0.05455911823647295,0.33220313732927664
rat,gamma,0.06047094188376754,0.4601727563690318
rat,gamma,0.06638276553106212,0.610736234786449
rat,gamma,0.07229458917835671,0.7823074046222119
rat,gamma,0.0782064128256513,0.9725621667050893
rat,gamma,0.08411823647294589,1.1786033465053247
rat,gamma,0.09003006012024048,1.3971275268267644
rat,gamma,0.09594188376753507,1.6245841830996568
rat,gamma,0.10185370741482966,1.8573205935849812
rat,gamma,0.10776553106212425,2.091708543038694
rat,gamma,0.11367735470941884,2.3242508303718745
rat,gamma,0.11958917835671343,2.5516670957439307
rat,gamma,0.12550100200400802,2.770959574395994
rat,gamma,0.1314128256513026,2.979460136194139
rat,gamma,0.1373246492985972,3.1748604485104948
rat,gamma,0.14323647294589179,3.3552273652145854
rat,gamma,0.14914829659318637,3.519005747251271
rat,gamma,0.15506012024048096,3.665010903324172
rat,gamma,0.16097194388777555,3.79241273764876
rat,gamma,0.16688376753507014,3.900713533746005
rat,gamma,0.17279559118236473,3.989721110967471
rat,gamma,0.17870741482965932,4.059518880915763
rat,gamma,0.1846192384769539,4.110434116923667
rat,gamma,0.1905310621242485,4.143005540555249
rat,gamma,0.1964428857715431,4.157951131142362
rat,gamma,0.20235470941883768,4.156136881882152
rat,gamma,0.20826653306613227,4.138547061463211
rat,gamma,0.21417835671342686,4.10625639469873
rat,gamma,0.22009018036072145,4.060404449374644
rat,gamma,0.22600200400801604,4.00217240890797
rat,gamma,0.23191382765531063,3.9327623204023325
rat,gamma,0.23782565130260522,3.8533788339160338
rat,gamma,0.2437374749498998,3.7652133896720295
rat,gamma,0.2496492985971944,3.6694307639099786
rat,gamma,0.255561122244489,3.5671578494757785
rat,gamma,0.2614729458917836,3.4594745224833563
rat,gamma,0.2673847695390782,3.347406429974715
rat,gamma,0.2732965931863728,3.231919524069418
rat,gamma,0.27920841683366737,3.1139161643817865
rat,gamma,0.28512024048096196,2.9942326113741706
rat,gamma,0.29103206412825655,2.8736377378213436
rat,gamma,0.29694388777555114,2.752832792827041
rat,gamma,0.30285571142284573,2.632452062122554
rat,gamma,0.3087675350701403,2.5130642790660644
rat,gamma,0.3146793587174349,2.3951746523296062
rat,gamma,0.3205911823647295,2.279227388280216
rat,gamma,0.3265030060120241,2.1656085981868407
rat,gamma,0.3324148296593187,2.0546494923410497
rat,gamma,0.33832665330661327,1.9466297747555945
rat,gamma,0.34423847695390786,1.841781163141681
rat,gamma,0.35015030060120245,1.7402909692504938
rat,gamma,0.35606212424849704,1.6423056843211137
rat,gamma,0.3619739478957916,1.5479345232607198
rat,gamma,0.3678857715430862,1.4572528892754137
rat,gamma,0.3737975951903808,1.370305727970995
rat,gamma,0.3797094188376754,1.2871107464701723
rat,gamma,0.38562124248497,1.2076614788741298
rat,gamma,0.3915330661322646,1.1319301844700043
rat,gamma,0.39744488977955916,1.059870569494839
rat,gamma,0.40335671342685375,0.991420327059257
rat,gamma,0.40926853707414834,0.9265034930594302
rat,gamma,0.41518036072144293,0.8650326186148641
rat,gamma,0.4210921843687375,0.8069107618117437
rat,gamma,0.4270040080160321,0.7520333033557638
rat,gamma,0.4329158316633267,0.700289592191039
rat,gamma,0.4388276553106213,0.6515644282669952
rat,gamma,0.4447394789579159,0.6057393904742353
rat,gamma,0.45065130260521047,0.5626940183616116
rat,gamma,0.45656312625250506,0.5223068566252502
rat,gamma,0.46247494989979965,0.4844563715579444
rat,gamma,0.46838677354709424,0.4490217486933016
rat,gamma,0.4742985971943888,0.41588358079911913
rat,gamma,0.4802104208416834,0.3849244551918886
rat,gamma,0.486122244488978,0.3560294490794575
rat,gamma,0.4920340681362726,0.32908654130975895
rat,gamma,0.4979458917835672,0.3039869485257038
rat,gamma,0.5038577154308618,0.28062539331333447
rat,gamma,0.5097695390781564,0.25890031149377724
rat,gamma,0.515681362725451,0.23871400525914238
rat,gamma,0.5215931863727455,0.21997274839658487
rat,gamma,0.5275050100200401,0.20258684939011215
rat,gamma,0.5334168336673347,0.18647067774189732
rat,gamma,0.5393286573146293,0.1715426584184639
rat,gamma,0.5452404809619239,0.15772523890552323
rat,gamma,0.5511523046092185,0.14494483295132202
rat,gamma,0.5570641282565131,0.13313174469394143
rat,gamma,0.5629759519038077,0.12222007650456042
rat,gamma,0.5688877755511023,0.11214762353703597
rat,gamma,0.5747995991983968,0.10285575765470777
rat,gamma,0.5807114228456914,0.09428930310815935
rat,gamma,0.586623246492986,0.08639640606249546
rat,gamma,0.5925350701402806,0.07912839981909162
rat,gamma,0.5984468937875752,0.07243966734401261
rat,gamma,0.6043587174348698,0.0662875025026229
rat,gamma,0.6102705410821644,0.060631971206360456
rat,gamma,0.616182364729459,0.05543577350225069
rat,gamma,0.6220941883767536,0.05066410747743381
rat,gamma,0.6280060120240482,0.04628453570870613
rat,gamma,0.6339178356713427,0.04226685485975173
rat,gamma,0.6398296593186373,0.0385829689152941
rat,gamma,0.6457414829659319,0.035206766440775125
rat,gamma,0.6516533066132265,0.03211400216735679
rat,gamma,0.6575651302605211,0.02928218312404043
rat,gamma,0.6634769539078157,0.026690459470590674
rat,gamma,0.6693887775551103,0.024319520125818693
rat,gamma,0.6753006012024049,0.02215149323479666
rat,gamma,0.6812124248496995,0.020169851474940458
rat,gamma,0.687124248496994,0.018359322163873006
rat,gamma,0.6930360721442886,0.016705802100875876
rat,gamma,0.6989478957915832,0.015196277047916373
rat,gamma,0.7048597194388778,0.013818745735108858
rat,gamma,0.7107715430861724,0.01256214825849585
rat,gamma,0.716683366733467,0.011416298724717805
rat,gamma,0.7225951903807616,0.010371821987033082
rat,gamma,0.7285070140280562,0.00942009430983507
rat,gamma,0.7344188376753508,0.008553187793928678
rat,gamma,0.7403306613226454,0.007763818392029031
rat,gamma,0.74624248496994,0.007045297342938148
rat,gamma,0.7521543086172345,0.006391485853363317
rat,gamma,0.7580661322645291,0.005796752858128798
rat,gamma,0.7639779559118237,0.005255935692381176
rat,gamma,0.7698897795591183,0.004764303513111022
rat,gamma,0.7758016032064129,0.004317523311740595
rat,gamma,0.7817134268537075,0.003911628364511885
rat,gamma,0.7876252505010021,0.00354298897282281
rat,gamma,0.7935370741482967,0.003208285351389279
rat,gamma,0.7994488977955913,0.0029044825280604477
rat,gamma,0.8053607214428858,0.002628807125199567
rat,gamma,0.8112725450901804,0.0023787258986928397
rat,gamma,0.817184368737475,0.0021519259168023865
rat,gamma,0.8230961923847696,0.0019462962671860146
rat,gamma,0.8290080160320642,0.001759911186423606
rat,gamma,0.8349198396793588,0.0015910145122828912
rat,gamma,0.8408316633266534,0.0014380053646976788
rat,gamma,0.846743486973948,0.0012994249669968736
rat,gamma,0.8526553106212426,0.001173944524296106
rat,gamma,0.8585671342685371,0.0010603540811316224
rat,gamma,0.8644789579158317,0.000957552285370138
rat,gamma,0.8703907815631263,0.0008645369901623445
rat,gamma,0.8763026052104209,0.0007803966302185292
rat,gamma,0.8822144288577155,0.0007043023129721871
rat,gamma,0.8881262525050101,0.000635500569262313
rat,gamma,0.8940380761523047,0.000573306712010756
rat,gamma,0.8999498997995993,0.0005170987550014822
rat,gamma,0.9058617234468939,0.0004663118472896533
rat,gamma,0.9117735470941885,0.00042043318198608864
rat,gamma,0.917685370741483,0.0003789973411840589
rat,gamma,0.9235971943887776,0.0003415820416278988
rat,gamma,0.9295090180360722,0.00030780424837446906
rat,gamma,0.9354208416833668,0.00027731662617701226
rat,gamma,0.9413326653306614,0.0002498043006347694
rat,gamma,0.947244488977956,0.0002249819033089003
rat,gamma,0.9531563126252506,0.00020259087701404878
rat,gamma,0.9590681362725452,0.00018239701936334336
rat,gamma,0.9649799599198398,0.0001641882443806066
rat,gamma,0.9708917835671343,0.0001477725436047733
rat,gamma,0.9768036072144289,0.0001329761296054729
rat,gamma,0.9827154308617235,0.00011964174621259238
rat,gamma,0.9886272545090181,0.00010762713104334159
rat,gamma,0.9945390781563127,9.680361709455406e-05
rat,gamma,1.0004509018036072,8.705486126199714e-05
rat,gamma,1.0063627254509018,7.827568865835744e-05
rat,gamma,1.0122745490981964,7.037104253310292e-05
rat,gamma,1.018186372745491,6.32550304559629e-05
rat,gamma,1.0240981963927855,5.685005821650702e-05
rat,gamma,1.0300100200400801,5.1086043620049296e-05
rat,gamma,1.0359218436873747,4.5899703029426594e-05
rat,gamma,1.0418336673346693,4.1233904117392596e-05
rat,gamma,1.047745490981964,3.7037078859422855e-05
rat,gamma,1.0536573146292585,3.3262691315432526e-05
rat,gamma,1.059569138276553,2.986875522476715e-05
rat,gamma,1.0654809619238477,2.6817396875123634e-05
rat,gamma,1.0713927855711423,2.407445910586229e-05
rat,gamma,1.0773046092184368,2.160914267232985e-05
rat,gamma,1.0832164328657314,1.939368153297639e-05
rat,gamma,1.089128256513026,1.7403048927686575e-05
rat,gamma,1.0950400801603206,1.561469139613972e-05
rat,gamma,1.1009519038076152,1.4008288141286388e-05
rat,gamma,1.1068637274549098,1.2565533377141002e-05
rat,gamma,1.1127755511022044,1.1269939513861872e-05
rat,gamma,1.118687374749499,1.0106659228196841e-05
rat,gamma,1.1245991983967936,9.062324645365895e-06
rat,gamma,1.1305110220440882,8.124902020764577e-06
rat,gamma,1.1364228456913827,7.283560457819861e-06
rat,gamma,1.1423346693386773,6.528553333131748e-06
rat,gamma,1.148246492985972,5.851111222806493e-06
rat,gamma,1.1541583166332665,5.243345235660493e-06
rat,gamma,1.160070140280561,4.698159760695153e-06
rat,gamma,1.1659819639278557,4.209173728780171e-06
rat,gamma,1.1718937875751503,3.770649572635107e-06
rat,gamma,1.1778056112224449,3.377429145698599e-06
rat,gamma,1.1837174348697395,3.0248759299925298e-06
rat,gamma,1.189629258517034,2.708822926241203e-06
rat,gamma,1.1955410821643286,2.4255256768548e-06
rat,gamma,1.2014529058116232,2.1716199244509086e-06
rat,gamma,1.2073647294589178,1.944083455836303e-06
rat,gamma,1.2132765531062124,1.740201724238499e-06
rat,gamma,1.219188376753507,1.557536881454199e-06
rat,gamma,1.2251002004008016,1.3938998868324908e-06
rat,gamma,1.2310120240480962,1.2473253919619476e-06
rat,gamma,1.2369238476953908,1.1160491288835027e-06
rat,gamma,1.2428356713426854,9.984875558788838e-07
rat,gamma,1.24874749498998,8.932195386373703e-07
rat,gamma,1.2546593186372745,7.989698661091098e-07
rat,gamma,1.2605711422845691,7.145944198185562e-07
rat,gamma,1.2664829659318637,6.390668330258046e-07
rat,gamma,1.2723947895791583,5.714664920583718e-07
rat,gamma,1.278306613226453,5.109677465477962e-07
rat,gamma,1.2842184368737475,4.56830208336497e-07
rat,gamma,1.290130260521042,4.0839003060020963e-07
rat,gamma,1.2960420841683367,3.650520693771959e-07
rat,gamma,1.3019539078156313,3.262828393144521e-07
rat,gamma,1.3078657314629258,2.916041841302009e-07
rat,gamma,1.3137775551102204,2.60587590139077e-07
rat,gamma,1.319689378757515,2.3284907827165544e-07
rat,gamma,1.3256012024048096,2.080446164158253e-07
rat,gamma,1.3315130260521042,1.8586599967975561e-07
rat,gamma,1.3374248496993988,1.6603715138452555e-07
rat,gamma,1.3433366733466934,1.483108022930097e-07
rat,gamma,1.349248496993988,1.3246550981924218e-07
rat,gamma,1.3551603206412826,1.1830298278375903e-07
rat,gamma,1.3610721442885771,1.0564568072543905e-07
rat,gamma,1.3669839679358717,9.433465988562468e-08
rat,gamma,1.3728957915831663,8.4227640778688e-08
rat,gamma,1.378807615230461,7.519727478464077e-08
rat,gamma,1.3847194388777555,6.712958947072706e-08
rat,gamma,1.39063126252505,5.992259439471335e-08
rat,gamma,1.3965430861723447,5.348503098476712e-08
rat,gamma,1.4024549098196393,4.773525174941832e-08
rat,gamma,1.4083667334669339,4.2600215564093506e-08
rat,gamma,1.4142785571142285,3.8014587124442915e-08
rat,gamma,1.420190380761523,3.391992986580989e-08
rat,gamma,1.4261022044088176,3.026398273606079e-08
rat,gamma,1.4320140280561122,2.7000012187546896e-08
rat,gamma,1.4379258517034068,2.4086231634080366e-08
rat,gamma,1.4438376753507014,2.1485281410226097e-08
rat,gamma,1.449749498997996,1.916376298176451e-08
rat,gamma,1.4556613226452906,1.709182179581922e-08
rat,gamma,1.4615731462925852,1.5242773734060613e-08
rat,gamma,1.4674849699398798,1.3592770649023265e-08
rat,gamma,1.4733967935871743,1.2120500927796774e-08
rat,gamma,1.479308617234469,1.080692144436764e-08
rat,gamma,1.4852204408817635,9.63501763649159e-09
rat,gamma,1.4911322645290581,8.589588779386954e-09
rat,gamma,1.4970440881763527,7.657055830641127e-09
rat,gamma,1.5029559118236473,6.825289491946228e-09
rat,gamma,1.5088677354709419,6.0834563767668976e-09
rat,gamma,1.5147795591182365,5.421881391588633e-09
rat,gamma,1.520691382765531,4.831924634525328e-09
rat,gamma,1.5266032064128257,4.3058712910622284e-09
rat,gamma,1.5325150300601202,3.836833164609388e-09
rat,gamma,1.5384268537074148,3.4186606211928914e-09
rat,gamma,1.5443386773547094,3.0458638546629714e-09
rat,gamma,1.550250501002004,2.7135424927454934e-09
rat,gamma,1.5561623246492986,2.4173226664398285e-09
rat,gamma,1.5620741482965932,2.1533007568792027e-09
rat,gamma,1.5679859719438878,1.9179931158980975e-09
rat,gamma,1.5738977955911824,1.7082911301700526e-09
rat,gamma,1.579809619238477,1.5214210647595063e-09
rat,gamma,1.5857214428857715,1.354908181060468e-09
rat,gamma,1.5916332665330661,1.2065446770759182e-09
rat,gamma,1.5975450901803607,1.074361045459241e-09
rat,gamma,1.6034569138276553,9.566004872618524e-10
rat,gamma,1.60936873747495,8.516960574184746e-10
rat,gamma,1.6152805611222445,7.582502521138852e-10
rat,gamma,1.621192384769539,6.750167787218571e-10
rat,gamma,1.6271042084168337,6.008842763594931e-10
rat,gamma,1.6330160320641283,5.348617795881256e-10
rat,gamma,1.6389278557114229,4.760657397142607e-10
rat,gamma,1.6448396793587174,4.237084377660423e-10
rat,gamma,1.650751503006012,3.7708764078294157e-10
rat,gamma,1.6566633266533066,3.355773687724946e-10
rat,gamma,1.6625751503006012,2.9861965375106337e-10
rat,gamma,1.6684869739478958,2.657171848678487e-10
rat,gamma,1.6743987975951904,2.3642674486786204e-10
rat,gamma,1.680310621242485,2.103533532186305e-10
rat,gamma,1.6862224448897796,1.8714504023146936e-10
rat,gamma,1.6921342685370742,1.6648818456280267e-10
rat,gamma,1.6980460921843687,1.4810335368361504e-10
rat,gamma,1.7039579158316633,1.317415933456395e-10
rat,gamma,1.709869739478958,1.1718111783094505e-10
rat,gamma,1.7157815631262525,1.0422435791938475e-10
rat,gamma,1.721693386773547,9.269532810977083e-11
rat,gamma,1.7276052104208417,8.243727874359293e-11
rat,gamma,1.7335170340681363,7.33106023557832e-11
rat,gamma,1.7394288577154309,6.519096686189003e-11
rat,gamma,1.7453406813627255,5.7967651126141466e-11
rat,gamma,1.75125250501002,5.1542061077383714e-11
rat,gamma,1.7571643286573146,4.582640688275336e-11
rat,gamma,1.7630761523046092,4.0742523781900056e-11
rat,gamma,1.7689879759519038,3.622082105402143e-11
rat,gamma,1.7748997995991984,3.219934525969616e-11
rat,gamma,1.780811623246493,2.8622945390670974e-11
rat,gamma,1.7867234468937876,2.5442528892353818e-11
rat,gamma,1.7926352705410822,2.2614398712778996e-11
rat,gamma,1.7985470941883768,2.0099662593393838e-11
rat,gamma,1.8044589178356714,1.786370676477031e-11
rat,gamma,1.810370741482966,1.587572705637549e-11
rat,gamma,1.8162825651302605,1.4108311184731237e-11
rat,gamma,1.8221943887775551,1.2537066658312198e-11
rat,gamma,1.8281062124248497,1.1140289339091092e-11
rat,gamma,1.8340180360721443,9.898668237447426e-12
rat,gamma,1.839929859719439,8.795022596174245e-12
rat,gamma,1.8458416833667335,7.814067746711005e-12
rat,gamma,1.851753507014028,6.942206602047675e-12
rat,gamma,1.8576653306613227,6.167343990915943e-12
rat,gamma,1.8635771543086173,5.478721341333324e-12
rat,gamma,1.8694889779559118,4.866769492230241e-12
rat,gamma,1.8754008016032064,4.32297765329692e-12
rat,gamma,1.881312625250501,3.8397767484829695e-12
rat,gamma,1.8872244488977956,3.4104355705732687e-12
rat,gamma,1.8931362725450902,3.0289683454651887e-12
rat,gamma,1.8990480961923848,2.6900524574174174e-12
rat,gamma,1.9049599198396794,2.3889552226382843e-12
rat,gamma,1.910871743486974,2.121468719909204e-12
rat,gamma,1.9167835671342686,1.883851795097959e-12
rat,gamma,1.9226953907815632,1.6727784528251225e-12
rat,gamma,1.9286072144288577,1.485291934478296e-12
rat,gamma,1.9345190380761523,1.3187638583539078e-12
rat,gamma,1.940430861723447,1.1708578659593544e-12
rat,gamma,1.9463426853707415,1.0394972793288868e-12
rat,gamma,1.952254509018036,9.228363284028739e-13
rat,gamma,1.9581663326653307,8.192345558085871e-13
rat,gamma,1.9640781563126253,7.272340494029038e-13
rat,gamma,1.9699899799599199,6.455391912656868e-13
rat,gamma,1.9759018036072145,5.729986459758468e-13
rat,gamma,1.981813627254509,5.085893414163233e-13
rat,gamma,1.9877254509018036,4.514022224438563e-13
rat,gamma,1.9936372745490982,4.0062958188741263e-13
rat,gamma,1.9995490981963928,3.5555379482678994e-13
rat,gamma,2.0054609218436874,3.155373012389193e-13
rat,gamma,2.011372745490982,2.8001369913926395e-13
rat,gamma,2.0172845691382766,2.484798255187101e-13
rat,gamma,2.023196392785571,2.2048871588564494e-13
rat,gamma,2.0291082164328658,1.9564334525064942e-13
rat,gamma,2.0350200400801604,1.7359106409887833e-13
rat,gamma,2.040931863727455,1.5401865242726655e-13
rat,gamma,2.0468436873747495,1.3664792340863917e-13
rat,gamma,2.052755511022044,1.2123181579727295e-13
rat,gamma,2.0586673346693387,1.0755092091241184e-13
rat,gamma,2.0645791583166333,9.541039601881356e-14
rat,gamma,2.070490981963928,8.463722124746339e-14
rat,gamma,2.0764028056112225,7.507776193743517e-14
rat,gamma,2.082314629258517,6.659560249579735e-14
rat,gamma,2.0882264529058117,5.906962162368559e-14
rat,gamma,2.0941382765531062,5.239228209430989e-14
rat,gamma,2.100050100200401,4.6468111238048865e-14
rat,gamma,2.1059619238476954,4.1212350931533444e-14
rat,gamma,2.11187374749499,3.6549758237592774e-14
rat,gamma,2.1177855711422846,3.2413539933402675e-14
rat,gamma,2.123697394789579,2.874440602355294e-14
rat,gamma,2.129609218436874,2.548972898859626e-14
rat,gamma,2.1355210420841684,2.2602796990532045e-14
rat,gamma,2.141432865731463,2.0042150564810234e-14
rat,gamma,2.1473446893787576,1.7770993491764122e-14
rat,gamma,2.153256513026052,1.5756669574847155e-14
rat,gamma,2.1591683366733467,1.3970197972919879e-14
rat,gamma,2.1650801603206413,1.2385860551716456e-14
rat,gamma,2.170991983967936,1.0980835446831444e-14
rat,gamma,2.1769038076152305,9.734871677084326e-15
rat,gamma,2.182815631262525,8.630000221899147e-15
rat,gamma,2.1887274549098197,7.650277487289469e-15
rat,gamma,2.1946392785571143,6.781557539246643e-15
rat,gamma,2.200551102204409,6.011289887061711e-15
rat,gamma,2.2064629258517034,5.3283399579687906e-15
rat,gamma,2.212374749498998,4.7228297234439974e-15
rat,gamma,2.2182865731462926,4.185996220963373e-15
rat,gamma,2.224198396793587,3.710065966939305e-15
rat,gamma,2.230110220440882,3.288143480428514e-15
rat,gamma,2.2360220440881764,2.9141123361416627e-15
rat,gamma,2.241933867735471,2.5825473420556684e-15
rat,gamma,2.2478456913827656,2.288636594000172e-15
rat,gamma,2.25375751503006,2.028112299142091e-15
rat,gamma,2.2596693386773548,1.7971893842829464e-15
rat,gamma,2.2655811623246493,1.5925110150344432e-15
rat,gamma,2.271492985971944,1.4111002497955284e-15
rat,gamma,2.2774048096192385,1.2503171393832118e-15
rat,gamma,2.283316633266533,1.1078206603877882e-15
rat,gamma,2.2892284569138277,9.815349389125794e-16
rat,gamma,2.2951402805611223,8.69619282280333e-16
rat,gamma,2.301052104208417,7.704415903973494e-16
rat,gamma,2.3069639278557115,6.825547665225419e-16
rat,gamma,2.312875751503006,6.046757898667775e-16
rat,gamma,2.3187875751503007,5.356671503484743e-16
rat,gamma,2.3246993987975952,4.745203794877756e-16
rat,gamma,2.33061122244489,4.2034144130742565e-16
rat,gamma,2.3365230460921844,3.7233777364575756e-16
rat,gamma,2.342434869739479,3.2980679384905003e-16
rat,gamma,2.3483466933867736,2.921257037307811e-16
rat,gamma,2.354258517034068,2.5874244725843644e-16
rat,gamma,2.3601703406813628,2.2916769091788764e-16
rat,gamma,2.3660821643286574,2.029677113434678e-16
rat,gamma,2.371993987975952,1.7975808779669518e-16
rat,gamma,2.3779058116232465,1.5919810861149313e-16
rat,gamma,2.383817635270541,1.4098581096292005e-16
rat,gamma,2.3897294589178357,1.2485358240446933e-16
rat,gamma,2.3956412825651303,1.1056426068556473e-16
rat,gamma,2.401553106212425,9.790767552000097e-17
rat,gamma,2.4074649298597195,8.669758232996267e-17
rat,gamma,2.413376753507014,7.676894362898348e-17
rat,gamma,2.4192885771543087,6.797551871126233e-17
rat,gamma,2.4252004008016033,6.018772675527509e-17
rat,gamma,2.431112224448898,5.3290752389978617e-17
rat,gamma,2.4370240480961924,4.7182866268285e-17
rat,gamma,2.442935871743487,4.177393629478987e-17
rat,gamma,2.4488476953907816,3.6984107907291984e-17
rat,gamma,2.454759519038076,3.274263425374858e-17
rat,gamma,2.460671342685371,2.8986839272963744e-17
rat,gamma,2.4665831663326654,2.566119860942813e-17
rat,gamma,2.47249498997996,2.2716524997920186e-17
rat,gamma,2.4784068136272546,2.0109246266115364e-17
rat,gamma,2.484318637274549,1.7800765445266445e-17
rat,gamma,2.4902304609218437,1.575689366922964e-17
rat,gamma,2.4961422845691383,1.3947347597826925e-17
rat,gamma,2.502054108216433,1.2345304036918935e-17
rat,gamma,2.5079659318637275,1.092700525805411e-17
rat,gamma,2.513877755511022,9.671409257144226e-18
rat,gamma,2.5197895791583167,8.559879844840875e-18
rat,gamma,2.5257014028056113,7.575912040614314e-18
rat,gamma,2.531613226452906,6.704888756267508e-18
rat,gamma,2.5375250501002005,5.933865210191378e-18
rat,gamma,2.543436873747495,5.251377917637714e-18
rat,gamma,2.5493486973947896,4.647275460493426e-18
rat,gamma,2.5552605210420842,4.1125685576548576e-18
rat,gamma,2.561172344689379,3.639297238713727e-18
rat,gamma,2.5670841683366734,3.2204131733500943e-18
rat,gamma,2.572995991983968,2.849675430195236e-18
rat,gamma,2.5789078156312626,2.5215581351824767e-18
rat,gamma,2.584819639278557,2.2311686733901684e-18
rat,gamma,2.5907314629258518,1.974175232620476e-18
rat,gamma,2.5966432865731464,1.7467426236856425e-18
rat,gamma,2.602555110220441,1.5454754335759703e-18
rat,gamma,2.6084669338677355,1.36736767511793e-18
rat,gamma,2.61437875751503,1.2097581919608168e-18
rat,gamma,2.6202905811623247,1.0702911621355625e-18
rat,gamma,2.6262024048096193,9.468811182425831e-19
rat,gamma,2.632114228456914,8.376819686299222e-19
rat,gamma,2.6380260521042085,7.410595626889855e-19
rat,gamma,2.643937875751503,6.555673954739369e-19
rat,gamma,2.6498496993987977,5.7992509300563705e-19
rat,gamma,2.6557615230460923,5.12999360521561e-19
rat,gamma,2.661673346693387,4.537871121781819e-19
rat,gamma,2.6675851703406814,4.0140053282999057e-19
rat,gamma,2.673496993987976,3.5505385096892064e-19
rat,gamma,2.6794088176352706,3.140516271256394e-19
rat,gamma,2.685320641282565,2.7777838437779056e-19
rat,gamma,2.69123246492986,2.4568942740785233e-19
rat,gamma,2.6971442885771544,2.173027140934291e-19
rat,gamma,2.703056112224449,1.9219165915305612e-19
rat,gamma,2.7089679358717436,1.699787631383489e-19
rat,gamma,2.714879759519038,1.5032997226042028e-19
rat,gamma,2.7207915831663327,1.3294968534377084e-19
rat,gamma,2.7267034068136273,1.1757633377295837e-19
rat,gamma,2.732615230460922,1.0397846877656813e-19
rat,gamma,2.7385270541082165,9.195129790414738e-20
rat,gamma,2.744438877755511,8.131361920494992e-20
rat,gamma,2.7503507014028057,7.190510751054836e-20
rat,gamma,2.7562625250501003,6.358391244311666e-20
rat,gamma,2.762174348697395,5.622453239450581e-20
rat,gamma,2.7680861723446895,4.9715932815922397e-20
rat,gamma,2.773997995991984,4.395988078460451e-20
rat,gamma,2.7799098196392786,3.8869471025720616e-20
rat,gamma,2.7858216432865732,3.436782141210833e-20
rat,gamma,2.791733466933868,3.038691848349822e-20
rat,gamma,2.7976452905811624,2.686659575755927e-20
rat,gamma,2.803557114228457,2.3753629580517557e-20
rat,gamma,2.8094689378757516,2.100093901432912e-20
rat,gamma,2.815380761523046,1.856687780632748e-20
rat,gamma,2.8212925851703408,1.6414607858795702e-20
rat,gamma,2.8272044088176354,1.4511544830330046e-20
rat,gamma,2.83311623246493,1.2828867576116916e-20
rat,gamma,2.8390280561122245,1.1341084086291358e-20
rat,gamma,2.844939879759519,1.0025647424438182e-20
rat,gamma,2.8508517034068137,8.862615914568659e-21
rat,gamma,2.8567635270541083,7.83435248558861e-21
rat,gamma,2.862675350701403,6.925258667181862e-21
rat,gamma,2.8685871743486975,6.121539248840296e-21
rat,gamma,2.874498997995992,5.410994072162604e-21
rat,gamma,2.8804108216432867,4.782833832324712e-21
rat,gamma,2.8863226452905812,4.227517123833838e-21
rat,gamma,2.892234468937876,3.736606283635128e-21
rat,gamma,2.8981462925851704,3.302639866094574e-21
rat,gamma,2.904058116232465,2.9190198335014623e-21
rat,gamma,2.9099699398797596,2.5799117662412488e-21
rat,gamma,2.915881763527054,2.2801565919558886e-21
rat,gamma,2.921793587174349,2.015192505748144e-21
rat,gamma,2.9277054108216434,1.780985906369753e-21
rat,gamma,2.933617234468938,1.5739703086405874e-21
rat,gamma,2.9395290581162326,1.3909923120933197e-21
rat,gamma,2.945440881763527,1.229263811814474e-21
rat,gamma,2.9513527054108217,1.0863197312377014e-21
rat,gamma,2.9572645290581163,9.59980639640151e-22
rat,gamma,2.963176352705411,8.483196905373627e-22
rat,gamma,2.9690881763527055,7.496333821628271e-22
rat,gamma,2.975,6.624156987284687e-22
rat,lognorm,0.025,0.00013826564360232055
rat,lognorm,0.03091182364729459,0.001126536094182556
rat,lognorm,0.03682364729458918,0.005317774352058759
rat,lognorm,0.04273547094188377,0.017549793696579427
rat,lognorm,0.04864729458917836,0.04512994784810664
rat,lognorm,0.05455911823647295,0.09675589738184567
rat,lognorm,0.06047094188376754,0.18084716806798265
rat,lognorm,0.06638276553106212,0.3039270765658965
rat,lognorm,0.07229458917835671,0.46950802770120326
rat,lognorm,0.0782064128256513,0.6776433743317481
rat,lognorm,0.08411823647294589,0.925082257104018
rat,lognorm,0.09003006012024048,1.2058482160484851
rat,lognorm,0.09594188376753507,1.5120390122464582
rat,lognorm,0.10185370741482966,1.8346758129716971
rat,lognorm,0.10776553106212425,2.164481583054485
rat,lognorm,0.11367735470941884,2.492520244218588
rat,lognorm,0.11958917835671343,2.8106698671865726
rat,lognorm,0.12550100200400802,3.111932054569676
rat,lognorm,0.1314128256513026,3.3905968385819842
rat,lognorm,0.1373246492985972,3.6422904871030735
rat,lognorm,0.14323647294589179,3.863935432856276
rat,lognorm,0.14914829659318637,4.053649557230766
rat,lognorm,0.15506012024048096,4.210608113067708
rat,lognorm,0.16097194388777555,4.33488691476621
rat,lognorm,0.16688376753507014,4.42730083599407
rat,lognorm,0.17279559118236473,4.489247559384266
rat,lognorm,0.17870741482965932,4.522563104175056
rat,lognorm,0.1846192384769539,4.529392952579926
rat,lognorm,0.1905310621242485,4.512080554676637
rat,lognorm,0.1964428857715431,4.473073524536313
rat,lognorm,0.20235470941883768,4.414846843327165
rat,lognorm,0.20826653306613227,4.3398417568473056
rat,lognorm,0.21417835671342686,4.250418704797819
rat,lognorm,0.22009018036072145,4.1488224707593035
rat,lognorm,0.22600200400801604,4.0371577336651585
rat,lognorm,0.23191382765531063,3.9173732855891163
rat,lognorm,0.23782565130260522,3.791253320706314
rat,lognorm,0.2437374749498998,3.6604143699328215
rat,lognorm,0.2496492985971944,3.526306636373163
rat,lognorm,0.255561122244489,3.39021866571486
rat,lognorm,0.2614729458917836,3.2532844550528073
rat,lognorm,0.2673847695390782,3.1164922585864745
rat,lognorm,0.2732965931863728,2.98069448686698
rat,lognorm,0.27920841683366737,2.8466182170739986
rat,lognorm,0.28512024048096196,2.714875935551597
rat,lognorm,0.29103206412825655,2.5859762215779716
rat,lognorm,0.29694388777555114,2.460334154517038
rat,lognorm,0.30285571142284573,2.338281286704347
rat,lognorm,0.3087675350701403,2.2200750732956553
rat,lognorm,0.3146793587174349,2.1059076894387343
rat,lognorm,0.3205911823647295,1.9959141959938789
rat,lognorm,0.3265030060120241,1.8901800389635697
rat,lognorm,0.3324148296593187,1.7887478859840944
rat,lognorm,0.33832665330661327,1.691623816717649
rat,lognorm,0.34423847695390786,1.598782893653867
rat,lognorm,0.35015030060120245,1.5101741464428218
rat,lognorm,0.35606212424849704,1.4257250070746104
rat,lognorm,0.3619739478957916,1.3453452355243083
rat,lognorm,0.3678857715430862,1.2689303763331399
rat,lognorm,0.3737975951903808,1.1963647863549582
rat,lognorm,0.3797094188376754,1.1275242728511672
rat,lognorm,0.38562124248497,1.0622783794995274
rat,lognorm,0.3915330661322646,1.0004923558772598
rat,lognorm,0.39744488977955916,0.9420288437312061
rat,lognorm,0.40335671342685375,0.8867493109697658
rat,lognorm,0.40926853707414834,0.8345152618882594
rat,lognorm,0.41518036072144293,0.7851892497353159
rat,lognorm,0.4210921843687375,0.7386357153895511
rat,lognorm,0.4270040080160321,0.6947216736759608
rat,lognorm,0.4329158316633267,0.6533172667323452
rat,lognorm,0.4388276553106213,0.6142962018511957
rat,lognorm,0.4447394789579159,0.5775360893789646
rat,lognorm,0.45065130260521047,0.5429186945547178
rat,lognorm,0.45656312625250506,0.5103301156123025
rat,lognorm,0.46247494989979965,0.47966089905023995
rat,lognorm,0.46838677354709424,0.45080610168561347
rat,lognorm,0.4742985971943888,0.42366530794496743
rat,lognorm,0.4802104208416834,0.3981426097987777
rat,lognorm,0.486122244488978,0.37414655580801
rat,lognorm,0.4920340681362726,0.3515900749131979
rat,lognorm,0.4979458917835672,0.33039037985007463
rat,lognorm,0.5038577154308618,0.31046885441295313
rat,lognorm,0.5097695390781564,0.2917509282001018
rat,lognorm,0.515681362725451,0.2741659419570216
rat,lognorm,0.5215931863727455,0.25764700617698727
rat,lognorm,0.5275050100200401,0.2421308552171568
rat,lognorm,0.5334168336673347,0.2275576988371681
rat,lognorm,0.5393286573146293,0.21387107276007555
rat,lognorm,0.5452404809619239,0.20101768958787408
rat,lognorm,0.5511523046092185,0.18894729117130052
rat,lognorm,0.5570641282565131,0.1776125033320673
rat,lognorm,0.5629759519038077,0.16696869366160172
rat,lognorm,0.5688877755511023,0.15697383297044856
rat,lognorm,0.5747995991983968,0.1475883608338934
rat,lognorm,0.5807114228456914,0.13877505556942904
rat,lognorm,0.586623246492986,0.13049890888814392
rat,lognorm,0.5925350701402806,0.1227270053828812
rat,lognorm,0.5984468937875752,0.1154284069492701
rat,lognorm,0.6043587174348698,0.10857404217985511
rat,lognorm,0.6102705410821644,0.10213660072511531
rat,lognorm,0.616182364729459,0.09609043257689254
rat,lognorm,0.6220941883767536,0.09041145219854392
rat,lognorm,0.6280060120240482,0.08507704740100494
rat,lognorm,0.6339178356713427,0.08006599284404305
rat,lognorm,0.6398296593186373,0.0753583680265416
rat,lognorm,0.6457414829659319,0.07093547961802582
rat,lognorm,0.6516533066132265,0.0667797879752461
rat,lognorm,0.6575651302605211,0.06287483768197226
rat,lognorm,0.6634769539078157,0.05920519194678977
rat,lognorm,0.6693887775551103,0.055756370692246544
rat,lognorm,0.6753006012024049,0.05251479216884749
rat,lognorm,0.6812124248496995,0.049467717928854515
rat,lognorm,0.687124248496994,0.04660320099737995
rat,lognorm,0.6930360721442886,0.04391003708164126
rat,lognorm,0.6989478957915832,0.04137771866331163
rat,lognorm,0.7048597194388778,0.038996391823488054
rat,lognorm,0.7107715430861724,0.036756815654779305
rat,lognorm,0.716683366733467,0.034650324120283495
rat,lognorm,0.7225951903807616,0.03266879022468419
rat,lognorm,0.7285070140280562,0.030804592368259817
rat,lognorm,0.7344188376753508,0.029050582760222668
rat,lognorm,0.7403306613226454,0.027400057773411646
rat,lognorm,0.74624248496994,0.025846730127925207
rat,lognorm,0.7521543086172345,0.024384702796750344
rat,lognorm,0.7580661322645291,0.02300844453180489
rat,lognorm,0.7639779559118237,0.02171276691402475
rat,lognorm,0.7698897795591183,0.020492802836191454
rat,lognorm,0.7758016032064129,0.019343986332088045
rat,lognorm,0.7817134268537075,0.01826203367028467
rat,lognorm,0.7876252505010021,0.0172429256353824
rat,lognorm,0.7935370741482967,0.01628289092388626
rat,lognorm,0.7994488977955913,0.015378390586024743
rat,lognorm,0.8053607214428858,0.014526103448794413
rat,lognorm,0.8112725450901804,0.013722912459278749
rat,lognorm,0.817184368737475,0.012965891890877426
rat,lognorm,0.8230961923847696,0.012252295358486648
rat,lognorm,0.8290080160320642,0.01157954459190117
rat,lognorm,0.8349198396793588,0.010945218919767302
rat,lognorm,0.8408316633266534,0.010347045419308622
rat,lognorm,0.846743486973948,0.009782889689781495
rat,lognorm,0.8526553106212426,0.009250747210199658
rat,lognorm,0.8585671342685371,0.008748735244301966
rat,lognorm,0.8644789579158317,0.008275085258034713
rat,lognorm,0.8703907815631263,0.007828135816982454
rat,lognorm,0.8763026052104209,0.007406325933217068
rat,lognorm,0.8822144288577155,0.007008188832951006
rat,lognorm,0.8881262525050101,0.006632346118181607
rat,lognorm,0.8940380761523047,0.006277502297205662
rat,lognorm,0.8999498997995993,0.0059424396604743
rat,lognorm,0.9058617234468939,0.005626013479750056
rat,lognorm,0.9117735470941885,0.00532714750993036
rat,lognorm,0.917685370741483,0.005044829774215282
rat,lognorm,0.9235971943887776,0.004778108614530793
rat,lognorm,0.9295090180360722,0.004526088990274889
rat,lognorm,0.9354208416833668,0.004287929009537064
rat,lognorm,0.9413326653306614,0.004062836677957493
rat,lognorm,0.947244488977956,0.0038500668513430803
rat,lognorm,0.9531563126252506,0.0036489183790490427
rat,lognorm,0.9590681362725452,0.0034587314259685747
rat,lognorm,0.9649799599198398,0.0032788849617548495
rat,lognorm,0.9708917835671343,0.003108794406630742
rat,lognorm,0.9768036072144289,0.0029479094238261594
rat,lognorm,0.9827154308617235,0.0027957118493238987
rat,lognorm,0.9886272545090181,0.002651713750193928
rat,lognorm,0.9945390781563127,0.002515455603357433
rat,lognorm,1.0004509018036072,0.0023865045871465235
rat,lognorm,1.0063627254509018,0.002264452978516468
rat,lognorm,1.0122745490981964,0.002148916649226791
rat,lognorm,1.018186372745491,0.002039533654736805
rat,lognorm,1.0240981963927855,0.0019359629099633658
rat,lognorm,1.0300100200400801,0.0018378829464241477
rat,lognorm,1.0359218436873747,0.0017449907456412643
rat,lognorm,1.0418336673346693,0.0016570006440089341
rat,lognorm,1.047745490981964,0.0015736433046360868
rat,lognorm,1.0536573146292585,0.0014946647519624482
rat,lognorm,1.059569138276553,0.0014198254652154625
rat,lognorm,1.0654809619238477,0.001348899527026854
rat,lognorm,1.0713927855711423,0.0012816738237627727
rat,lognorm,1.0773046092184368,0.0012179472943414232
rat,lognorm,1.0832164328657314,0.001157530224517772
rat,lognorm,1.089128256513026,0.001100243583807157
rat,lognorm,1.0950400801603206,0.0010459184023997874
rat,lognorm,1.1009519038076152,0.0009943951855861189
rat,lognorm,1.1068637274549098,0.000945523363370759
rat,lognorm,1.1127755511022044,0.0008991607730995534
rat,lognorm,1.118687374749499,0.0008551731730624775
rat,lognorm,1.1245991983967936,0.0008134337851635326
rat,lognorm,1.1305110220440882,0.0007738228648696757
rat,lognorm,1.1364228456913827,0.0007362272967633354
rat,lognorm,1.1423346693386773,0.000700540214128757
rat,lognorm,1.148246492985972,0.0006666606411010879
rat,lognorm,1.1541583166332665,0.0006344931559995264
rat,lognorm,1.160070140280561,0.000603947574552304
rat,lognorm,1.1659819639278557,0.0005749386518022454
rat,lognorm,1.1718937875751503,0.0005473858015573607
rat,lognorm,1.1778056112224449,0.0005212128323218217
rat,lognorm,1.1837174348697395,0.0004963476987090886
rat,lognorm,1.189629258517034,0.0004727222674010449
rat,lognorm,1.1955410821643286,0.00045027209677521516
rat,lognorm,1.2014529058116232,0.00042893622937660147
rat,lognorm,1.2073647294589178,0.0004086569964616968
rat,lognorm,1.2132765531062124,0.0003893798338899986
rat,lognorm,1.219188376753507,0.00037105310868311745
rat,lognorm,1.2251002004008016,0.0003536279556134816
rat,lognorm,1.2310120240480962,0.0003370581232238824
rat,lognorm,1.2369238476953908,0.000321299828715951
rat,lognorm,1.2428356713426854,0.00030631162118006526
rat,lognorm,1.24874749498998,0.0002920542526715212
rat,lognorm,1.2546593186372745,0.00027849055666807237
rat,lognorm,1.2605711422845691,0.0002655853334722968
rat,lognorm,1.2664829659318637,0.0002533052421488593
rat,lognorm,1.2723947895791583,0.00024161869861165364
rat,lognorm,1.278306613226453,0.00023049577949919996
rat,lognorm,1.2842184368737475,0.00021990813149856054
rat,lognorm,1.290130260521042,0.0002098288857986204
rat,lognorm,1.2960420841683367,0.00020023257737282192
rat,lognorm,1.3019539078156313,0.00019109506880953824
rat,lognorm,1.3078657314629258,0.00018239347842521846
rat,lognorm,1.3137775551102204,0.00017410611241135279
rat,lognorm,1.319689378757515,0.00016621240078121375
rat,lognorm,1.3256012024048096,0.0001586928368963586
rat,lognorm,1.3315130260521042,0.00015152892036600149
rat,lognorm,1.3374248496993988,0.00014470310312470356
rat,lognorm,1.3433366733466934,0.0001381987385054128
rat,lognorm,1.349248496993988,0.00013200003313575093
rat,lognorm,1.3551603206412826,0.00012609200149564238
rat,lognorm,1.3610721442885771,0.000120460422983978
rat,lognorm,1.3669839679358717,0.00011509180135098846
rat,lognorm,1.3728957915831663,0.00010997332636145744
rat,lognorm,1.378807615230461,0.0001050928375618485
rat,lognorm,1.3847194388777555,0.00010043879003186941
rat,lognorm,1.39063126252505,9.600022200800018e-05
rat,lognorm,1.3965430861723447,9.176672427310295e-05
rat,lognorm,1.4024549098196393,8.772841121240867e-05
rat,lognorm,1.4083667334669339,8.387589344199064e-05
rat,lognorm,1.4142785571142285,8.020025192129993e-05
rat,lognorm,1.420190380761523,7.669301346647513e-05
rat,lognorm,1.4261022044088176,7.334612758596068e-05
rat,lognorm,1.4320140280561122,7.015194456451718e-05
rat,lognorm,1.4379258517034068,6.710319472597051e-05
rat,lognorm,1.4438376753507014,6.419296880906113e-05
rat,lognorm,1.449749498997996,6.141469939453738e-05
rat,lognorm,1.4556613226452906,5.87621433251815e-05
rat,lognorm,1.4615731462925852,5.622936506380204e-05
rat,lognorm,1.4674849699398798,5.381072093737659e-05
rat,lognorm,1.4733967935871743,5.150084421847492e-05
rat,lognorm,1.479308617234469,4.929463099789163e-05
rat,lognorm,1.4852204408817635,4.7187226805026394e-05
rat,lognorm,1.4911322645290581,4.5174013935026464e-05
rat,lognorm,1.4970440881763527,4.325059944402124e-05
rat,lognorm,1.5029559118236473,4.141280377597168e-05
rat,lognorm,1.5088677354709419,3.965664998671185e-05
rat,lognorm,1.5147795591182365,3.797835353270281e-05
rat,lognorm,1.520691382765531,3.637431259384302e-05
rat,lognorm,1.5266032064128257,3.4841098901402524e-05
rat,lognorm,1.5325150300601202,3.337544904376574e-05
rat,lognorm,1.5384268537074148,3.1974256224199006e-05
rat,lognorm,1.5443386773547094,3.063456244629364e-05
rat,lognorm,1.550250501002004,2.9353551104096835e-05
rat,lognorm,1.5561623246492986,2.812853995521372e-05
rat,lognorm,1.5620741482965932,2.695697445637625e-05
rat,lognorm,1.5679859719438878,2.5836421442105414e-05
rat,lognorm,1.5738977955911824,2.4764563128165347e-05
rat,lognorm,1.579809619238477,2.373919142251894e-05
rat,lognorm,1.5857214428857715,2.2758202527445008e-05
rat,lognorm,1.5916332665330661,2.1819591817375738e-05
rat,lognorm,1.5975450901803607,2.0921448977861286e-05
rat,lognorm,1.6034569138276553,2.006195339186595e-05
rat,lognorm,1.60936873747495,1.9239369760354747e-05
rat,lognorm,1.6152805611222445,1.845204394484127e-05
rat,lognorm,1.621192384769539,1.769839902023841e-05
rat,lognorm,1.6271042084168337,1.697693152698653e-05
rat,lognorm,1.6330160320641283,1.6286207912033364e-05
rat,lognorm,1.6389278557114229,1.5624861148802022e-05
rat,lognorm,1.6448396793587174,1.4991587526819023e-05
rat,lognorm,1.650751503006012,1.438514360217457e-05
rat,lognorm,1.6566633266533066,1.3804343300465521e-05
rat,lognorm,1.6625751503006012,1.3248055164317302e-05
rat,lognorm,1.6684869739478958,1.2715199738007175e-05
rat,lognorm,1.6743987975951904,1.2204747082109142e-05
rat,lognorm,1.680310621242485,1.1715714411462875e-05
rat,lognorm,1.6862224448897796,1.1247163850120603e-05
rat,lognorm,1.6921342685370742,1.0798200297269461e-05
rat,lognorm,1.6980460921843687,1.0367969398441483e-05
rat,lognorm,1.7039579158316633,9.955655616627928e-06
rat,lognorm,1.709869739478958,9.560480398196648e-06
rat,lognorm,1.7157815631262525,9.181700428784182e-06
rat,lognorm,1.721693386773547,8.818605974585524e-06
rat,lognorm,1.7276052104208417,8.470519304707804e-06
rat,lognorm,1.7335170340681363,8.136793190480912e-06
rat,lognorm,1.7394288577154309,7.81680947783279e-06
rat,lognorm,1.7453406813627255,7.50997772904241e-06
rat,lognorm,1.75125250501002,7.215733930374922e-06
rat,lognorm,1.7571643286573146,6.933539262285525e-06
rat,lognorm,1.7630761523046092,6.6628789290527705e-06
rat,lognorm,1.7689879759519038,6.403261044862553e-06
rat,lognorm,1.7748997995991984,6.154215573521148e-06
rat,lognorm,1.780811623246493,5.915293319119705e-06
rat,lognorm,1.7867234468937876,5.686064965112073e-06
rat,lognorm,1.7926352705410822,5.46612015939843e-06
rat,lognorm,1.7985470941883768,5.255066643130984e-06
rat,lognorm,1.8044589178356714,5.052529421075583e-06
rat,lognorm,1.810370741482966,4.85814997147399e-06
rat,lognorm,1.8162825651302605,4.671585493457132e-06
rat,lognorm,1.8221943887775551,4.492508190158792e-06
rat,lognorm,1.8281062124248497,4.320604585773973e-06
rat,lognorm,1.8340180360721443,4.1555748748956685e-06
rat,lognorm,1.839929859719439,3.997132302547757e-06
rat,lognorm,1.8458416833667335,3.845002573413116e-06
rat,lognorm,1.851753507014028,3.6989232888311287e-06
rat,lognorm,1.8576653306613227,3.5586434102111156e-06
rat,lognorm,1.8635771543086173,3.4239227475768713e-06
rat,lognorm,1.8694889779559118,3.2945314720215873e-06
rat,lognorm,1.8754008016032064,3.170249650914475e-06
rat,lognorm,1.881312625250501,3.0508668047579557e-06
rat,lognorm,1.8872244488977956,2.936181484649795e-06
rat,lognorm,1.8931362725450902,2.8260008693568196e-06
rat,lognorm,1.8990480961923848,2.720140381056396e-06
rat,lognorm,1.9049599198396794,2.6184233188488772e-06
rat,lognorm,1.910871743486974,2.520680509188754e-06
rat,lognorm,1.9167835671342686,2.4267499724247544e-06
rat,lognorm,1.9226953907815632,2.336476604679141e-06
rat,lognorm,1.9286072144288577,2.249711874334519e-06
rat,lognorm,1.9345190380761523,2.1663135324326838e-06
rat,lognorm,1.940430861723447,2.0861453363242865e-06
rat,lognorm,1.9463426853707415,2.0090767859406906e-06
rat,lognorm,1.952254509018036,1.9349828720900953e-06
rat,lognorm,1.9581663326653307,1.8637438362095592e-06
rat,lognorm,1.9640781563126253,1.7952449410323654e-06
rat,lognorm,1.9699899799599199,1.7293762516562473e-06
rat,lognorm,1.9759018036072145,1.6660324265235827e-06
rat,lognorm,1.981813627254509,1.6051125178481102e-06
rat,lognorm,1.9877254509018036,1.5465197810455412e-06
rat,lognorm,1.9936372745490982,1.4901614927467805e-06
rat,lognorm,1.9995490981963928,1.4359487769930036e-06
rat,lognorm,2.0054609218436874,1.3837964392311226e-06
rat,lognorm,2.011372745490982,1.3336228077467098e-06
rat,lognorm,2.0172845691382766,1.2853495821887065e-06
rat,lognorm,2.023196392785571,1.2389016888572512e-06
rat,lognorm,2.0291082164328658,1.1942071424412235e-06
rat,lognorm,2.0350200400801604,1.1511969139077273e-06
rat,lognorm,2.040931863727455,1.1098048042594591e-06
rat,lognorm,2.0468436873747495,1.0699673238898107e-06
rat,lognorm,2.052755511022044,1.0316235772782932e-06
rat,lognorm,2.0586673346693387,9.947151527811985e-07
rat,lognorm,2.0645791583166333,9.591860172839562e-07
rat,lognorm,2.070490981963928,9.249824154928958e-07
rat,lognorm,2.0764028056112225,8.920527736544846e-07
rat,lognorm,2.082314629258517,8.603476075002272e-07
rat,lognorm,2.0882264529058117,8.298194342249126e-07
rat,lognorm,2.0941382765531062,8.004226883150164e-07
rat,lognorm,2.100050100200401,7.721136410525113e-07
rat,lognorm,2.1059619238476954,7.448503235278136e-07
rat,lognorm,2.11187374749499,7.185924530031306e-07
rat,lognorm,2.1177855711422846,6.933013624750867e-07
rat,lognorm,2.123697394789579,6.689399332924431e-07
rat,lognorm,2.129609218436874,6.454725306915916e-07
rat,lognorm,2.1355210420841684,6.228649421186979e-07
rat,lognorm,2.141432865731463,6.01084318213686e-07
rat,lognorm,2.1473446893787576,5.800991163369354e-07
rat,lognorm,2.153256513026052,5.598790465250061e-07
rat,lognorm,2.1591683366733467,5.403950197671938e-07
rat,lognorm,2.1650801603206413,5.216190984994473e-07
rat,lognorm,2.170991983967936,5.035244492171701e-07
rat,lognorm,2.1769038076152305,4.860852971128338e-07
rat,lognorm,2.182815631262525,4.6927688264867456e-07
rat,lognorm,2.1887274549098197,4.53075419978945e-07
rat,lognorm,2.1946392785571143,4.374580571399622e-07
rat,lognorm,2.200551102204409,4.224028379300781e-07
rat,lognorm,2.2064629258517034,4.078886654051561e-07
rat,lognorm,2.212374749498998,3.938952669185814e-07
rat,lognorm,2.2182865731462926,3.804031606380382e-07
rat,lognorm,2.224198396793587,3.6739362347436245e-07
rat,lognorm,2.230110220440882,3.5484866036075984e-07
rat,lognorm,2.2360220440881764,3.427509748233695e-07
rat,lognorm,2.241933867735471,3.3108394078697436e-07
rat,lognorm,2.2478456913827656,3.198315755620197e-07
rat,lognorm,2.25375751503006,3.089785139617063e-07
rat,lognorm,2.2596693386773548,2.985099835000654e-07
rat,lognorm,2.2655811623246493,2.8841178062426564e-07
rat,lognorm,2.271492985971944,2.7867024793637734e-07
rat,lognorm,2.2774048096192385,2.692722523619449e-07
rat,lognorm,2.283316633266533,2.6020516422451525e-07
rat,lognorm,2.2892284569138277,2.5145683718716825e-07
rat,lognorm,2.2951402805611223,2.430155890237887e-07
rat,lognorm,2.301052104208417,2.3487018318451026e-07
rat,lognorm,2.3069639278557115,2.2700981112129522e-07
rat,lognorm,2.312875751503006,2.1942407534119048e-07
rat,lognorm,2.3187875751503007,2.121029731561573e-07
rat,lognorm,2.3246993987975952,2.0503688109982027e-07
rat,lognorm,2.33061122244489,1.9821653998274258e-07
rat,lognorm,2.3365230460921844,1.9163304055909979e-07
rat,lognorm,2.342434869739479,1.852778097788284e-07
rat,lognorm,2.3483466933867736,1.7914259760044567e-07
rat,lognorm,2.354258517034068,1.7321946434083624e-07
rat,lognorm,2.3601703406813628,1.675007685393407e-07
rat,lognorm,2.3660821643286574,1.619791553144627e-07
rat,lognorm,2.371993987975952,1.5664754519246505e-07
rat,lognorm,2.3779058116232465,1.5149912338802695e-07
rat,lognorm,2.383817635270541,1.4652732951799575e-07
rat,lognorm,2.3897294589178357,1.417258477300908e-07
rat,lognorm,2.3956412825651303,1.3708859722920975e-07
rat,lognorm,2.401553106212425,1.3260972318472817e-07
rat,lognorm,2.4074649298597195,1.282835880029072e-07
rat,lognorm,2.413376753507014,1.2410476294921492e-07
rat,lognorm,2.4192885771543087,1.200680201060161e-07
rat,lognorm,2.4252004008016033,1.1616832465170741e-07
rat,lognorm,2.431112224448898,1.1240082744798279e-07
rat,lognorm,2.4370240480961924,1.087608579224777e-07
rat,lognorm,2.442935871743487,1.0524391723459557e-07
rat,lognorm,2.4488476953907816,1.0184567171282531e-07
rat,lognorm,2.454759519038076,9.856194655237999e-08
rat,lognorm,2.460671342685371,9.538871976244311e-08
rat,lognorm,2.4665831663326654,9.232211635278292e-08
rat,lognorm,2.47249498997996,8.935840274990702e-08
rat,lognorm,2.4784068136272546,8.649398143338162e-08
rat,lognorm,2.484318637274549,8.372538578329411e-08
rat,lognorm,2.4902304609218437,8.104927513025885e-08
rat,lognorm,2.4961422845691383,7.846242999970866e-08
rat,lognorm,2.502054108216433,7.596174754255855e-08
rat,lognorm,2.5079659318637275,7.354423714468258e-08
rat,lognorm,2.513877755511022,7.120701620794094e-08
rat,lognorm,2.5197895791583167,6.894730609581128e-08
rat,lognorm,2.5257014028056113,6.67624282369699e-08
rat,lognorm,2.531613226452906,6.464980038043878e-08
rat,lognorm,2.5375250501002005,6.260693299619013e-08
rat,lognorm,2.543436873747495,6.06314258153528e-08
rat,lognorm,2.5493486973947896,5.8720964504403245e-08
rat,lognorm,2.5552605210420842,5.68733174679677e-08
rat,lognorm,2.561172344689379,5.508633277507545e-08
rat,lognorm,2.5670841683366734,5.3357935203926586e-08
rat,lognorm,2.572995991983968,5.1686123400434005e-08
rat,lognorm,2.5789078156312626,5.0068967145999465e-08
rat,lognorm,2.584819639278557,4.850460473017286e-08
rat,lognorm,2.5907314629258518,4.6991240424019946e-08
rat,lognorm,2.5966432865731464,4.5527142050195345e-08
rat,lognorm,2.602555110220441,4.4110638645891654e-08
rat,lognorm,2.6084669338677355,4.274011821497133e-08
rat,lognorm,2.61437875751503,4.141402556576822e-08
rat,lognorm,2.6202905811623247,4.013086023116653e-08
rat,lognorm,2.6262024048096193,3.888917446771159e-08
rat,lognorm,2.632114228456914,3.768757133064345e-08
rat,lognorm,2.6380260521042085,3.6524702821866674e-08
rat,lognorm,2.643937875751503,3.539926810798582e-08
rat,lognorm,2.6498496993987977,3.431001180567119e-08
rat,lognorm,2.6557615230460923,3.325572233170376e-08
rat,lognorm,2.661673346693387,3.223523031518143e-08
rat,lognorm,2.6675851703406814,3.124740706945459e-08
rat,lognorm,2.673496993987976,3.029116312146251e-08
rat,lognorm,2.6794088176352706,2.9365446796235953e-08
rat,lognorm,2.685320641282565,2.8469242854420222e-08
rat,lognorm,2.69123246492986,2.7601571180763846e-08
rat,lognorm,2.6971442885771544,2.676148552159089e-08
rat,lognorm,2.703056112224449,2.5948072269367834e-08
rat,lognorm,2.7089679358717436,2.516044929253664e-08
rat,lognorm,2.714879759519038,2.4397764808874396e-08
rat,lognorm,2.7207915831663327,2.3659196300695786e-08
rat,lognorm,2.7267034068136273,2.2943949470289356e-08
rat,lognorm,2.732615230460922,2.225125723404318e-08
rat,lognorm,2.7385270541082165,2.1580378753771642e-08
rat,lognorm,2.744438877755511,2.0930598503819487e-08
rat,lognorm,2.7503507014028057,2.030122537257189e-08
rat,lognorm,2.7562625250501003,1.9691591797058196e-08
rat,lognorm,2.762174348697395,1.9101052929382486e-08
rat,lognorm,2.7680861723446895,1.85289858337709e-08
rat,lognorm,2.773997995991984,1.7974788713068647e-08
rat,lognorm,2.7799098196392786,1.74378801635682e-08
rat,lognorm,2.7858216432865732,1.6917698457091602e-08
rat,lognorm,2.791733466933868,1.6413700849297262e-08
rat,lognorm,2.7976452905811624,1.592536291321351e-08
rat,lognorm,2.803557114228457,1.545217789705068e-08
rat,lognorm,2.8094689378757516,1.4993656105371383e-08
rat,lognorm,2.815380761523046,1.4549324302739626e-08
rat,lognorm,2.8212925851703408,1.411872513900386e-08
rat,lognorm,2.8272044088176354,1.37014165953986e-08
rat,lognorm,2.83311623246493,1.3296971450683997e-08
rat,lognorm,2.8390280561122245,1.2904976766573194e-08
rat,lognorm,2.844939879759519,1.2525033391722867e-08
rat,lognorm,2.8508517034068137,1.2156755483596156e-08
rat,lognorm,2.8567635270541083,1.1799770047527e-08
rat,lognorm,2.862675350701403,1.1453716492348656e-08
rat,lognorm,2.8685871743486975,1.1118246201965608e-08
rat,lognorm,2.874498997995992,1.0793022122278955e-08
rat,lognorm,2.8804108216432867,1.0477718362893939e-08
rat,lognorm,2.8863226452905812,1.017201981306117e-08
rat,lognorm,2.892234468937876,9.875621771325816e-09
rat,lognorm,2.8981462925851704,9.588229588375636e-09
rat,lognorm,2.904058116232465,9.309558322602571e-09
rat,lognorm,2.9099699398797596,9.039332407907738e-09
rat,lognorm,2.915881763527054,8.777285333298668e-09
rat,lognorm,2.921793587174349,8.52315933384637e-09
rat,lognorm,2.9277054108216434,8.27670509258308e-09
rat,lognorm,2.933617234468938,8.037681452940838e-09
rat,lognorm,2.9395290581162326,7.805855141344068e-09
rat,lognorm,2.945440881763527,7.581000499584461e-09
rat,lognorm,2.9513527054108217,7.362899226621246e-09
rat,lognorm,2.9572645290581163,7.151340129462341e-09
rat,lognorm,2.963176352705411,6.946118882796018e-09
rat,lognorm,2.9690881763527055,6.747037797054097e-09
rat,lognorm,2.975,6.553905594600725e-09
rat,fatiguelife,0.025,1.81350847516346e-06
rat,fatiguelife,0.03091182364729459,8.470458100927798e-05
rat,fatiguelife,0.03682364729458918,0.0010837978901039574
rat,fatiguelife,0.04273547094188377,0.0065424895039822755
rat,fatiguelife,0.04864729458917836,0.024600093732265002
rat,fatiguelife,0.05455911823647295,0.0673750849114784
rat,fatiguelife,0.06047094188376754,0.14777069899673692
rat,fatiguelife,0.06638276553106212,0.27577276353298447
rat,fatiguelife,0.07229458917835671,0.45605641434475436
rat,fatiguelife,0.0782064128256513,0.6874172293820271
rat,fatiguelife,0.08411823647294589,0.963607221985183
rat,fatiguelife,0.09003006012024048,1.2748766525094157
rat,fatiguelife,0.09594188376753507,1.609639005514271
rat,fatiguelife,0.10185370741482966,1.9559102760022393
rat,fatiguelife,0.10776553106212425,2.302378159045211
rat,fatiguelife,0.11367735470941884,2.639089241533255
rat,fatiguelife,0.11958917835671343,2.9578097646113513
rat,fatiguelife,0.12550100200400802,3.2521389213309946
rat,fatiguelife,0.1314128256513026,3.5174523902468793
rat,fatiguelife,0.1373246492985972,3.750741415640058
rat,fatiguelife,0.14323647294589179,3.950397214111163
rat,fatiguelife,0.14914829659318637,4.115975858752813
rat,fatiguelife,0.15506012024048096,4.247966704017191
rat,fatiguelife,0.16097194388777555,4.347578206244828
rat,fatiguelife,0.16688376753507014,4.416548398295617
rat,fatiguelife,0.17279559118236473,4.45698280389708
rat,fatiguelife,0.17870741482965932,4.4712197170381485
rat,fatiguelife,0.1846192384769539,4.46172107518008
rat,fatiguelife,0.1905310621242485,4.430986262564148
rat,fatiguelife,0.1964428857715431,4.381485819564252
rat,fatiguelife,0.20235470941883768,4.315612008934653
rat,fatiguelife,0.20826653306613227,4.235643362315421
rat,fatiguelife,0.21417835671342686,4.143720607474024
rat,fatiguelife,0.22009018036072145,4.041831697832607
rat,fatiguelife,0.22600200400801604,3.9318039929829194
rat,fatiguelife,0.23191382765531063,3.815301949850179
rat,fatiguelife,0.23782565130260522,3.6938289670549986
rat,fatiguelife,0.2437374749498998,3.5687322746772456
rat,fatiguelife,0.2496492985971944,3.4412099770604194
rat,fatiguelife,0.255561122244489,3.3123195389780715
rat,fatiguelife,0.2614729458917836,3.182987158203191
rat,fatiguelife,0.2673847695390782,3.0540175936561242
rat,fatiguelife,0.2732965931863728,2.9261041213731303
rat,fatiguelife,0.27920841683366737,2.7998383739248034
rat,fatiguelife,0.28512024048096196,2.675719885736761
rat,fatiguelife,0.29103206412825655,2.5541652198012024
rat,fatiguelife,0.29694388777555114,2.4355165929365095
rat,fatiguelife,0.30285571142284573,2.3200499491269198
rat,fatiguelife,0.3087675350701403,2.2079824553088434
rat,fatiguelife,0.3146793587174349,2.099479412732359
rat,fatiguelife,0.3205911823647295,1.9946605909329942
rat,fatiguelife,0.3265030060120241,1.8936060014022726
rat,fatiguelife,0.3324148296593187,1.7963611350650477
rat,fatiguelife,0.33832665330661327,1.702941692323494
rat,fatiguelife,0.34423847695390786,1.6133378372497917
rat,fatiguelife,0.35015030060120245,1.5275180089347187
rat,fatiguelife,0.35606212424849704,1.4454323233728525
rat,fatiguelife,0.3619739478957916,1.3670155988616577
rat,fatiguelife,0.3678857715430862,1.2921900369277732
rat,fatiguelife,0.3737975951903808,1.2208675894394487
rat,fatiguelife,0.3797094188376754,1.15295204095109
rat,fatiguelife,0.38562124248497,1.0883408335563165
rat,fatiguelife,0.3915330661322646,1.0269266596770412
rat,fatiguelife,0.39744488977955916,0.9685988463463542
rat,fatiguelife,0.40335671342685375,0.9132445526952054
rat,fatiguelife,0.40926853707414834,0.8607498005581871
rat,fatiguelife,0.41518036072144293,0.8110003563935692
rat,fatiguelife,0.4210921843687375,0.7638824810815217
rat,fatiguelife,0.4270040080160321,0.7192835626308429
rat,fatiguelife,0.4329158316633267,0.6770926453928767
rat,fatiguelife,0.4388276553106213,0.6372008680529514
rat,fatiguelife,0.4447394789579159,0.5995018214433643
rat,fatiguelife,0.45065130260521047,0.5638918360948995
rat,fatiguelife,0.45656312625250506,0.5302702084119923
rat,fatiguelife,0.46247494989979965,0.49853937341515697
rat,fatiguelife,0.46838677354709424,0.4686050311378241
rat,fatiguelife,0.4742985971943888,0.440376232987767
rat,fatiguelife,0.4802104208416834,0.4137654336801195
rat,fatiguelife,0.486122244488978,0.3886885137141239
rat,fatiguelife,0.4920340681362726,0.36506477679367366
rat,fatiguelife,0.4979458917835672,0.3428169260772582
rat,fatiguelife,0.5038577154308618,0.3218710226811366
rat,fatiguelife,0.5097695390781564,0.30215642944574944
rat,fatiguelife,0.515681362725451,0.2836057426052102
rat,fatiguelife,0.5215931863727455,0.26615471366908744
rat,fatiguelife,0.5275050100200401,0.24974216353087977
rat,fatiguelife,0.5334168336673347,0.2343098905551069
rat,fatiguelife,0.5393286573146293,0.21980257416161691
rat,fatiguelife,0.5452404809619239,0.20616767521864368
rat,fatiguelife,0.5511523046092185,0.19335533437266308
rat,fatiguelife,0.5570641282565131,0.1813182692807878
rat,fatiguelife,0.5629759519038077,0.17001167156810926
rat,fatiguelife,0.5688877755511023,0.15939310420603892
rat,fatiguelife,0.5747995991983968,0.14942239989654096
rat,fatiguelife,0.5807114228456914,0.14006156094951888
rat,fatiguelife,0.586623246492986,0.13127466105510507
rat,fatiguelife,0.5925350701402806,0.12302774927781714
rat,fatiguelife,0.5984468937875752,0.11528875653435998
rat,fatiguelife,0.6043587174348698,0.10802740476015463
rat,fatiguelife,0.6102705410821644,0.10121511892052724
rat,fatiguelife,0.616182364729459,0.09482494198002828
rat,fatiguelife,0.6220941883767536,0.08883145290680078
rat,fatiguelife,0.6280060120240482,0.08321068775759217
rat,fatiguelife,0.6339178356713427,0.0779400638622888
rat,fatiguelife,0.6398296593186373,0.07299830710420126
rat,fatiguelife,0.6457414829659319,0.06836538227323971
rat,fatiguelife,0.6516533066132265,0.06402242645317305
rat,fatiguelife,0.6575651302605211,0.059951685390959825
rat,fatiguelife,0.6634769539078157,0.05613645278533404
rat,fatiguelife,0.6693887775551103,0.052561012423116
rat,fatiguelife,0.6753006012024049,0.04921058308482978
rat,fatiguelife,0.6812124248496995,0.046071266135894594
rat,fatiguelife,0.687124248496994,0.04312999571571066
rat,fatiguelife,0.6930360721442886,0.040374491434190994
rat,fatiguelife,0.6989478957915832,0.03779321348353041
rat,fatiguelife,0.7048597194388778,0.035375320072102
rat,fatiguelife,0.7107715430861724,0.033110627087211277
rat,fatiguelife,0.716683366733467,0.03098956989388716
rat,fatiguelife,0.7225951903807616,0.029003167177865222
rat,fatiguelife,0.7285070140280562,0.02714298674232128
rat,fatiguelife,0.7344188376753508,0.02540111316967313
rat,fatiguelife,0.7403306613226454,0.023770117261814567
rat,fatiguelife,0.74624248496994,0.022243027174422867
rat,fatiguelife,0.7521543086172345,0.020813301163436215
rat,fatiguelife,0.7580661322645291,0.019474801864388897
rat,fatiguelife,0.7639779559118237,0.018221772027980938
rat,fatiguelife,0.7698897795591183,0.01704881163801262
rat,fatiguelife,0.7758016032064129,0.015950856340606365
rat,fatiguelife,0.7817134268537075,0.014923157116443677
rat,fatiguelife,0.7876252505010021,0.013961261130544427
rat,fatiguelife,0.7935370741482967,0.013060993696891727
rat,fatiguelife,0.7994488977955913,0.012218441297946076
rat,fatiguelife,0.8053607214428858,0.011429935601782282
rat,fatiguelife,0.8112725450901804,0.010692038422216013
rat,fatiguelife,0.817184368737475,0.010001527569854299
rat,fatiguelife,0.8230961923847696,0.00935538354449895
rat,fatiguelife,0.8290080160320642,0.008750777021751944
rat,fatiguelife,0.8349198396793588,0.00818505708901089
rat,fatiguelife,0.8408316633266534,0.007655740188300221
rat,fatiguelife,0.846743486973948,0.0071604997255579434
rat,fatiguelife,0.8526553106212426,0.006697156308087556
rat,fatiguelife,0.8585671342685371,0.006263668573889878
rat,fatiguelife,0.8644789579158317,0.0058581245785120075
rat,fatiguelife,0.8703907815631263,0.005478733706888733
rat,fatiguelife,0.8763026052104209,0.0051238190794095665
rat,fatiguelife,0.8822144288577155,0.004791810423121687
rat,fatiguelife,0.8881262525050101,0.0044812373805789
rat,fatiguelife,0.8940380761523047,0.004190723230369509
rat,fatiguelife,0.8999498997995993,0.003918978994806416
rat,fatiguelife,0.9058617234468939,0.003664797911640618
rat,fatiguelife,0.9117735470941885,0.0034270502479689887
rat,fatiguelife,0.917685370741483,0.0032046784357500054
rat,fatiguelife,0.9235971943887776,0.0029966925095204454
rat,fatiguelife,0.9295090180360722,0.0028021658280233132
rat,fatiguelife,0.9354208416833668,0.002620231062516577
rat,fatiguelife,0.9413326653306614,0.0024500764355343875
rat,fatiguelife,0.947244488977956,0.002290942194821068
rat,fatiguelife,0.9531563126252506,0.0021421173080555063
rat,fatiguelife,0.9590681362725452,0.002002936364831148
rat,fatiguelife,0.9649799599198398,0.001872776673158334
rat,fatiguelife,0.9708917835671343,0.0017510555385121644
rat,fatiguelife,0.9768036072144289,0.001637227714163421
rat,fatiguelife,0.9827154308617235,0.0015307830122039308
rat,fatiguelife,0.9886272545090181,0.0014312440653137617
rat,fatiguelife,0.9945390781563127,0.0013381642299167009
rat,fatiguelife,1.0004509018036072,0.0012511256219358824
rat,fatiguelife,1.0063627254509018,0.0011697372768935616
rat,fatiguelife,1.0122745490981964,0.0010936334266007407
rat,fatiguelife,1.018186372745491,0.001022471885154594
rat,fatiguelife,1.0240981963927855,0.0009559325374061781
rat,fatiguelife,1.0300100200400801,0.0008937159234796435
rat,fatiguelife,1.0359218436873747,0.0008355419133176897
rat,fatiguelife,1.0418336673346693,0.0007811484655986005
rat,fatiguelife,1.047745490981964,0.0007302904657185281
rat,fatiguelife,1.0536573146292585,0.0006827386378603151
rat,fatiguelife,1.059569138276553,0.0006382785264780523
rat,fatiguelife,1.0654809619238477,0.000596709542816085
rat,fatiguelife,1.0713927855711423,0.0005578440723531322
rat,fatiguelife,1.0773046092184368,0.000521506639317758
rat,fatiguelife,1.0832164328657314,0.0004875331246614617
rat,fatiguelife,1.089128256513026,0.0004557700341011611
rat,fatiguelife,1.0950400801603206,0.0004260738130544902
rat,fatiguelife,1.1009519038076152,0.00039831020549017894
rat,fatiguelife,1.1068637274549098,0.0003723536539023108
rat,fatiguelife,1.1127755511022044,0.00034808673779249637
rat,fatiguelife,1.118687374749499,0.00032539964820825355
rat,fatiguelife,1.1245991983967936,0.0003041896960402465
rat,fatiguelife,1.1305110220440882,0.00028436085192563246
rat,fatiguelife,1.1364228456913827,0.00026582331574061464
rat,fatiguelife,1.1423346693386773,0.0002484931137925684
rat,fatiguelife,1.148246492985972,0.00023229172194157692
rat,fatiguelife,1.1541583166332665,0.00021714571299318532
rat,fatiguelife,1.160070140280561,0.00020298642680922666
rat,fatiguelife,1.1659819639278557,0.00018974966168200155
rat,fatiguelife,1.1718937875751503,0.0001773753856094399
rat,fatiguelife,1.1778056112224449,0.00016580746619537502
rat,fatiguelife,1.1837174348697395,0.000154993417980181
rat,fatiguelife,1.189629258517034,0.00014488416608303195
rat,fatiguelife,1.1955410821643286,0.000135433825108288
rat,fatiguelife,1.2014529058116232,0.0001265994923352557
rat,fatiguelife,1.2073647294589178,0.00011834105427312577
rat,fatiguelife,1.2132765531062124,0.00011062100572149736
rat,fatiguelife,1.219188376753507,0.00010340428053178804
rat,fatiguelife,1.2251002004008016,9.665809331627492e-05
rat,fatiguelife,1.2310120240480962,9.03517913996779e-05
rat,fatiguelife,1.2369238476953908,8.445671635332634e-05
rat,fatiguelife,1.2428356713426854,7.894607449421046e-05
rat,fatiguelife,1.24874749498998,7.379481577080868e-05
rat,fatiguelife,1.2546593186372745,6.897952049463205e-05
rat,fatiguelife,1.2605711422845691,6.447829341115772e-05
rat,fatiguelife,1.2664829659318637,6.027066463630626e-05
rat,fatiguelife,1.2723947895791583,5.6337497015064114e-05
rat,fatiguelife,1.278306613226453,5.2660899487332125e-05
rat,fatiguelife,1.2842184368737475,4.922414607276469e-05
rat,fatiguelife,1.290130260521042,4.601160011133039e-05
rat,fatiguelife,1.2960420841683367,4.300864341970485e-05
rat,fatiguelife,1.3019539078156313,4.020161004548726e-05
rat,fatiguelife,1.3078657314629258,3.7577724321714555e-05
rat,fatiguelife,1.3137775551102204,3.512504294332179e-05
rat,fatiguelife,1.319689378757515,3.28324008051365e-05
rat,fatiguelife,1.3256012024048096,3.068936035779335e-05
rat,fatiguelife,1.3315130260521042,2.8686164253668934e-05
rat,fatiguelife,1.3374248496993988,2.681369106964751e-05
rat,fatiguelife,1.3433366733466934,2.506341390729179e-05
rat,fatiguelife,1.349248496993988,2.3427361683873435e-05
rat,fatiguelife,1.3551603206412826,2.1898082939771336e-05
rat,fatiguelife,1.3610721442885771,2.0468611999021364e-05
rat,fatiguelife,1.3669839679358717,1.913243733035784e-05
rat,fatiguelife,1.3728957915831663,1.7883471965954533e-05
rat,fatiguelife,1.378807615230461,1.6716025844315014e-05
rat,fatiguelife,1.3847194388777555,1.562477995240292e-05
rat,fatiguelife,1.39063126252505,1.4604762150188749e-05
rat,fatiguelife,1.3965430861723447,1.3651324568352612e-05
rat,fatiguelife,1.4024549098196393,1.2760122476961807e-05
rat,fatiguelife,1.4083667334669339,1.1927094529558492e-05
rat,fatiguelife,1.4142785571142285,1.1148444293288582e-05
rat,fatiguelife,1.420190380761523,1.0420622981493134e-05
rat,fatiguelife,1.4261022044088176,9.740313310603732e-06
rat,fatiguelife,1.4320140280561122,9.104414408251558e-06
rat,fatiguelife,1.4379258517034068,8.510027704240162e-06
rat,fatiguelife,1.4438376753507014,7.954443740467184e-06
rat,fatiguelife,1.449749498997996,7.43512984002692e-06
rat,fatiguelife,1.4556613226452906,6.9497185796062286e-06
rat,fatiguelife,1.4615731462925852,6.495997012912542e-06
rat,fatiguelife,1.4674849699398798,6.071896596268112e-06
rat,fatiguelife,1.4733967935871743,5.675483770676837e-06
rat,fatiguelife,1.479308617234469,5.3049511576386855e-06
rat,fatiguelife,1.4852204408817635,4.958609328762131e-06
rat,fatiguelife,1.4911322645290581,4.634879111821614e-06
rat,fatiguelife,1.4970440881763527,4.3322843983334535e-06
rat,fatiguelife,1.5029559118236473,4.049445419995208e-06
rat,fatiguelife,1.5088677354709419,3.7850724634554083e-06
rat,fatiguelife,1.5147795591182365,3.537959994866533e-06
rat,fatiguelife,1.520691382765531,3.3069811675301976e-06
rat,fatiguelife,1.5266032064128257,3.091082687679864e-06
rat,fatiguelife,1.5325150300601202,2.889280015069227e-06
rat,fatiguelife,1.5384268537074148,2.7006528765530075e-06
rat,fatiguelife,1.5443386773547094,2.5243410722656656e-06
rat,fatiguelife,1.550250501002004,2.3595405553311017e-06
rat,fatiguelife,1.5561623246492986,2.20549976727718e-06
rat,fatiguelife,1.5620741482965932,2.0615162124895457e-06
rat,fatiguelife,1.5679859719438878,1.9269332561236868e-06
rat,fatiguelife,1.5738977955911824,1.8011371309092153e-06
rat,fatiguelife,1.579809619238477,1.6835541392282811e-06
rat,fatiguelife,1.5857214428857715,1.57364803773728e-06
rat,fatiguelife,1.5916332665330661,1.4709175926299253e-06
rat,fatiguelife,1.5975450901803607,1.3748942944151402e-06
rat,fatiguelife,1.6034569138276553,1.2851402218079425e-06
rat,fatiguelife,1.60936873747495,1.2012460450092802e-06
rat,fatiguelife,1.6152805611222445,1.1228291592842002e-06
rat,fatiguelife,1.621192384769539,1.0495319403402217e-06
rat,fatiguelife,1.6271042084168337,9.810201135614994e-07
rat,fatiguelife,1.6330160320641283,9.169812296721548e-07
rat,fatiguelife,1.6389278557114229,8.57123239886192e-07
rat,fatiguelife,1.6448396793587174,8.011731640539868e-07
rat,fatiguelife,1.650751503006012,7.488758457382764e-07
rat,fatiguelife,1.6566633266533066,6.999927885483734e-07
rat,fatiguelife,1.6625751503006012,6.543010684307755e-07
rat,fatiguelife,1.6684869739478958,6.115923169602397e-07
rat,fatiguelife,1.6743987975951904,5.716717709984982e-07
rat,fatiguelife,1.680310621242485,5.343573843898566e-07
rat,fatiguelife,1.6862224448897796,4.994789976454376e-07
rat,fatiguelife,1.6921342685370742,4.668775618317391e-07
rat,fatiguelife,1.6980460921843687,4.36404413126149e-07
rat,fatiguelife,1.7039579158316633,4.0792059473263067e-07
rat,fatiguelife,1.709869739478958,3.812962230666318e-07
rat,fatiguelife,1.7157815631262525,3.564098953198261e-07
rat,fatiguelife,1.721693386773547,3.3314813570382996e-07
rat,fatiguelife,1.7276052104208417,3.114048778482138e-07
rat,fatiguelife,1.7335170340681363,2.9108098099289815e-07
rat,fatiguelife,1.7394288577154309,2.720837777689272e-07
rat,fatiguelife,1.7453406813627255,2.5432665150564987e-07
rat,fatiguelife,1.75125250501002,2.3772864113679153e-07
rat,fatiguelife,1.7571643286573146,2.222140719037544e-07
rat,fatiguelife,1.7630761523046092,2.0771221017202243e-07
rat,fatiguelife,1.7689879759519038,1.9415694078647626e-07
rat,fatiguelife,1.7748997995991984,1.8148646549412504e-07
rat,fatiguelife,1.780811623246493,1.6964302105884118e-07
rat,fatiguelife,1.7867234468937876,1.5857261578245315e-07
rat,fatiguelife,1.7926352705410822,1.4822478323041377e-07
rat,fatiguelife,1.7985470941883768,1.3855235203877922e-07
rat,fatiguelife,1.8044589178356714,1.2951123075249416e-07
rat,fatiguelife,1.810370741482966,1.2106020671356647e-07
rat,fatiguelife,1.8162825651302605,1.1316075808173459e-07
rat,fatiguelife,1.8221943887775551,1.0577687813016356e-07
rat,fatiguelife,1.8281062124248497,9.887491101463785e-08
rat,fatiguelife,1.8340180360721443,9.242339826710187e-08
rat,fatiguelife,1.839929859719439,8.639293531324122e-08
rat,fatiguelife,1.8458416833667335,8.075603735957626e-08
rat,fatiguelife,1.851753507014028,7.548701403824119e-08
rat,fatiguelife,1.8576653306613227,7.056185223757577e-08
rat,fatiguelife,1.8635771543086173,6.595810658399792e-08
rat,fatiguelife,1.8694889779559118,6.165479707552058e-08
rat,fatiguelife,1.8754008016032064,5.763231339990354e-08
rat,fatiguelife,1.881312625250501,5.38723255009249e-08
rat,fatiguelife,1.8872244488977956,5.035769998475624e-08
rat,fatiguelife,1.8931362725450902,4.707242198506432e-08
rat,fatiguelife,1.8990480961923848,4.40015221303803e-08
rat,fatiguelife,1.9049599198396794,4.1131008280529406e-08
rat,fatiguelife,1.910871743486974,3.84478017207005e-08
rat,fatiguelife,1.9167835671342686,3.593967752204527e-08
rat,fatiguelife,1.9226953907815632,3.359520879672104e-08
rat,fatiguelife,1.9286072144288577,3.140371459305896e-08
rat,fatiguelife,1.9345190380761523,2.935521119313877e-08
rat,fatiguelife,1.940430861723447,2.744036659058076e-08
rat,fatiguelife,1.9463426853707415,2.565045794087709e-08
rat,fatiguelife,1.952254509018036,2.3977331790138803e-08
rat,fatiguelife,1.9581663326653307,2.2413366900823676e-08
rat,fatiguelife,1.9640781563126253,2.0951439504845495e-08
rat,fatiguelife,1.9699899799599199,1.9584890825552348e-08
rat,fatiguelife,1.9759018036072145,1.8307496720406613e-08
rat,fatiguelife,1.981813627254509,1.711343930587783e-08
rat,fatiguelife,1.9877254509018036,1.5997280435104137e-08
rat,fatiguelife,1.9936372745490982,1.4953936907329324e-08
rat,fatiguelife,1.9995490981963928,1.3978657296027447e-08
rat,fatiguelife,2.0054609218436874,1.3067000290009363e-08
rat,fatiguelife,2.011372745490982,1.2214814448710953e-08
rat,fatiguelife,2.0172845691382766,1.1418219279312779e-08
rat,fatiguelife,2.023196392785571,1.0673587549375964e-08
rat,fatiguelife,2.0291082164328658,9.97752875431065e-09
rat,fatiguelife,2.0350200400801604,9.32687366426809e-09
rat,fatiguelife,2.040931863727455,8.718659879967634e-09
rat,fatiguelife,2.0468436873747495,8.150118331576496e-09
rat,fatiguelife,2.052755511022044,7.61866065906085e-09
rat,fatiguelife,2.0586673346693387,7.121867416448926e-09
rat,fatiguelife,2.0645791583166333,6.657477046206134e-09
rat,fatiguelife,2.070490981963928,6.223375573435389e-09
rat,fatiguelife,2.0764028056112225,5.8175869728997775e-09
rat,fatiguelife,2.082314629258517,5.438264164934424e-09
rat,fatiguelife,2.0882264529058117,5.083680599183309e-09
rat,fatiguelife,2.0941382765531062,4.752222387778657e-09
rat,fatiguelife,2.100050100200401,4.44238095208713e-09
rat,fatiguelife,2.1059619238476954,4.152746149489422e-09
rat,fatiguelife,2.11187374749499,3.8819998488502425e-09
rat,fatiguelife,2.1177855711422846,3.628909925382239e-09
rat,fatiguelife,2.123697394789579,3.3923246475207726e-09
rat,fatiguelife,2.129609218436874,3.17116743021409e-09
rat,fatiguelife,2.1355210420841684,2.964431930705483e-09
rat,fatiguelife,2.141432865731463,2.7711774644461915e-09
rat,fatiguelife,2.1473446893787576,2.5905247202372778e-09
rat,fatiguelife,2.153256513026052,2.4216517550650092e-09
rat,fatiguelife,2.1591683366733467,2.2637902503682358e-09
rat,fatiguelife,2.1650801603206413,2.1162220126702362e-09
rat,fatiguelife,2.170991983967936,1.9782757026210196e-09
rat,fatiguelife,2.1769038076152305,1.8493237775382688e-09
rat,fatiguelife,2.182815631262525,1.7287796335086422e-09
rat,fatiguelife,2.1887274549098197,1.6160949340214924e-09
rat,fatiguelife,2.1946392785571143,1.510757112957344e-09
rat,fatiguelife,2.200551102204409,1.4122870405491033e-09
rat,fatiguelife,2.2064629258517034,1.3202368416768024e-09
rat,fatiguelife,2.212374749498998,1.2341878565514001e-09
rat,fatiguelife,2.2182865731462926,1.153748734492695e-09
rat,fatiguelife,2.224198396793587,1.0785536521130921e-09
rat,fatiguelife,2.230110220440882,1.0082606477861727e-09
rat,fatiguelife,2.2360220440881764,9.425500648095243e-10
rat,fatiguelife,2.241933867735471,8.811230961666302e-10
rat,fatiguelife,2.2478456913827656,8.237004242559997e-10
rat,fatiguelife,2.25375751503006,7.700209493885034e-10
rat,fatiguelife,2.2596693386773548,7.198406012590402e-10
rat,fatiguelife,2.2655811623246493,6.729312279762221e-10
rat,fatiguelife,2.271492985971944,6.290795575882065e-10
rat,fatiguelife,2.2774048096192385,5.880862273725303e-10
rat,fatiguelife,2.283316633266533,5.497648764671975e-10
rat,fatiguelife,2.2892284569138277,5.139412977088582e-10
rat,fatiguelife,2.2951402805611223,4.804526448137337e-10
rat,fatiguelife,2.301052104208417,4.491466912893864e-10
rat,fatiguelife,2.3069639278557115,4.1988113770102997e-10
rat,fatiguelife,2.312875751503006,3.925229641366092e-10
rat,fatiguelife,2.3187875751503007,3.6694782492089267e-10
rat,fatiguelife,2.3246993987975952,3.430394828212225e-10
rat,fatiguelife,2.33061122244489,3.2068928016776423e-10
rat,fatiguelife,2.3365230460921844,2.9979564447917713e-10
rat,fatiguelife,2.342434869739479,2.802636263419289e-10
rat,fatiguelife,2.3483466933867736,2.620044674384824e-10
rat,fatiguelife,2.354258517034068,2.4493519675691035e-10
rat,fatiguelife,2.3601703406813628,2.2897825314297735e-10
rat,fatiguelife,2.3660821643286574,2.1406113247571792e-10
rat,fatiguelife,2.371993987975952,2.0011605785973484e-10
rat,fatiguelife,2.3779058116232465,1.8707967133235392e-10
rat,fatiguelife,2.383817635270541,1.7489274568174084e-10
rat,fatiguelife,2.3897294589178357,1.6349991506376132e-10
rat,fatiguelife,2.3956412825651303,1.528494231909787e-10
rat,fatiguelife,2.401553106212425,1.428928879472617e-10
rat,fatiguelife,2.4074649298597195,1.3358508135625692e-10
rat,fatiguelife,2.413376753507014,1.2488372390199586e-10
rat,fatiguelife,2.4192885771543087,1.167492922652098e-10
rat,fatiguelife,2.4252004008016033,1.0914483960009231e-10
rat,fatiguelife,2.431112224448898,1.0203582753332486e-10
rat,fatiguelife,2.4370240480961924,9.538996912060893e-11
rat,fatiguelife,2.442935871743487,8.917708204584215e-11
rat,fatiguelife,2.4488476953907816,8.336895139470184e-11
rat,fatiguelife,2.454759519038076,7.793920137805688e-11
rat,fatiguelife,2.460671342685371,7.286317542132606e-11
rat,fatiguelife,2.4665831663326654,6.811782407404656e-11
rat,fatiguelife,2.47249498997996,6.368160022950975e-11
rat,fatiguelife,2.4784068136272546,5.953436117759354e-11
rat,fatiguelife,2.484318637274549,5.565727704506725e-11
rat,fatiguelife,2.4902304609218437,5.2032745206701645e-11
rat,fatiguelife,2.4961422845691383,4.864431027771926e-11
rat,fatiguelife,2.502054108216433,4.547658932351694e-11
rat,fatiguelife,2.5079659318637275,4.251520194636076e-11
rat,fatiguelife,2.513877755511022,3.97467049309488e-11
rat,fatiguelife,2.5197895791583167,3.7158531151485957e-11
rat,fatiguelife,2.5257014028056113,3.4738932462327534e-11
rat,fatiguelife,2.531613226452906,3.247692631236841e-11
rat,fatiguelife,2.5375250501002005,3.0362245840319494e-11
rat,fatiguelife,2.543436873747495,2.8385293223836843e-11
rat,fatiguelife,2.5493486973947896,2.6537096070305273e-11
rat,fatiguelife,2.5552605210420842,2.480926665089422e-11
rat,fatiguelife,2.561172344689379,2.3193963792470265e-11
rat,fatiguelife,2.5670841683366734,2.1683857254025735e-11
rat,fatiguelife,2.572995991983968,2.0272094425601342e-11
rat,fatiguelife,2.5789078156312626,1.8952269198248756e-11
rat,fatiguelife,2.584819639278557,1.7718392863453003e-11
rat,fatiguelife,2.5907314629258518,1.656486690967549e-11
rat,fatiguelife,2.5966432865731464,1.5486457592307876e-11
rat,fatiguelife,2.602555110220441,1.4478272161394872e-11
rat,fatiguelife,2.6084669338677355,1.3535736639031036e-11
rat,fatiguelife,2.61437875751503,1.2654575045382136e-11
rat,fatiguelife,2.6202905811623247,1.1830789978875822e-11
rat,fatiguelife,2.6262024048096193,1.1060644462264742e-11
rat,fatiguelife,2.632114228456914,1.0340644972026297e-11
rat,fatiguelife,2.6380260521042085,9.667525573943226e-12
rat,fatiguelife,2.643937875751503,9.03823309274347e-12
rat,fatiguelife,2.6498496993987977,8.449913248380463e-12
rat,fatiguelife,2.6557615230460923,7.899897695931388e-12
rat,fatiguelife,2.661673346693387,7.385691910201724e-12
rat,fatiguelife,2.6675851703406814,6.904963859965463e-12
rat,fatiguelife,2.673496993987976,6.4555334203625545e-12
rat,fatiguelife,2.6794088176352706,6.035362475330038e-12
rat,fatiguelife,2.685320641282565,5.6425456650850226e-12
rat,fatiguelife,2.69123246492986,5.275301736606859e-12
rat,fatiguelife,2.6971442885771544,4.9319654578108135e-12
rat,fatiguelife,2.703056112224449,4.6109800586671284e-12
rat,fatiguelife,2.7089679358717436,4.310890164916717e-12
rat,fatiguelife,2.714879759519038,4.030335192272762e-12
rat,fatiguelife,2.7207915831663327,3.7680431710921516e-12
rat,fatiguelife,2.7267034068136273,3.5228249734582466e-12
rat,fatiguelife,2.732615230460922,3.293568916444658e-12
rat,fatiguelife,2.7385270541082165,3.079235717040467e-12
rat,fatiguelife,2.744438877755511,2.878853775816576e-12
rat,fatiguelife,2.7503507014028057,2.69151476790568e-12
rat,fatiguelife,2.7562625250501003,2.5163695212672144e-12
rat,fatiguelife,2.762174348697395,2.3526241635126113e-12
rat,fatiguelife,2.7680861723446895,2.1995365197879234e-12
rat,fatiguelife,2.773997995991984,2.0564127453518473e-12
rat,fatiguelife,2.7799098196392786,1.9226041775533635e-12
rat,fatiguelife,2.7858216432865732,1.7975043929108031e-12
rat,fatiguelife,2.791733466933868,1.680546455925826e-12
rat,fatiguelife,2.7976452905811624,1.5712003471375233e-12
rat,fatiguelife,2.803557114228457,1.4689705587359232e-12
rat,fatiguelife,2.8094689378757516,1.3733938468158347e-12
rat,fatiguelife,2.815380761523046,1.2840371300636318e-12
rat,fatiguelife,2.8212925851703408,1.2004955253349266e-12
rat,fatiguelife,2.8272044088176354,1.122390511202973e-12
rat,fatiguelife,2.83311623246493,1.0493682111391413e-12
rat,fatiguelife,2.8390280561122245,9.81097788530264e-13
rat,fatiguelife,2.844939879759519,9.172699462456368e-13
rat,fatiguelife,2.8508517034068137,8.575955239416585e-13
rat,fatiguelife,2.8567635270541083,8.01804186735683e-13
rat,fatiguelife,2.862675350701403,7.496431992960718e-13
rat,fatiguelife,2.8685871743486975,7.008762797832106e-13
rat,fatiguelife,2.874498997995992,6.55282528438891e-13
rat,fatiguelife,2.8804108216432867,6.126554259607957e-13
rat,fatiguelife,2.8863226452905812,5.728018971153446e-13
rat,fatiguelife,2.892234468937876,5.355414353388713e-13
rat,fatiguelife,2.8981462925851704,5.007052843537116e-13
rat,fatiguelife,2.904058116232465,4.681356730849684e-13
rat,fatiguelife,2.9099699398797596,4.37685100405585e-13
rat,fatiguelife,2.915881763527054,4.0921566646372557e-13
rat,fatiguelife,2.921793587174349,3.825984475579068e-13
rat,fatiguelife,2.9277054108216434,3.577129117231321e-13
rat,fatiguelife,2.933617234468938,3.344463723760189e-13
rat,fatiguelife,2.9395290581162326,3.126934775398185e-13
rat,fatiguelife,2.945440881763527,2.923557323316408e-13
rat,fatiguelife,2.9513527054108217,2.733410525453607e-13
rat,fatiguelife,2.9572645290581163,2.55563347304639e-13
rat,fatiguelife,2.963176352705411,2.389421288926684e-13
rat,fatiguelife,2.9690881763527055,2.2340214798844957e-13
rat,fatiguelife,2.975,2.0887305265483682e-13
rat,invgauss,0.025,9.067592063599864e-07
rat,invgauss,0.03091182364729459,5.164377606062951e-05
rat,invgauss,0.03682364729458918,0.0007528365949641019
rat,invgauss,0.04273547094188377,0.004977019880297758
rat,invgauss,0.04864729458917836,0.019989479034848847
rat,invgauss,0.05455911823647295,0.05751095926507623
rat,invgauss,0.06047094188376754,0.1309645042209078
rat,invgauss,0.06638276553106212,0.25162765702448925
rat,invgauss,0.07229458917835671,0.4257308352554051
rat,invgauss,0.0782064128256513,0.6533835964554955
rat,invgauss,0.08411823647294589,0.9291147246997866
rat,invgauss,0.09003006012024048,1.24334931213774
rat,invgauss,0.09594188376753507,1.5841684659285626
rat,invgauss,0.10185370741482966,1.93891550381931
rat,invgauss,0.10776553106212425,2.2954386958694464
rat,invgauss,0.11367735470941884,2.6429222877496072
rat,invgauss,0.11958917835671343,2.9723481835975436
rat,invgauss,0.12550100200400802,3.2766682634364748
rat,invgauss,0.1314128256513026,3.550772806491945
rat,invgauss,0.1373246492985972,3.791330019078612
rat,invgauss,0.14323647294589179,3.9965554451007024
rat,invgauss,0.14914829659318637,4.165953628272528
rat,invgauss,0.15506012024048096,4.30006031214169
rat,invgauss,0.16097194388777555,4.400202474716424
rat,invgauss,0.16688376753507014,4.4682854879407685
rat,invgauss,0.17279559118236473,4.506611193590464
rat,invgauss,0.17870741482965932,4.517727133409872
rat,invgauss,0.1846192384769539,4.504305041466881
rat,invgauss,0.1905310621242485,4.469045570714992
rat,invgauss,0.1964428857715431,4.414605752351733
rat,invgauss,0.20235470941883768,4.343545632804089
rat,invgauss,0.20826653306613227,4.258290727828759
rat,invgauss,0.21417835671342686,4.161107259932171
rat,invgauss,0.22009018036072145,4.054087527977321
rat,invgauss,0.22600200400801604,3.9391431488661626
rat,invgauss,0.23191382765531063,3.818004282610825
rat,invgauss,0.23782565130260522,3.692223289086411
rat,invgauss,0.2437374749498998,3.5631815609129274
rat,invgauss,0.2496492985971944,3.4320985311149985
rat,invgauss,0.255561122244489,3.300042068396227
rat,invgauss,0.2614729458917836,3.167939650613514
rat,invgauss,0.2673847695390782,3.0365898526280066
rat,invgauss,0.2732965931863728,2.906673802568171
rat,invgauss,0.27920841683366737,2.7787663549015456
rat,invgauss,0.28512024048096196,2.6533468034433967
rat,invgauss,0.29103206412825655,2.5308090159572405
rat,invgauss,0.29694388777555114,2.411470917287543
rat,invgauss,0.30285571142284573,2.2955832825297744
rat,invgauss,0.3087675350701403,2.1833378277029287
rat,invgauss,0.3146793587174349,2.0748746045004722
rat,invgauss,0.3205911823647295,1.9702887194010843
rat,invgauss,0.3265030060120241,1.8696364068980484
rat,invgauss,0.3324148296593187,1.7729404928087131
rat,invgauss,0.33832665330661327,1.6801952873197108
rat,invgauss,0.34423847695390786,1.5913709492215995
rat,invgauss,0.35015030060120245,1.506417363174075
rat,invgauss,0.35606212424849704,1.4252675712026641
rat,invgauss,0.3619739478957916,1.3478407982593557
rat,invgauss,0.3678857715430862,1.27404510981526
rat,invgauss,0.3737975951903808,1.2037797372718706
rat,invgauss,0.3797094188376754,1.136937104614645
rat,invgauss,0.38562124248497,1.0734045872904696
rat,invgauss,0.3915330661322646,1.0130660318443636
rat,invgauss,0.39744488977955916,0.9558030624548769
rat,invgauss,0.40335671342685375,0.901496198200183
rat,invgauss,0.40926853707414834,0.8500258026933165
rat,invgauss,0.41518036072144293,0.8012728856613824
rat,invgauss,0.4210921843687375,0.7551197741184912
rat,invgauss,0.4270040080160321,0.7114506689989184
rat,invgauss,0.4329158316633267,0.6701521014748498
rat,invgauss,0.4388276553106213,0.63111330167846
rat,invgauss,0.4447394789579159,0.5942264911754951
rat,invgauss,0.45065130260521047,0.5593871092901067
rat,invgauss,0.45656312625250506,0.526493982250816
rat,invgauss,0.46247494989979965,0.49544944310716715
rat,invgauss,0.46838677354709424,0.46615940944763085
rat,invgauss,0.4742985971943888,0.43853342512369364
rat,invgauss,0.4802104208416834,0.41248467144489714
rat,invgauss,0.486122244488978,0.3879299526474403
rat,invgauss,0.4920340681362726,0.3647896598477407
rat,invgauss,0.4979458917835672,0.3429877171654151
rat,invgauss,0.5038577154308618,0.322451513231332
rat,invgauss,0.5097695390781564,0.3031118208799622
rat,invgauss,0.515681362725451,0.28490270745600865
rat,invgauss,0.5215931863727455,0.26776143783835227
rat,invgauss,0.5275050100200401,0.2516283719953724
rat,invgauss,0.5334168336673347,0.23644685863066345
rat,invgauss,0.5393286573146293,0.2221631262534635
rat,invgauss,0.5452404809619239,0.20872617281045158
rat,invgauss,0.5511523046092185,0.19608765484201635
rat,invgauss,0.5570641282565131,0.1842017769739739
rat,invgauss,0.5629759519038077,0.1730251824226354
rat,invgauss,0.5688877755511023,0.16251684507493652
rat,invgauss,0.5747995991983968,0.1526379636041339
rat,invgauss,0.5807114228456914,0.14335185799361055
rat,invgauss,0.586623246492986,0.1346238687650834
rat,invgauss,0.5925350701402806,0.12642125914160507
rat,invgauss,0.5984468937875752,0.11871312031895265
rat,invgauss,0.6043587174348698,0.111470279970246
rat,invgauss,0.6102705410821644,0.1046652140669253
rat,invgauss,0.616182364729459,0.09827196206371933
rat,invgauss,0.6220941883767536,0.0922660454651591
rat,invgauss,0.6280060120240482,0.08662438976587873
rat,invgauss,0.6339178356713427,0.08132524973578255
rat,invgauss,0.6398296593186373,0.07634813800361878
rat,invgauss,0.6457414829659319,0.0716737568781189
rat,invgauss,0.6516533066132265,0.06728393333421055
rat,invgauss,0.6575651302605211,0.06316155708254442
rat,invgauss,0.6634769539078157,0.05929052163334388
rat,invgauss,0.6693887775551103,0.05565566826013149
rat,invgauss,0.6753006012024049,0.05224273276493781
rat,invgauss,0.6812124248496995,0.04903829494394924
rat,invgauss,0.687124248496994,0.0460297306510042
rat,invgauss,0.6930360721442886,0.043205166355732155
rat,invgauss,0.6989478957915832,0.04055343609330374
rat,invgauss,0.7048597194388778,0.03806404070358877
rat,invgauss,0.7107715430861724,0.03572710925889628
rat,invgauss,0.716683366733467,0.033533362581288986
rat,invgauss,0.7225951903807616,0.03147407875265416
rat,invgauss,0.7285070140280562,0.02954106052318325
rat,invgauss,0.7344188376753508,0.02772660452661401
rat,invgauss,0.7403306613226454,0.026023472213458673
rat,invgauss,0.74624248496994,0.02442486241643724
rat,invgauss,0.7521543086172345,0.02292438546541309
rat,invgauss,0.7580661322645291,0.021516038772256902
rat,invgauss,0.7639779559118237,0.020194183809214932
rat,invgauss,0.7698897795591183,0.01895352440750386
rat,invgauss,0.7758016032064129,0.01778908630597632
rat,invgauss,0.7817134268537075,0.01669619788278414
rat,invgauss,0.7876252505010021,0.01567047200599276
rat,invgauss,0.7935370741482967,0.014707788942062157
rat,invgauss,0.7994488977955913,0.013804280263996365
rat,invgauss,0.8053607214428858,0.012956313703768183
rat,invgauss,0.8112725450901804,0.012160478896343386
rat,invgauss,0.817184368737475,0.011413573965255315
rat,invgauss,0.8230961923847696,0.01071259290221366
rat,invgauss,0.8290080160320642,0.010054713695667537
rat,invgauss,0.8349198396793588,0.00943728716558593
rat,invgauss,0.8408316633266534,0.008857826463961967
rat,invgauss,0.846743486973948,0.00831399720269863
rat,invgauss,0.8526553106212426,0.007803608172588539
rat,invgauss,0.8585671342685371,0.007324602619063513
rat,invgauss,0.8644789579158317,0.006875050042262533
rat,invgauss,0.8703907815631263,0.006453138490750613
rat,invgauss,0.8763026052104209,0.006057167319919547
rat,invgauss,0.8822144288577155,0.005685540387716873
rat,invgauss,0.8881262525050101,0.005336759661884215
rat,invgauss,0.8940380761523047,0.005009419214343008
rat,invgauss,0.8999498997995993,0.004702199579748905
rat,invgauss,0.9058617234468939,0.00441386245654643
rat,invgauss,0.9117735470941885,0.004143245730097951
rat,invgauss,0.917685370741483,0.0038892587986370576
rat,invgauss,0.9235971943887776,0.0036508781839097396
rat,invgauss,0.9295090180360722,0.00342714340941979
rat,invgauss,0.9354208416833668,0.0032171531301904773
rat,invgauss,0.9413326653306614,0.003020061498895644
rat,invgauss,0.947244488977956,0.002835074754101865
rat,invgauss,0.9531563126252506,0.002661448017203154
rat,invgauss,0.9590681362725452,0.0024984822854216032
rat,invgauss,0.9649799599198398,0.0023455216089949536
rat,invgauss,0.9708917835671343,0.0022019504413774496
rat,invgauss,0.9768036072144289,0.002067191151945057
rat,invgauss,0.9827154308617235,0.0019407016913231064
rat,invgauss,0.9886272545090181,0.0018219734000451424
rat,invgauss,0.9945390781563127,0.0017105289518082548
rat,invgauss,1.0004509018036072,0.0016059204231147477
rat,invgauss,1.0063627254509018,0.001507727481583284
rat,invgauss,1.0122745490981964,0.001415555685678012
rat,invgauss,1.018186372745491,0.0013290348890413397
rat,invgauss,1.0240981963927855,0.001247817743028123
rat,invgauss,1.0300100200400801,0.0011715782914263626
rat,invgauss,1.0359218436873747,0.0011000106517142616
rat,invgauss,1.0418336673346693,0.001032827777546166
rat,invgauss,1.047745490981964,0.0009697602974826858
rat,invgauss,1.0536573146292585,0.0009105554252833903
rat,invgauss,1.059569138276553,0.000854975937365647
rat,invgauss,1.0654809619238477,0.0008027992133012906
rat,invgauss,1.0713927855711423,0.0007538163354746811
rat,invgauss,1.0773046092184368,0.0007078312442625966
rat,invgauss,1.0832164328657314,0.0006646599453188438
rat,invgauss,1.089128256513026,0.0006241297657556988
rat,invgauss,1.0950400801603206,0.0005860786562106353
rat,invgauss,1.1009519038076152,0.0005503545359714044
rat,invgauss,1.1068637274549098,0.0005168146785059619
rat,invgauss,1.1127755511022044,0.000485325134906465
rat,invgauss,1.118687374749499,0.00045576019290964945
rat,invgauss,1.1245991983967936,0.000428001869299395
rat,invgauss,1.1305110220440882,0.0004019394336323153
rat,invgauss,1.1364228456913827,0.00037746896135373197
rat,invgauss,1.1423346693386773,0.0003544929144904157
rat,invgauss,1.148246492985972,0.00033291974821809457
rat,invgauss,1.1541583166332665,0.00031266354170652856
rat,invgauss,1.160070140280561,0.000293643651743409
rat,invgauss,1.1659819639278557,0.000275784387730687
rat,invgauss,1.1718937875751503,0.0002590147067336273
rat,invgauss,1.1778056112224449,0.00024326792734433153
rat,invgauss,1.1837174348697395,0.0002284814611978013
rat,invgauss,1.189629258517034,0.00021459656105036115
rat,invgauss,1.1955410821643286,0.0002015580843975167
rat,invgauss,1.2014529058116232,0.00018931427167150476
rat,invgauss,1.2073647294589178,0.000177816538118016
rat,invgauss,1.2132765531062124,0.00016701927850723132
rat,invgauss,1.219188376753507,0.00015687968388645982
rat,invgauss,1.2251002004008016,0.00014735756963066553
rat,invgauss,1.2310120240480962,0.0001384152140931105
rat,invgauss,1.2369238476953908,0.00013001720720145525
rat,invgauss,1.2428356713426854,0.00012213030838513337
rat,invgauss,1.24874749498998,0.0001147233132577477
rat,invgauss,1.2546593186372745,0.00010776692851388673
rat,invgauss,1.2605711422845691,0.00010123365453314521
rat,invgauss,1.2664829659318637,9.509767521551119e-05
rat,invgauss,1.2723947895791583,8.933475460167595e-05
rat,invgauss,1.278306613226453,8.392213985944164e-05
rat,invgauss,1.2842184368737475,7.883847024327298e-05
rat,invgauss,1.290130260521042,7.406369165835323e-05
rat,invgauss,1.2960420841683367,6.95789764832684e-05
rat,invgauss,1.3019539078156313,6.536664832685089e-05
rat,invgauss,1.3078657314629258,6.141011141474571e-05
rat,invgauss,1.3137775551102204,5.7693784320106066e-05
rat,invgauss,1.319689378757515,5.4203037770449585e-05
rat,invgauss,1.3256012024048096,5.0924136279297535e-05
rat,invgauss,1.3315130260521042,4.7844183366729533e-05
rat,invgauss,1.3374248496993988,4.4951070147581236e-05
rat,invgauss,1.3433366733466934,4.2233427079674665e-05
rat,invgauss,1.349248496993988,3.9680578677302765e-05
rat,invgauss,1.3551603206412826,3.728250100722388e-05
rat,invgauss,1.3610721442885771,3.5029781795708954e-05
rat,invgauss,1.3669839679358717,3.291358298577701e-05
rat,invgauss,1.3728957915831663,3.092560559368991e-05
rat,invgauss,1.378807615230461,2.9058056723095285e-05
rat,invgauss,1.3847194388777555,2.7303618603955308e-05
rat,invgauss,1.39063126252505,2.5655419531598437e-05
rat,invgauss,1.3965430861723447,2.4107006588927508e-05
rat,invgauss,1.4024549098196393,2.2652320042039144e-05
rat,invgauss,1.4083667334669339,2.128566930627975e-05
rat,invgauss,1.4142785571142285,2.0001710386119853e-05
rat,invgauss,1.420190380761523,1.8795424698187546e-05
rat,invgauss,1.4261022044088176,1.766209919239651e-05
rat,invgauss,1.4320140280561122,1.6597307691348312e-05
rat,invgauss,1.4379258517034068,1.5596893373114155e-05
rat,invgauss,1.4438376753507014,1.4656952327115048e-05
rat,invgauss,1.449749498997996,1.3773818117156531e-05
rat,invgauss,1.4556613226452906,1.2944047289734996e-05
rat,invgauss,1.4615731462925852,1.2164405769548511e-05
rat,invgauss,1.4674849699398798,1.1431856087722292e-05
rat,invgauss,1.4733967935871743,1.0743545391615283e-05
rat,invgauss,1.479308617234469,1.0096794188224909e-05
rat,invgauss,1.4852204408817635,9.489085776161002e-06
rat,invgauss,1.4911322645290581,8.91805632393315e-06
rat,invgauss,1.4970440881763527,8.38148555489615e-06
rat,invgauss,1.5029559118236473,7.877288001640192e-06
rat,invgauss,1.5088677354709419,7.403504794900925e-06
rat,invgauss,1.5147795591182365,6.9582959542147215e-06
rat,invgauss,1.520691382765531,6.539933149559062e-06
rat,invgauss,1.5266032064128257,6.146792905111454e-06
rat,invgauss,1.5325150300601202,5.777350218033281e-06
rat,invgauss,1.5384268537074148,5.430172566852559e-06
rat,invgauss,1.5443386773547094,5.103914285580658e-06
rat,invgauss,1.550250501002004,4.797311281165984e-06
rat,invgauss,1.5561623246492986,4.509176073262559e-06
rat,invgauss,1.5620741482965932,4.238393136583301e-06
rat,invgauss,1.5679859719438878,3.98391452731985e-06
rat,invgauss,1.5738977955911824,3.744755776246758e-06
rat,invgauss,1.579809619238477,3.5199920321960755e-06
rat,invgauss,1.5857214428857715,3.30875444058882e-06
rat,invgauss,1.5916332665330661,3.1102267426501153e-06
rat,invgauss,1.5975450901803607,2.923642081815883e-06
rat,invgauss,1.6034569138276553,2.7482800046674085e-06
rat,invgauss,1.60936873747495,2.5834636445056886e-06
rat,invgauss,1.6152805611222445,2.4285570764073585e-06
rat,invgauss,1.621192384769539,2.2829628332870783e-06
rat,invgauss,1.6271042084168337,2.1461195731338243e-06
rat,invgauss,1.6330160320641283,2.0174998881907677e-06
rat,invgauss,1.6389278557114229,1.896608247413773e-06
rat,invgauss,1.6448396793587174,1.7829790640744074e-06
rat,invgauss,1.650751503006012,1.6761748808713732e-06
rat,invgauss,1.6566633266533066,1.5757846653816478e-06
rat,invgauss,1.6625751503006012,1.4814222091215601e-06
rat,invgauss,1.6684869739478958,1.3927246238996291e-06
rat,invgauss,1.6743987975951904,1.309350929529789e-06
rat,invgauss,1.680310621242485,1.2309807273361836e-06
rat,invgauss,1.6862224448897796,1.1573129542213931e-06
rat,invgauss,1.6921342685370742,1.0880647123896401e-06
rat,invgauss,1.6980460921843687,1.0229701701163927e-06
rat,invgauss,1.7039579158316633,9.617795292376406e-07
rat,invgauss,1.709869739478958,9.042580552962831e-07
rat,invgauss,1.7157815631262525,8.501851665314327e-07
rat,invgauss,1.721693386773547,7.993535781291738e-07
rat,invgauss,1.7276052104208417,7.515684983722226e-07
rat,invgauss,1.7335170340681363,7.066468735310107e-07
rat,invgauss,1.7394288577154309,6.644166785315967e-07
rat,invgauss,1.7453406813627255,6.247162506165679e-07
rat,invgauss,1.75125250501002,5.873936633850526e-07
rat,invgauss,1.7571643286573146,5.523061387573219e-07
rat,invgauss,1.7630761523046092,5.193194945591518e-07
rat,invgauss,1.7689879759519038,4.883076255616824e-07
rat,invgauss,1.7748997995991984,4.591520159443669e-07
rat,invgauss,1.780811623246493,4.3174128127252323e-07
rat,invgauss,1.7867234468937876,4.059707381972593e-07
rat,invgauss,1.7926352705410822,3.817420001947148e-07
rat,invgauss,1.7985470941883768,3.5896259776405165e-07
rat,invgauss,1.8044589178356714,3.375456215999559e-07
rat,invgauss,1.810370741482966,3.174093873456194e-07
rat,invgauss,1.8162825651302605,2.984771206171572e-07
rat,invgauss,1.8221943887775551,2.8067666107000617e-07
rat,invgauss,1.8281062124248497,2.6394018435265105e-07
rat,invgauss,1.8340180360721443,2.482039408632826e-07
rat,invgauss,1.839929859719439,2.3340801029091474e-07
rat,invgauss,1.8458416833667335,2.1949607098442927e-07
rat,invgauss,1.851753507014028,2.0641518325114806e-07
rat,invgauss,1.8576653306613227,1.941155857411459e-07
rat,invgauss,1.8635771543086173,1.8255050412477908e-07
rat,invgauss,1.8694889779559118,1.71675971319051e-07
rat,invgauss,1.8754008016032064,1.614506585636622e-07
rat,invgauss,1.881312625250501,1.5183571669002058e-07
rat,invgauss,1.8872244488977956,1.4279462696639487e-07
rat,invgauss,1.8931362725450902,1.3429306093979206e-07
rat,invgauss,1.8990480961923848,1.2629874873035688e-07
rat,invgauss,1.9049599198396794,1.187813552670489e-07
rat,invgauss,1.910871743486974,1.1171236398442296e-07
rat,invgauss,1.9167835671342686,1.0506496752942903e-07
rat,invgauss,1.9226953907815632,9.88139650545033e-08
rat,invgauss,1.9286072144288577,9.293566569892404e-08
rat,invgauss,1.9345190380761523,8.740779788451946e-08
rat,invgauss,1.940430861723447,8.220942407448402e-08
rat,invgauss,1.9463426853707415,7.732086066533065e-08
rat,invgauss,1.952254509018036,7.272360270200399e-08
rat,invgauss,1.9581663326653307,6.840025312495181e-08
rat,invgauss,1.9640781563126253,6.433445627558288e-08
rat,invgauss,1.9699899799599199,6.051083540309627e-08
rat,invgauss,1.9759018036072145,5.6914933931246246e-08
rat,invgauss,1.981813627254509,5.3533160258184025e-08
rat,invgauss,1.9877254509018036,5.03527358762744e-08
rat,invgauss,1.9936372745490982,4.736164661165982e-08
rat,invgauss,1.9995490981963928,4.454859679546104e-08
rat,invgauss,2.0054609218436874,4.1902966189873245e-08
rat,invgauss,2.011372745490982,3.941476950310854e-08
rat,invgauss,2.0172845691382766,3.707461833717125e-08
rat,invgauss,2.023196392785571,3.4873685421873594e-08
rat,invgauss,2.0291082164328658,3.28036709973699e-08
rat,invgauss,2.0350200400801604,3.085677121579624e-08
rat,invgauss,2.040931863727455,2.9025648440427147e-08
rat,invgauss,2.0468436873747495,2.730340332809466e-08
rat,invgauss,2.052755511022044,2.568354858752503e-08
rat,invgauss,2.0586673346693387,2.4159984312718275e-08
rat,invgauss,2.0645791583166333,2.272697479658963e-08
rat,invgauss,2.070490981963928,2.1379126735807992e-08
rat,invgauss,2.0764028056112225,2.0111368743143935e-08
rat,invgauss,2.082314629258517,1.891893208868479e-08
rat,invgauss,2.0882264529058117,1.779733259601777e-08
rat,invgauss,2.0941382765531062,1.674235362393932e-08
rat,invgauss,2.100050100200401,1.5750030068434685e-08
rat,invgauss,2.1059619238476954,1.4816633323604362e-08
rat,invgauss,2.11187374749499,1.3938657143911564e-08
rat,invgauss,2.1177855711422846,1.3112804353595434e-08
rat,invgauss,2.123697394789579,1.2335974352358484e-08
rat,invgauss,2.129609218436874,1.160525136950031e-08
rat,invgauss,2.1355210420841684,1.091789342155268e-08
rat,invgauss,2.141432865731463,1.0271321931175474e-08
rat,invgauss,2.1473446893787576,9.663111967614777e-09
rat,invgauss,2.153256513026052,9.090983071416994e-09
rat,invgauss,2.1591683366733467,8.552790628335904e-09
rat,invgauss,2.1650801603206413,8.046517759478851e-09
rat,invgauss,2.170991983967936,7.57026769672167e-09
rat,invgauss,2.1769038076152305,7.122256614285572e-09
rat,invgauss,2.182815631262525,6.700806889117222e-09
rat,invgauss,2.1887274549098197,6.304340764360519e-09
rat,invgauss,2.1946392785571143,5.931374391752538e-09
rat,invgauss,2.200551102204409,5.580512230230872e-09
rat,invgauss,2.2064629258517034,5.250441779401488e-09
rat,invgauss,2.212374749498998,4.939928627802351e-09
rat,invgauss,2.2182865731462926,4.6478117971007775e-09
rat,invgauss,2.224198396793587,4.372999364497598e-09
rat,invgauss,2.230110220440882,4.114464346673589e-09
rat,invgauss,2.2360220440881764,3.871240829616606e-09
rat,invgauss,2.241933867735471,3.6424203296061544e-09
rat,invgauss,2.2478456913827656,3.427148371516981e-09
rat,invgauss,2.25375751503006,3.2246212714332253e-09
rat,invgauss,2.2596693386773548,3.0340831113457496e-09
rat,invgauss,2.2655811623246493,2.8548228944383225e-09
rat,invgauss,2.271492985971944,2.686171870158097e-09
rat,invgauss,2.2774048096192385,2.5275010189138992e-09
rat,invgauss,2.283316633266533,2.378218686854546e-09
rat,invgauss,2.2892284569138277,2.2377683617523924e-09
rat,invgauss,2.2951402805611223,2.105626581554501e-09
rat,invgauss,2.301052104208417,1.981300967670516e-09
rat,invgauss,2.3069639278557115,1.86432837554089e-09
rat,invgauss,2.312875751503006,1.7542731554759129e-09
rat,invgauss,2.3187875751503007,1.6507255171764819e-09
rat,invgauss,2.3246993987975952,1.5532999917413905e-09
rat,invgauss,2.33061122244489,1.4616339853378232e-09
rat,invgauss,2.3365230460921844,1.3753864190595177e-09
rat,invgauss,2.342434869739479,1.2942364498257492e-09
rat,invgauss,2.3483466933867736,1.2178822674816595e-09
rat,invgauss,2.354258517034068,1.1460399635506605e-09
rat,invgauss,2.3601703406813628,1.0784424673614013e-09
rat,invgauss,2.3660821643286574,1.014838545528146e-09
rat,invgauss,2.371993987975952,9.549918610035749e-10
rat,invgauss,2.3779058116232465,8.986800881495622e-10
rat,invgauss,2.383817635270541,8.456940804836945e-10
rat,invgauss,2.3897294589178357,7.95837087959413e-10
rat,invgauss,2.3956412825651303,7.489240208253343e-10
rat,invgauss,2.401553106212425,7.047807572861027e-10
rat,invgauss,2.4074649298597195,6.632434923529114e-10
rat,invgauss,2.413376753507014,6.241581254281336e-10
rat,invgauss,2.4192885771543087,5.873796843150473e-10
rat,invgauss,2.4252004008016033,5.527717834817364e-10
rat,invgauss,2.431112224448898,5.202061145377988e-10
rat,invgauss,2.4370240480961924,4.89561967004454e-10
rat,invgauss,2.442935871743487,4.6072577757333554e-10
rat,invgauss,2.4488476953907816,4.3359070615683637e-10
rat,invgauss,2.454759519038076,4.0805623713440305e-10
rat,invgauss,2.460671342685371,3.8402780429420857e-10
rat,invgauss,2.4665831663326654,3.6141643805934437e-10
rat,invgauss,2.47249498997996,3.401384336717605e-10
rat,invgauss,2.4784068136272546,3.201150390864342e-10
rat,invgauss,2.484318637274549,3.012721614025281e-10
rat,invgauss,2.4902304609218437,2.835400907284571e-10
rat,invgauss,2.4961422845691383,2.6685324044341303e-10
rat,invgauss,2.502054108216433,2.5114990287984184e-10
rat,invgauss,2.5079659318637275,2.3637201950950835e-10
rat,invgauss,2.513877755511022,2.224649647704702e-10
rat,invgauss,2.5197895791583167,2.093773427236863e-10
rat,invgauss,2.5257014028056113,1.9706079577636884e-10
rat,invgauss,2.531613226452906,1.8546982475460007e-10
rat,invgauss,2.5375250501002005,1.745616196505484e-10
rat,invgauss,2.543436873747495,1.6429590040970489e-10
rat,invgauss,2.5493486973947896,1.5463476716148616e-10
rat,invgauss,2.5552605210420842,1.4554255933198613e-10
rat,invgauss,2.561172344689379,1.3698572311110062e-10
rat,invgauss,2.5670841683366734,1.289326867777135e-10
rat,invgauss,2.572995991983968,1.2135374341611245e-10
rat,invgauss,2.5789078156312626,1.1422094058465859e-10
rat,invgauss,2.584819639278557,1.0750797652378753e-10
rat,invgauss,2.5907314629258518,1.0119010251506401e-10
rat,invgauss,2.5966432865731464,9.524403102604949e-11
rat,invgauss,2.602555110220441,8.9647849297521e-11
rat,invgauss,2.6084669338677355,8.438093804997698e-11
rat,invgauss,2.61437875751503,7.94238950055956e-11
rat,invgauss,2.6202905811623247,7.475846293987178e-11
rat,invgauss,2.6262024048096193,7.036746199416501e-11
rat,invgauss,2.632114228456914,6.623472599634054e-11
rat,invgauss,2.6380260521042085,6.234504255175709e-11
rat,invgauss,2.643937875751503,5.868409668093398e-11
rat,invgauss,2.6498496993987977,5.5238417793578047e-11
rat,invgauss,2.6557615230460923,5.199532980109534e-11
rat,invgauss,2.661673346693387,4.894290418151306e-11
rat,invgauss,2.6675851703406814,4.606991582176018e-11
rat,invgauss,2.673496993987976,4.3365801472669666e-11
rat,invgauss,2.6794088176352706,4.0820620661842605e-11
rat,invgauss,2.685320641282565,3.8425018918695484e-11
rat,invgauss,2.69123246492986,3.617019317468707e-11
rat,invgauss,2.6971442885771544,3.404785920982782e-11
rat,invgauss,2.703056112224449,3.205022102425268e-11
rat,invgauss,2.7089679358717436,3.016994202080663e-11
rat,invgauss,2.714879759519038,2.840011789138602e-11
rat,invgauss,2.7207915831663327,2.6734251106122603e-11
rat,invgauss,2.7267034068136273,2.516622691049994e-11
rat,invgauss,2.732615230460922,2.369029074111119e-11
rat,invgauss,2.7385270541082165,2.2301026976073944e-11
rat,invgauss,2.744438877755511,2.099333894108736e-11
rat,invgauss,2.7503507014028057,1.9762430096815786e-11
rat,invgauss,2.7562625250501003,1.860378633767805e-11
rat,invgauss,2.762174348697395,1.7513159336275325e-11
rat,invgauss,2.7680861723446895,1.648655087158514e-11
rat,invgauss,2.773997995991984,1.552019808271652e-11
rat,invgauss,2.7799098196392786,1.4610559593476403e-11
rat,invgauss,2.7858216432865732,1.3754302456232628e-11
rat,invgauss,2.791733466933868,1.2948289866619434e-11
rat,invgauss,2.7976452905811624,1.2189569603499797e-11
rat,invgauss,2.803557114228457,1.1475363151297792e-11
rat,invgauss,2.8094689378757516,1.080305546435551e-11
rat,invgauss,2.815380761523046,1.0170185335360088e-11
rat,invgauss,2.8212925851703408,9.574436332131665e-12
rat,invgauss,2.8272044088176354,9.013628269179954e-12
rat,invgauss,2.83311623246493,8.485709182423119e-12
rat,invgauss,2.8390280561122245,7.98874777733765e-12
rat,invgauss,2.844939879759519,7.520926322563234e-12
rat,invgauss,2.8508517034068137,7.0805339626470214e-12
rat,invgauss,2.8567635270541083,6.66596042516522e-12
rat,invgauss,2.862675350701403,6.275690098927917e-12
rat,invgauss,2.8685871743486975,5.908296461349351e-12
rat,invgauss,2.874498997995992,5.562436834364244e-12
rat,invgauss,2.8804108216432867,5.2368474494889215e-12
rat,invgauss,2.8863226452905812,4.930338803774708e-12
rat,invgauss,2.892234468937876,4.641791289479793e-12
rat,invgauss,2.8981462925851704,4.370151081301629e-12
rat,invgauss,2.904058116232465,4.114426265967689e-12
rat,invgauss,2.9099699398797596,3.873683199879908e-12
rat,invgauss,2.915881763527054,3.647043081355853e-12
rat,invgauss,2.921793587174349,3.433678724802405e-12
rat,invgauss,2.9277054108216434,3.2328115249092693e-12
rat,invgauss,2.933617234468938,3.0437085996506824e-12
rat,invgauss,2.9395290581162326,2.8656801015484474e-12
rat,invgauss,2.945440881763527,2.69807668727115e-12
rat,invgauss,2.9513527054108217,2.5402871362316125e-12
rat,invgauss,2.9572645290581163,2.3917361093956698e-12
rat,invgauss,2.963176352705411,2.251882040034824e-12
rat,invgauss,2.9690881763527055,2.1202151486430595e-12
rat,invgauss,2.975,1.996255574698231e-12
