axon_index,cov,arc_length_um,radius_um
0,0.1077,0.0,0.40142792613437356
0,0.1077,0.04980734397003302,0.4059249955593125
0,0.1077,0.09961468794006605,0.4164482585513472
0,0.1077,0.14942203191009906,0.4129100783308551
0,0.1077,0.1992293758801321,0.4091590225875356
0,0.1077,0.24903671985016512,0.40885501851659634
0,0.1077,0.2988440638201981,0.40696512461758144
0,0.1077,0.3486514077902312,0.4042060072138634
0,0.1077,0.3984587517602642,0.4024178855319474
0,0.1077,0.4482660957302972,0.39950289907501463
0,0.1077,0.49807343970033024,0.39587609554733244
0,0.1077,0.5478807836703633,0.39575044053843866
0,0.1077,0.5976881276403962,0.3939870625214922
0,0.1077,0.6474954716104293,0.39297586531344986
0,0.1077,0.6973028155804624,0.39524742102718213
0,0.1077,0.7471101595504953,0.3963783172469585
0,0.1077,0.7969175035205284,0.3998762082040373
0,0.1077,0.8467248474905614,0.40204693641129297
0,0.1077,0.8965321914605944,0.39392393874274506
0,0.1077,0.9463395354306274,0.3944916891292438
0,0.1077,0.9961468794006605,0.39417637320552695
0,0.1077,1.0459542233706935,0.4045135051717741
0,0.1077,1.0957615673407266,0.40525054830678453
0,0.1077,1.1455689113107594,0.4045749767176304
0,0.1077,1.1953762552807925,0.4032821065606935
0,0.1077,1.2451835992508256,0.4077587272043536
0,0.1077,1.2949909432208586,0.4059249955593125
0,0.1077,1.3447982871908917,0.4065371584701577
0,0.1077,1.3946056311609247,0.40720947475945163
0,0.1077,1.4444129751309576,0.4023560844280689
0,0.1077,1.4942203191009906,0.39975181056276177
0,0.1077,1.5440276630710237,0.4017994467378488
0,0.1077,1.5938350070410567,0.40186133344545305
0,0.1077,1.6436423510110898,0.40173755049674553
0,0.1077,1.6934496949811229,0.40111806277200107
0,0.1077,1.743257038951156,0.4048821944524756
0,0.1077,1.7930643829211887,0.4065371584701577
0,0.1077,1.8428717268912218,0.412247059019606
0,0.1077,1.8926790708612549,0.4134517578444175
0,0.1077,1.942486414831288,0.4144129954285921
0,0.1077,1.992293758801321,0.4177003786980451
0,0.1077,2.042101102771354,0.4213754067181612
0,0.1077,2.091908446741387,0.4236707852281394
0,0.1077,2.14171579071142,0.4346800651075564
0,0.1077,2.191523134681453,0.4431784594938501
0,0.1077,2.241330478651486,0.44272932995410685
0,0.1077,2.291137822621519,0.4427854960602578
0,0.1077,2.340945166591552,0.448699234466973
0,0.1077,2.390752510561585,0.4551374579377587
0,0.1077,2.4405598545316183,0.456010833570327
0,0.1077,2.490367198501651,0.4568281067636358
0,0.1077,2.5401745424716844,0.4571546069411803
0,0.1077,2.5899818864417172,0.45959596498965793
0,0.1077,2.63978923041175,0.4531113291328578
0,0.1077,2.6895965743817833,0.4457521724751189
0,0.1077,2.739403918351816,0.4427854960602578
0,0.1077,2.7892112623218495,0.4495851173323102
0,0.1077,2.8390186062918823,0.4455289615585312
0,0.1077,2.888825950261915,0.4370193722368317
0,0.1077,2.9386332942319484,0.4548095096848215
0,0.1077,2.9884406382019812,0.4500274048149033
0,0.1077,3.0382479821720145,0.432443127050225
0,0.1077,3.0880553261420474,0.43855307722396875
0,0.1077,3.1378626701120806,0.4367347617395407
0,0.1077,3.1876700140821135,0.42932658719010325
0,0.1077,3.2374773580521463,0.4234359344422287
0,0.1077,3.2872847020221796,0.41823585408467345
0,0.1077,3.3370920459922124,0.4149527130379368
0,0.1077,3.3868993899622457,0.4059862533874074
0,0.1077,3.4367067339322785,0.3948697358754419
0,0.1077,3.486514077902312,0.3946177449526014
0,0.1077,3.5363214218723447,0.39303914135690216
0,0.1077,3.5861287658423775,0.39430252983324277
0,0.1077,3.6359361098124108,0.392532647407628
0,0.1077,3.6857434537824436,0.3984432904870725
0,0.1077,3.735550797752477,0.3940501761883002
0,0.1077,3.7853581417225097,0.3889047850785804
0,0.1077,3.8351654856925426,0.3789951663813611
0,0.1077,3.884972829662576,0.3735759504086227
0,0.1077,3.9347801736326087,0.38076266357505884
0,0.1077,3.984587517602642,0.38928825743311873
0,0.1077,4.034394861572675,0.38947985202634394
0,0.1077,4.084202205542708,0.3927226591883767
0,0.1077,4.134009549512741,0.40285022779442126
0,0.1077,4.183816893482774,0.4112202901549713
0,0.1077,4.233624237452807,0.4165079686754696
0,0.1077,4.28343158142284,0.4184736232079641
0,0.1077,4.333238925392873,0.4100696825669153
0,0.1077,4.383046269362906,0.4045135051717741
0,0.1077,4.432853613332939,0.4082463312377028
0,0.1077,4.482660957302972,0.4100696825669153
0,0.1077,4.532468301273005,0.4090982398459705
0,0.1077,4.582275645243038,0.40702622590530924
0,0.1077,4.632082989213071,0.409948378117414
0,0.1077,4.681890333183104,0.413211099059275
0,0.1077,4.731697677153138,0.4107362166615078
0,0.1077,4.78150502112317,0.4064147996537007
0,0.1077,4.831312365093203,0.40635360642898377
0,0.1077,4.8811197090632366,0.40475933534042147
0,0.1077,4.930927053033269,0.40604750197391976
0,0.1077,4.980734397003302,0.40647598366603876
0,0.1077,5.0305417409733355,0.407270539388236
0,0.1077,5.080349084943369,0.4083072407988382
0,0.1077,5.130156428913401,0.4092805609899154
0,0.1077,5.1799637728834345,0.4125485635278538
0,0.1077,5.229771116853468,0.4086116524125829
0,0.1077,5.2795784608235,0.4058637284854507
0,0.1077,5.329385804793533,0.40635360642898377
0,0.1077,5.379193148763567,0.40537325854375494
0,0.1077,5.429000492733599,0.40537325854375494
0,0.1077,5.478807836703632,0.4041444795466809
0,0.1077,5.528615180673666,0.40198507827777635
0,0.1077,5.578422524643699,0.401304009500418
0,0.1077,5.628229868613731,0.4015518045283528
0,0.1077,5.678037212583765,0.3976310963416403
0,0.1077,5.727844556553798,0.39575044053843866
0,0.1077,5.77765190052383,0.39335536889325917
0,0.1077,5.8274592444938635,0.392532647407628
0,0.1077,5.877266588463897,0.3924692897044621
0,0.1077,5.92707393243393,0.3876238040454849
0,0.1077,5.9768812764039625,0.39310240721507567
0,0.1077,6.026688620373996,0.39386080484719693
0,0.1077,6.076495964344029,0.38794444584408416
0,0.1077,6.1263033083140614,0.3842085497717782
0,0.1077,6.176110652284095,0.3847906352747932
0,0.1077,6.225917996254128,0.38369039909802694
0,0.1077,6.275725340224161,0.3867245926840772
0,0.1077,6.325532684194194,0.3838847875589131
0,0.1077,6.375340028164227,0.38213173158848507
0,0.1077,6.42514737213426,0.38832886652883647
0,0.1077,6.474954716104293,0.3889687233913969
0,0.1077,6.524762060074326,0.3878162209369808
0,0.1077,6.574569404044359,0.3905637793877441
0,0.1077,6.6243767480143925,0.3934185838987124
0,0.1077,6.674184091984425,0.4001870331310345
0,0.1077,6.723991435954458,0.4046978917977009
0,0.1077,6.773798779924491,0.4087333535775787
0,0.1077,6.823606123894524,0.4193047533677959
0,0.1077,6.873413467864557,0.42231860970404234
0,0.1077,6.92322081183459,0.42741084815159547
0,0.1077,6.973028155804624,0.432443127050225
0,0.1077,7.022835499774656,0.4328454800168191
0,0.1077,7.072642843744689,0.43553736670652354
0,0.1077,7.122450187714723,0.44143553713780154
0,0.1077,7.172257531684755,0.4467552415150605
0,0.1077,7.222064875654788,0.450745196359038
0,0.1077,7.2718722196248216,0.45491885203756965
0,0.1077,7.321679563594855,0.45190229735506793
0,0.1077,7.371486907564887,0.4509106782943783
0,0.1077,7.4212942515349205,0.4470334723706504
0,0.1077,7.471101595504954,0.4410974018624935
0,0.1077,7.520908939474986,0.4370193722368317
0,0.1077,7.5707162834450195,0.43605093862426064
0,0.1077,7.620523627415053,0.43889317272077677
0,0.1077,7.670330971385085,0.4373037975010685
0,0.1077,7.720138315355118,0.44272932995410685
0,0.1077,7.769945659325152,0.4459195073389779
0,0.1077,7.819753003295185,0.4486438087074549
0,0.1077,7.869560347265217,0.45497351335972996
0,0.1077,7.919367691235251,0.45780690873351804
0,0.1077,7.969175035205284,0.4607308382871884
0,0.1077,8.018982379175316,0.4642795236170617
0,0.1077,8.06878972314535,0.4709272406801426
0,0.1077,8.118597067115383,0.46647041573764425
0,0.1077,8.168404411085415,0.46550983040485705
0,0.1077,8.21821175505545,0.482920001189993
0,0.1077,8.268019099025482,0.48900951115042
0,0.1077,8.317826442995514,0.48410293709377133
0,0.1077,8.367633786965548,0.47743033005813934
0,0.1077,8.41744113093558,0.4715604914019065
0,0.1077,8.467248474905613,0.4563379184900175
0,0.1077,8.517055818875647,0.4422797443291775
0,0.1077,8.56686316284568,0.4242573434284791
0,0.1077,8.616670506815712,0.41327127689387055
0,0.1077,8.666477850785746,0.40678176568751817
0,0.1077,8.716285194755779,0.40173755049674553
0,0.1077,8.766092538725813,0.39474376052182103
0,0.1077,8.815899882695845,0.3851136359488716
0,0.1077,8.865707226665878,0.38369039909802694
0,0.1077,8.915514570635912,0.3911364072124768
0,0.1077,8.965321914605944,0.39769363170356525
0,0.1077,9.015129258575977,0.39417637320552695
0,0.1077,9.06493660254601,0.3966291896247619
0,0.1077,9.114743946516043,0.3950586235857786
0,0.1077,9.164551290486076,0.39956514148391065
0,0.1077,9.21435863445611,0.4055572542829564
0,0.1077,9.264165978426142,0.4138725739918657
0,0.1077,9.313973322396174,0.42060749687872295
0,0.1077,9.363780666366209,0.41912679279387466
0,0.1077,9.413588010336241,0.4220830065561635
0,0.1077,9.463395354306275,0.4268286235955878
0,0.1077,9.513202698276308,0.42437455778171107
0,0.1077,9.56301004224634,0.42325971083699276
0,0.1077,9.612817386216374,0.42214191967063236
0,0.1077,9.662624730186407,0.4213754067181612
0,0.1077,9.712432074156439,0.4187112573118449
0,0.1077,9.762239418126473,0.41333144596704274
0,0.1077,9.812046762096506,0.4159702690009468
0,0.1077,9.861854106066538,0.4187706447679711
0,0.1077,9.911661450036572,0.42001584164579175
0,0.1077,9.961468794006604,0.4201934256893739
0,0.1077,10.011276137976637,0.4193640567770972
0,0.1077,10.061083481946671,0.42155241802893795
0,0.1077,10.110890825916703,0.42001584164579175
0,0.1077,10.160698169886738,0.41775990985757183
0,0.1077,10.21050551385677,0.42190621785456267
0,0.1077,10.260312857826802,0.42764351602302003
0,0.1077,10.310120201796837,0.4218472718231392
0,0.1077,10.359927545766869,0.41668704771004655
0,0.1077,10.409734889736901,0.40842903267053976
0,0.1077,10.459542233706935,0.4040213961025148
0,0.1077,10.509349577676968,0.4038367005975021
0,0.1077,10.559156921647,0.40543459973477614
0,0.1077,10.608964265617034,0.39900461026360534
0,0.1077,10.658771609587067,0.3949956710519416
0,0.1077,10.7085789535571,0.39512156608973664
0,0.1077,10.758386297527133,0.39284928265102165
0,0.1077,10.808193641497166,0.3976310963416403
0,0.1077,10.858000985467198,0.4045135051717741
0,0.1077,10.907808329437232,0.42408146115321027
0,0.1077,10.957615673407265,0.41549172956268365
0,0.1077,11.007423017377299,0.4142329332886869
0,0.1077,11.057230361347331,0.4188300238033305
0,0.1077,11.107037705317364,0.4199566302771115
0,0.1077,11.156845049287398,0.4184141935942003
0,0.1077,11.20665239325743,0.41781943253506376
0,0.1077,11.256459737227463,0.4165676702408411
0,0.1077,11.306267081197497,0.42665380129720554
0,0.1077,11.35607442516753,0.4260705422394197
0,0.1077,11.405881769137562,0.43232810028211743
0,0.1077,11.455689113107596,0.44058971237694156
0,0.1077,11.505496457077628,0.4444671788926772
0,0.1077,11.55530380104766,0.4456963802260143
0,0.1077,11.605111145017695,0.4485329366413341
0,0.1077,11.654918488987727,0.4528368326339675
0,0.1077,11.704725832957761,0.4589462059960625
0,0.1077,11.754533176927794,0.46395803746867936
0,0.1077,11.804340520897826,0.45671922150246247
0,0.1077,11.85414786486786,0.4589462059960625
0,0.1077,11.903955208837893,0.4634753901280439
0,0.1077,11.953762552807925,0.4819406032642765
0,0.1077,12.00356989677796,0.4830744614533991
0,0.1077,12.053377240747992,0.48625565532022047
0,0.1077,12.103184584718024,0.4892637137517495
0,0.1077,12.152991928688058,0.49124197954072124
0,0.1077,12.20279927265809,0.4950743503369154
0,0.1077,12.252606616628123,0.49306102621569087
0,0.1077,12.302413960598157,0.4884497997529474
0,0.1077,12.35222130456819,0.4772740431872189
0,0.1077,12.402028648538224,0.47398011493959696
0,0.1077,12.451835992508256,0.4694993037079768
0,0.1077,12.501643336478288,0.46326071879178105
0,0.1077,12.551450680448323,0.44903164535425
0,0.1077,12.601258024418355,0.44194225496730377
0,0.1077,12.651065368388387,0.4421110318514275
0,0.1077,12.700872712358422,0.430714500036266
0,0.1077,12.750680056328454,0.42408146115321027
0,0.1077,12.800487400298486,0.41603004772784885
0,0.1077,12.85029474426852,0.40855078823522695
0,0.1077,12.900102088238553,0.40635360642898377
0,0.1077,12.949909432208585,0.4008079598553176
0,0.1077,12.99971677617862,0.40204693641129297
0,0.1077,13.049524120148652,0.415312135117482
0,0.1077,13.099331464118684,0.40055970466900065
0,0.1077,13.149138808088718,0.3920254990725877
0,0.1077,13.19894615205875,0.4024178855319474
0,0.1077,13.248753496028785,0.39474376052182103
0,0.1077,13.298560839998817,0.3841438191589404
0,0.1077,13.34836818396885,0.403097072319909
0,0.1077,13.398175527938884,0.4010560613707848
0,0.1077,13.447982871908916,0.39700520094917224
0,0.1077,13.497790215878949,0.40037341226081474
0,0.1077,13.547597559848983,0.41037278681597755
0,0.1077,13.597404903819015,0.413211099059275
0,0.1077,13.647212247789048,0.41662736325114125
0,0.1077,13.697019591759082,0.4249601445895662
0,0.1077,13.746826935729114,0.42746902699187733
0,0.1077,13.796634279699147,0.4282827009270972
0,0.1077,13.84644162366918,0.42961610545565254
0,0.1077,13.896248967639213,0.43059901149684277
0,0.1077,13.946056311609247,0.4330178025556677
0,0.1077,13.99586365557928,0.42653721329084865
0,0.1077,14.045670999549312,0.41859245712295573
0,0.1077,14.095478343519346,0.41194533383901
0,0.1077,14.145285687489379,0.4101303213373121
0,0.1077,14.195093031459411,0.4104333808047635
0,0.1077,14.244900375429445,0.40855078823522695
0,0.1077,14.294707719399478,0.40788068286049883
0,0.1077,14.34451506336951,0.39360816799961973
0,0.1077,14.394322407339544,0.38550087952176876
0,0.1077,14.444129751309577,0.38115432765622737
0,0.1077,14.493937095279609,0.3787982687147433
0,0.1077,14.543744439249643,0.3820015555562327
0,0.1077,14.593551783219675,0.3789295451937198
0,0.1077,14.64335912718971,0.3849844681988191
0,0.1077,14.693166471159742,0.3956875980703111
0,0.1077,14.742973815129774,0.4011800545910516
0,0.1077,14.792781159099809,0.38864892663964984
0,0.1077,14.842588503069841,0.38562987429851664
0,0.1077,14.892395847039873,0.38608101661374555
0,0.1077,14.942203191009908,0.3917081979286754
0,0.1077,14.99201053497994,0.392532647407628
0,0.1077,15.041817878949972,0.3944916891292438
0,0.1077,15.091625222920007,0.39600171068473067
0,0.1077,15.141432566890039,0.3967545663276325
0,0.1077,15.191239910860071,0.4057411665836722
0,0.1077,15.241047254830105,0.4065983240702134
0,0.1077,15.290854598800138,0.41194533383901
0,0.1077,15.34066194277017,0.41894875662607095
0,0.1077,15.390469286740204,0.4193640567770972
0,0.1077,15.440276630710237,0.4201342393483959
0,0.1077,15.490083974680271,0.4184736232079641
0,0.1077,15.539891318650303,0.4208439260693325
0,0.1077,15.589698662620336,0.4216703842878663
0,0.1077,15.63950600659037,0.4259537945889915
0,0.1077,15.689313350560402,0.4336490660050101
0,0.1077,15.739120694530435,0.44098463248781083
0,0.1077,15.788928038500469,0.45140676011480185
0,0.1077,15.838735382470501,0.4533856594414143
0,0.1077,15.888542726440534,0.45573808348098743
0,0.1077,15.938350070410568,0.4644937241007145
0,0.1077,15.9881574143806,0.47607413933840415
0,0.1077,16.037964758350633,0.479094217759245
0,0.1077,16.087772102320667,0.4813210093462991
0,0.1077,16.1375794462907,0.484924147076917
0,0.1077,16.18738679026073,0.48778749463509574
0,0.1077,16.237194134230766,0.49301058776983075
0,0.1077,16.2870014782008,0.5062501301705192
0,0.1077,16.33680882217083,0.5105058465022497
0,0.1077,16.386616166140865,0.49802914736466547
0,0.1077,16.4364235101109,0.4974795840111404
0,0.1077,16.48623085408093,0.5079175283134253
0,0.1077,16.536038198050964,0.5090423771372008
0,0.1077,16.585845542020998,0.49887728176371327
0,0.1077,16.63565288599103,0.482920001189993
0,0.1077,16.685460229961063,0.4821469576317989
0,0.1077,16.735267573931097,0.4777948006178358
0,0.1077,16.785074917901127,0.4761263719502612
0,0.1077,16.83488226187116,0.4775865657852747
0,0.1077,16.884689605841196,0.47659620785730594
0,0.1077,16.934496949811226,0.4747140741901177
0,0.1077,16.98430429378126,0.4730347796972878
0,0.1077,17.034111637751295,0.47140225847152967
0,0.1077,17.083918981721325,0.47847093794059037
0,0.1077,17.13372632569136,0.4837432193476229
0,0.1077,17.183533669661394,0.49887728176371327
0,0.1077,17.233341013631424,0.5042321108272487
0,0.1077,17.28314835760146,0.5154505632202111
0,0.1077,17.332955701571493,0.5297264001717282
0,0.1077,17.382763045541527,0.5189125835279006
0,0.1077,17.432570389511557,0.5151610113408579
0,0.1077,17.48237773348159,0.5153058076180436
0,0.1077,17.532185077451626,0.516992101056633
0,0.1077,17.581992421421656,0.5163664063420866
0,0.1077,17.63179976539169,0.5180492474550161
0,0.1077,17.681607109361725,0.5122564908546913
0,0.1077,17.731414453331755,0.5069373700702039
0,0.1077,17.78122179730179,0.49632853066736377
0,0.1077,17.831029141271824,0.49597767985707863
0,0.1077,17.880836485241854,0.4934643481859656
0,0.1077,17.93064382921189,0.5097746369889692
0,0.1077,17.980451173181923,0.4987277157937011
0,0.1077,18.030258517151953,0.48906036224099064
0,0.1077,18.080065861121987,0.4962283128913463
0,0.1077,18.12987320509202,0.49245542390786556
0,0.1077,18.179680549062052,0.484770276171226
0,0.1077,18.229487893032086,0.48364039370731843
0,0.1077,18.27929523700212,0.47628303541661765
0,0.1077,18.32910258097215,0.4711911985735664
0,0.1077,18.378909924942185,0.47971668777199883
0,0.1077,18.42871726891222,0.47308734787878004
0,0.1077,18.47852461288225,0.4740325782874735
0,0.1077,18.528331956852284,0.48204379149011684
0,0.1077,18.57813930082232,0.4983286537447681
0,0.1077,18.62794664479235,0.4851804901444992
0,0.1077,18.677753988762383,0.48394880508548344
0,0.1077,18.727561332732417,0.4885007091073774
0,0.1077,18.77736867670245,0.4853342309955121
0,0.1077,18.827176020672482,0.4767005529505885
0,0.1077,18.876983364642516,0.46934037587142063
0,0.1077,18.92679070861255,0.4691283883376294
0,0.1077,18.97659805258258,0.4673758224316127
0,0.1077,19.026405396552615,0.46094668783676085
0,0.1077,19.07621274052265,0.4602988355308817
0,0.1077,19.12602008449268,0.4556835138725201
0,0.1077,19.175827428462714,0.45905456302885467
0,0.1077,19.22563477243275,0.4597582612568517
0,0.1077,19.27544211640278,0.46524264916812785
0,0.1077,19.325249460372813,0.47581289027118756
0,0.1077,19.375056804342847,0.4725087762212459
0,0.1077,19.424864148312878,0.4697640639521676
0,0.1077,19.474671492282912,0.4629385251382524
0,0.1077,19.524478836252946,0.4533856594414143
0,0.1077,19.574286180222977,0.4486438087074549
0,0.1077,19.62409352419301,0.4488654706818027
0,0.1077,19.673900868163045,0.44903164535425
0,0.1077,19.723708212133076,0.438836508441576
0,0.1077,19.77351555610311,0.4377584935401999
0,0.1077,19.823322900073144,0.4341648715919605
0,0.1077,19.873130244043175,0.4323856174912168
0,0.1077,19.92293758801321,0.4323856174912168
0,0.1077,19.972744931983243,0.4367347617395407
0,0.1077,20.022552275953274,0.4341648715919605
0,0.1077,20.072359619923308,0.43496602005270546
0,0.1077,20.122166963893342,0.43462285154164787
0,0.1077,20.171974307863373,0.4377584935401999
0,0.1077,20.221781651833407,0.4350803494067769
0,0.1077,20.27158899580344,0.43215550272372555
0,0.1077,20.321396339773475,0.4322705754198733
0,0.1077,20.371203683743506,0.4312338157182673
0,0.1077,20.42101102771354,0.4277016632142634
0,0.1077,20.470818371683574,0.4277598025013143
0,0.1077,20.520625715653605,0.4281084724158829
0,0.1077,20.57043305962364,0.4354231573518115
0,0.1077,20.620240403593673,0.42863094549006453
0,0.1077,20.670047747563704,0.42043008773330715
0,0.1077,20.719855091533738,0.4194233518013281
0,0.1077,20.769662435503772,0.42531110966900726
0,0.1077,20.819469779473803,0.4260121724135085
0,0.1077,20.869277123443837,0.4217883175538522
0,0.1077,20.91908446741387,0.41764083905285665
0,0.1077,20.9688918113839,0.41513246297620826
0,0.1077,21.018699155353936,0.4129100783308551
0,0.1077,21.06850649932397,0.41037278681597755
0,0.1077,21.118313843294,0.4143529834095347
0,0.1077,21.168121187264035,0.4061087413230311
0,0.1077,21.21792853123407,0.4023560844280689
0,0.1077,21.2677358752041,0.4040213961025148
0,0.1077,21.317543219174134,0.4135720347219711
0,0.1077,21.367350563144168,0.4174621691670102
0,0.1077,21.4171579071142,0.4117037944844188
0,0.1077,21.466965251084233,0.40635360642898377
0,0.1077,21.516772595054267,0.4048821944524756
0,0.1077,21.566579939024297,0.4014898701091476
0,0.1077,21.61638728299433,0.40043551935996463
0,0.1077,21.666194626964366,0.401304009500418
0,0.1077,21.716001970934396,0.3969425571300921
0,0.1077,21.76580931490443,0.4024178855319474
0,0.1077,21.815616658874465,0.41260883799139814
0,0.1077,21.8654240028445,0.4268868817851167
0,0.1077,21.91523134681453,0.42548648364787217
0,0.1077,21.965038690784564,0.4084899149892309
0,0.1077,22.014846034754598,0.4046978917977009
0,0.1077,22.06465337872463,0.4055572542829564
0,0.1077,22.114460722694663,0.40647598366603876
0,0.1077,22.164268066664697,0.4092805609899154
0,0.1077,22.214075410634727,0.41200569655218316
0,0.1077,22.26388275460476,0.4144729987584409
0,0.1077,22.313690098574796,0.4160898178664703
0,0.1077,22.363497442544826,0.41734301341485636
0,0.1077,22.41330478651486,0.42290704333164925
0,0.1077,22.463112130484895,0.421965155651575
0,0.1077,22.512919474454925,0.43059901149684277
0,0.1077,22.56272681842496,0.4290948319304678
0,0.1077,22.612534162394994,0.42314218766081724
0,0.1077,22.662341506365024,0.42007504466837703
0,0.1077,22.71214885033506,0.41900811042060637
0,0.1077,22.761956194305093,0.4199566302771115
0,0.1077,22.811763538275123,0.4230246318347784
0,0.1077,22.861570882245157,0.4242573434284791
0,0.1077,22.91137822621519,0.4258370149309807
0,0.1077,22.961185570185222,0.43129147886163094
0,0.1077,23.010992914155256,0.4333048544947544
0,0.1077,23.06080025812529,0.43422214550179244
0,0.1077,23.11060760209532,0.4430662197910259
0,0.1077,23.160414946065355,0.4396291437305089
0,0.1077,23.21022229003539,0.44233596752197174
0,0.1077,23.260029634005424,0.44323456868689554
0,0.1077,23.309836977975454,0.4443552647076241
0,0.1077,23.35964432194549,0.4475894152199349
0,0.1077,23.409451665915523,0.4433467657697423
0,0.1077,23.459259009885553,0.4392330048837483
0,0.1077,23.509066353855587,0.44177341360298794
0,0.1077,23.55887369782562,0.4430100892758465
0,0.1077,23.608681041795652,0.4413228541654136
0,0.1077,23.658488385765686,0.43576569561694234
0,0.1077,23.70829572973572,0.43758803789344675
0,0.1077,23.75810307370575,0.43968570585923833
0,0.1077,23.807910417675785,0.44407535585168606
0,0.1077,23.85771776164582,0.4396291437305089
0,0.1077,23.90752510561585,0.4341075901257053
0,0.1077,23.957332449585884,0.4336490660050101
0,0.1077,24.00713979355592,0.43496602005270546
0,0.1077,24.05694713752595,0.4320979548837043
0,0.1077,24.106754481495983,0.418533044383018
0,0.1077,24.156561825466017,0.44087183426816595
0,0.1077,24.206369169436048,0.421257357855579
0,0.1077,24.256176513406082,0.4117037944844188
0,0.1077,24.305983857376116,0.41537200856046835
0,0.1077,24.355791201346147,0.41626907678964226
0,0.1077,24.40559854531618,0.41471292526117315
0,0.1077,24.455405889286215,0.4187706447679711
0,0.1077,24.505213233256246,0.41716421597141373
0,0.1077,24.55502057722628,0.4193640567770972
0,0.1077,24.604827921196314,0.4244917397686971
0,0.1077,24.654635265166345,0.42261292893253555
0,0.1077,24.70444260913638,0.4138725739918657
0,0.1077,24.754249953106413,0.4117037944844188
0,0.1077,24.804057297076447,0.4080635480043464
0,0.1077,24.853864641046478,0.4104333808047635
0,0.1077,24.903671985016512,0.4205483688125169
0,0.1077,24.953479328986546,0.4172238236327841
0,0.1077,25.003286672956577,0.41188496227953886
0,0.1077,25.05309401692661,0.4087333535775787
0,0.1077,25.102901360896645,0.40260323192338165
0,0.1077,25.152708704866676,0.394806753223175
0,0.1077,25.20251604883671,0.40702622590530924
0,0.1077,25.252323392806744,0.4090982398459705
0,0.1077,25.302130736776775,0.41888939442150436
0,0.1077,25.35193808074681,0.41315091245942787
0,0.1077,25.401745424716843,0.392912579079798
0,0.1077,25.451552768686874,0.390882009522336
0,0.1077,25.501360112656908,0.38394956184226603
0,0.1077,25.551167456626942,0.3692237207197712
0,0.1077,25.600974800596973,0.3680769556858673
0,0.1077,25.650782144567007,0.3766916231486545
0,0.1077,25.70058948853704,0.3573819271189382
0,0.1077,25.75039683250707,0.34878942017479186
0,0.1077,25.800204176477106,0.3504254354057943
0,0.1077,25.85001152044714,0.35402615395598613
0,0.1077,25.89981886441717,0.34793279320764364
0,0.1077,25.949626208387205,0.3490744953512537
0,0.1077,25.99943355235724,0.36651973910487134
0,0.1077,26.04924089632727,0.36427384452204054
0,0.1077,26.099048240297304,0.36868451090928933
0,0.1077,26.148855584267338,0.3752364437479536
0,0.1077,26.19866292823737,0.37170739160211985
0,0.1077,26.248470272207403,0.371372731057452
0,0.1077,26.298277616177437,0.369627611875045
0,0.1077,26.34808496014747,0.3735759504086227
0,0.1077,26.3978923041175,0.37932310203705843
0,0.1077,26.447699648087536,0.3876238040454849
0,0.1077,26.49750699205757,0.39825600808401745
0,0.1077,26.5473143360276,0.394806753223175
0,0.1077,26.597121679997635,0.39373450668623056
0,0.1077,26.64692902396767,0.39869286350903055
0,0.1077,26.6967363679377,0.4013659725996062
0,0.1077,26.746543711907734,0.40173755049674553
0,0.1077,26.796351055877768,0.4080635480043464
0,0.1077,26.8461583998478,0.41764083905285665
0,0.1077,26.895965743817833,0.4267703574532652
0,0.1077,26.945773087787867,0.4361079648376247
0,0.1077,26.995580431757897,0.42717805355472244
0,0.1077,27.04538777572793,0.4264789073356461
0,0.1077,27.095195119697966,0.4268286235955878
0,0.1077,27.145002463667996,0.42746902699187733
0,0.1077,27.19480980763803,0.43267308884635053
0,0.1077,27.244617151608065,0.43917638445104346
0,0.1077,27.294424495578095,0.45140676011480185
0,0.1077,27.34423183954813,0.4615397535906942
0,0.1077,27.394039183518164,0.4628310774113466
0,0.1077,27.443846527488194,0.4621320582489783
0,0.1077,27.49365387145823,0.463904434783795
0,0.1077,27.543461215428263,0.45710020644037
0,0.1077,27.593268559398293,0.4568281067636358
0,0.1077,27.643075903368327,0.4553013434827462
0,0.1077,27.69288324733836,0.45661031027604154
0,0.1077,27.742690591308392,0.45551976582367815
0,0.1077,27.792497935278426,0.4557926465561282
0,0.1077,27.84230527924846,0.4532759472415161
0,0.1077,27.892112623218495,0.45360500423384986
0,0.1077,27.941919967188525,0.45168212569895144
0,0.1077,27.99172731115856,0.4480336728133869
0,0.1077,28.041534655128594,0.4459195073389779
0,0.1077,28.091341999098624,0.44413135173562995
0,0.1077,28.14114934306866,0.4428978069044382
0,0.1077,28.190956687038693,0.44424332232904784
0,0.1077,28.240764031008723,0.44564058099196446
0,0.1077,28.290571374978757,0.44497044440081757
0,0.1077,28.34037871894879,0.448699234466973
0,0.1077,28.390186062918822,0.4471447162375885
0,0.1077,28.439993406888856,0.45069002221153226
0,0.1077,28.48980075085889,0.4502483856309778
0,0.1077,28.53960809482892,0.45146184666819683
0,0.1077,28.589415438798955,0.45035883537767324
0,0.1077,28.63922278276899,0.45234231917046847
0,0.1077,28.68903012673902,0.45824126073703736
0,0.1077,28.738837470709054,0.453166208480135
0,0.1077,28.78864481467909,0.44964042705969326
0,0.1077,28.83845215864912,0.4500274048149033
0,0.1077,28.888259502619153,0.4486438087074549
0,0.1077,28.938066846589187,0.45124146010555544
0,0.1077,28.987874190559218,0.45278191336475415
0,0.1077,29.037681534529252,0.4524522577598109
0,0.1077,29.087488878499286,0.45590175311581344
0,0.1077,29.137296222469317,0.4556835138725201
0,0.1077,29.18710356643935,0.45278191336475415
0,0.1077,29.236910910409385,0.4545907460792431
0,0.1077,29.28671825437942,0.45813271134294375
0,0.1077,29.33652559834945,0.4564468947109118
0,0.1077,29.386332942319484,0.46100063443274836
0,0.1077,29.43614028628952,0.4614858700164529
0,0.1077,29.48594763025955,0.4658302456065472
0,0.1077,29.535754974229583,0.4660437333563461
0,0.1077,29.585562318199617,0.4644937241007145
0,0.1077,29.635369662169648,0.4642259580531549
0,0.1077,29.685177006139682,0.4658302456065472
0,0.1077,29.734984350109716,0.4601367299313728
0,0.1077,29.784791694079747,0.4643330830016337
0,0.1077,29.83459903804978,0.4587836224616476
0,0.1077,29.884406382019815,0.4547001410383719
0,0.1077,29.934213725989846,0.46309964998510744
0,0.1077,29.98402106995988,0.4699757647578447
0,0.1077,30.033828413929914,0.4551920930088321
0,0.1077,30.083635757899945,0.44914239431273617
0,0.1077,30.13344310186998,0.44457906490549864
0,0.1077,30.183250445840013,0.44250459423914174
0,0.1077,30.233057789810044,0.4455847747703454
0,0.1077,30.282865133780078,0.4481446683985937
0,0.1077,30.332672477750112,0.44087183426816595
0,0.1077,30.382479821720143,0.4410974018624935
0,0.1077,30.432287165690177,0.4397988082934845
0,0.1077,30.48209450966021,0.4379288828402779
0,0.1077,30.53190185363024,0.4422235139883071
0,0.1077,30.581709197600276,0.43445116563665087
0,0.1077,30.63151654157031,0.44836657713633193
0,0.1077,30.68132388554034,0.4589462059960625
0,0.1077,30.731131229510375,0.45201234296667236
0,0.1077,30.78093857348041,0.45168212569895144
0,0.1077,30.830745917450443,0.4493084665662623
0,0.1077,30.880553261420474,0.4489762606305914
0,0.1077,30.930360605390508,0.4461425228604663
0,0.1077,30.980167949360542,0.4338210693433022
0,0.1077,31.029975293330573,0.4290368735548499
0,0.1077,31.079782637300607,0.4351375028190965
0,0.1077,31.12958998127064,0.43855307722396875
0,0.1077,31.17939732524067,0.429847579667197
0,0.1077,31.229204669210706,0.455574355046215
0,0.1077,31.27901201318074,0.4620782437441963
0,0.1077,31.32881935715077,0.4551920930088321
0,0.1077,31.378626701120805,0.44914239431273617
0,0.1077,31.42843404509084,0.44524979055451797
0,0.1077,31.47824138906087,0.4484220371621655
0,0.1077,31.528048733030904,0.44345893446622897
0,0.1077,31.577856077000938,0.4429539516478855
0,0.1077,31.62766342097097,0.4482556364994397
0,0.1077,31.677470764941003,0.4509106782943783
0,0.1077,31.727278108911037,0.4532759472415161
0,0.1077,31.777085452881067,0.456010833570327
0,0.1077,31.8268927968511,0.4589462059960625
0,0.1077,31.876700140821136,0.4649753144053957
0,0.1077,31.926507484791166,0.4686510657907603
0,0.1077,31.9763148287612,0.4700286750608278
0,0.1077,32.026122172731235,0.4655632482523454
0,0.1077,32.075929516701265,0.46907537648500086
0,0.1077,32.1257368606713,0.4767005529505885
0,0.1077,32.175544204641334,0.484924147076917
0,0.1077,32.225351548611364,0.47997581202131273
0,0.1077,32.2751588925814,0.47638744910534697
0,0.1077,32.32496623655143,0.47997581202131273
0,0.1077,32.37477358052146,0.4763352451219449
0,0.1077,32.4245809244915,0.47956114601559285
0,0.1077,32.47438826846153,0.4837432193476229
0,0.1077,32.52419561243156,0.4813726726330197
0,0.1077,32.5740029564016,0.4898732618042635
0,0.1077,32.62381030037163,0.4898224951051475
0,0.1077,32.67361764434166,0.49677926046874205
0,0.1077,32.7234249883117,0.49245542390786556
0,0.1077,32.77323233228173,0.4922028696967282
0,0.1077,32.82303967625176,0.5035411787662215
0,0.1077,32.8728470202218,0.5085047164035096
0,0.1077,32.92265436419183,0.4949738786260205
0,0.1077,32.97246170816186,0.4899240232428541
0,0.1077,33.0222690521319,0.4906341319420121
0,0.1077,33.07207639610193,0.4934643481859656
0,0.1077,33.12188374007196,0.49351474025637376
0,0.1077,33.171691084041996,0.4995248834805551
0,0.1077,33.221498428012026,0.4990766333328142
0,0.1077,33.27130577198206,0.5026019660115425
0,0.1077,33.321113115952095,0.5074766913766318
0,0.1077,33.370920459922125,0.5130326374980659
0,0.1077,33.420727803892156,0.5094330467090076
0,0.1077,33.47053514786219,0.5146297431055235
0,0.1077,33.520342491832224,0.5153540640031865
0,0.1077,33.570149835802255,0.5300079948049796
0,0.1077,33.61995717977229,0.525058285323632
0,0.1077,33.66976452374232,0.5196309345481115
0,0.1077,33.719571867712354,0.5213509386671588
0,0.1077,33.76937921168239,0.5238254185073218
0,0.1077,33.81918655565242,0.5325823411845226
0,0.1077,33.86899389962245,0.5264299997708743
0,0.1077,33.91880124359249,0.5233029466355913
0,0.1077,33.96860858756252,0.5266189213630931
0,0.1077,34.01841593153255,0.5237304623897091
0,0.1077,34.06822327550259,0.5210646655942334
0,0.1077,34.11803061947262,0.5268077752050482
0,0.1077,34.16783796344265,0.5379252558757138
0,0.1077,34.21764530741269,0.5319749836085118
0,0.1077,34.26745265138272,0.525389716710373
0,0.1077,34.31725999535275,0.5257209391521508
0,0.1077,34.36706733932279,0.5296794531782235
0,0.1077,34.41687468329282,0.5310392309339792
0,0.1077,34.46668202726285,0.5243473697762288
0,0.1077,34.516489371232886,0.5233979803141439
0,0.1077,34.56629671520292,0.5243947941303054
0,0.1077,34.616104059172955,0.5241576294516607
0,0.1077,34.665911403142985,0.5262882640717101
0,0.1077,34.715718747113016,0.5229701927638696
0,0.1077,34.76552609108305,0.5153058076180436
0,0.1077,34.815333435053084,0.5147746888183273
0,0.1077,34.865140779023115,0.5279865812777802
0,0.1077,34.91494812299315,0.5354230488541528
0,0.1077,34.96475546696318,0.5275625145250106
0,0.1077,35.014562810933214,0.5195830753783531
0,0.1077,35.06437015490325,0.529491623578992
0,0.1077,35.11417749887328,0.5239203574149446
0,0.1077,35.16398484284331,0.5220659345761518
0,0.1077,35.21379218681335,0.5218277114587627
0,0.1077,35.26359953078338,0.5305238634350709
0,0.1077,35.31340687475341,0.5297264001717282
0,0.1077,35.36321421872345,0.5221135661564321
0,0.1077,35.41302156269348,0.518577012511726
0,0.1077,35.46282890666351,0.5192479376768039
0,0.1077,35.51263625063355,0.5325356459636023
0,0.1077,35.56244359460358,0.5266189213630931
0,0.1077,35.61225093857361,0.5245370414662001
0,0.1077,35.66205828254365,0.5215893795388368
0,0.1077,35.71186562651368,0.5212078217851099
0,0.1077,35.76167297048371,0.5215417000854221
0,0.1077,35.811480314453746,0.5266189213630931
0,0.1077,35.86128765842378,0.5233029466355913
0,0.1077,35.91109500239381,0.5226848065528418
0,0.1077,35.960902346363845,0.5194873438113724
0,0.1077,36.010709690333876,0.5191042409983425
0,0.1077,36.060517034303906,0.5243947941303054
0,0.1077,36.110324378273944,0.5265716973194737
0,0.1077,36.160131722243975,0.5192479376768039
0,0.1077,36.209939066214005,0.5168958896291586
0,0.1077,36.25974641018404,0.5158363795640654
0,0.1077,36.309553754154074,0.5180012421500477
0,0.1077,36.359361098124104,0.5135655578941216
0,0.1077,36.40916844209414,0.5094330467090076
0,0.1077,36.45897578606417,0.5054143682786354
0,0.1077,36.5087831300342,0.5010161542383127
0,0.1077,36.55859047400424,0.498228838289837
0,0.1077,36.60839781797427,0.5016114211661685
0,0.1077,36.6582051619443,0.48666461725568955
0,0.1077,36.70801250591434,0.48875517633779764
0,0.1077,36.75781984988437,0.48435971477962225
0,0.1077,36.8076271938544,0.48235322371936573
0,0.1077,36.85743453782444,0.48512923236715005
0,0.1077,36.90724188179447,0.4756560719564846
0,0.1077,36.9570492257645,0.47324501738753305
0,0.1077,37.00685656973454,0.46918139420055627
0,0.1077,37.05666391370457,0.46657702536439055
0,0.1077,37.1064712576746,0.4620782437441963
0,0.1077,37.15627860164464,0.46191676261267267
0,0.1077,37.20608594561467,0.46309964998510744
0,0.1077,37.2558932895847,0.46100063443274836
0,0.1077,37.305700633554736,0.46170136658202277
0,0.1077,37.355507977524766,0.4679075962097523
0,0.1077,37.4053153214948,0.4699228484975005
0,0.1077,37.455122665464835,0.4740850358296347
0,0.1077,37.504930009434865,0.47103284158755354
0,0.1077,37.5547373534049,0.47508062860128714
0,0.1077,37.60454469737493,0.4720348719413148
0,0.1077,37.654352041344964,0.47659620785730594
0,0.1077,37.704159385315,0.4769091746467683
0,0.1077,37.75396672928503,0.47701345127961975
0,0.1077,37.80377407325506,0.4800276200857975
0,0.1077,37.8535814172251,0.48219853242551025
0,0.1077,37.90338876119513,0.4814759825757551
0,0.1077,37.95319610516516,0.49129259956038673
0,0.1077,38.0030034491352,0.4939680375568465
0,0.1077,38.05281079310523,0.4926573740594374
0,0.1077,38.10261813707526,0.49707951994642424
0,0.1077,38.1524254810453,0.49617819641261507
0,0.1077,38.20223282501533,0.5026019660115425
0,0.1077,38.25204016898536,0.5028492973419061
0,0.1077,38.3018475129554,0.5057095007816141
0,0.1077,38.35165485692543,0.5059061601321476
0,0.1077,38.40146220089546,0.5055127649248082
0,0.1077,38.4512695448655,0.5069373700702039
0,0.1077,38.50107688883553,0.5071825872132006
0,0.1077,38.55088423280556,0.5083090624076546
0,0.1077,38.600691576775596,0.5074276858537154
0,0.1077,38.650498920745626,0.500618916392518
0,0.1077,38.70030626471566,0.49912645878427686
0,0.1077,38.750113608685695,0.5009168743098162
0,0.1077,38.799920952655725,0.5043800445581204
0,0.1077,38.849728296625756,0.5108467194286288
0,0.1077,38.89953564059579,0.51809724831196
0,0.1077,38.949342984565824,0.518289207284205
0,0.1077,38.999150328535855,0.522875081334009
0,0.1077,39.04895767250589,0.5180012421500477
0,0.1077,39.09876501647592,0.5158845863189544
0,0.1077,39.148572360445954,0.5172806279702045
0,0.1077,39.19837970441599,0.5172806279702045
0,0.1077,39.24818704838602,0.5174728898716472
0,0.1077,39.29799439235605,0.5178091764251841
0,0.1077,39.34780173632609,0.5164627164065896
0,0.1077,39.39760908029612,0.5149195937300837
0,0.1077,39.44741642426615,0.5141946608157374
0,0.1077,39.49722376823619,0.5182412242070032
0,0.1077,39.54703111220622,0.5382949639989975
0,0.1077,39.59683845617625,0.5487269429889329
0,0.1077,39.64664580014629,0.5230177419927503
0,0.1077,39.69645314411632,0.5181452447221154
0,0.1077,39.74626048808635,0.5138560087937064
0,0.1077,39.79606783205639,0.5145814187950639
0,0.1077,39.84587517602642,0.5105545565683406
0,0.1077,39.89568251999645,0.5115763965887553
0,0.1077,39.945489863966486,0.5066920342526747
0,0.1077,39.99529720793652,0.49442091926334186
0,0.1077,40.04510455190655,0.4840515652108768
0,0.1077,40.094911895876585,0.47956114601559285
0,0.1077,40.144719239846616,0.47324501738753305
0,0.1077,40.194526583816646,0.4713495023571603
0,0.1077,40.244333927786684,0.47161322391438915
0,0.1077,40.294141271756715,0.4700286750608278
0,0.1077,40.343948615726745,0.484770276171226
0,0.1077,40.39375595969678,0.4867668040530899
0,0.1077,40.443563303666814,0.4813726726330197
0,0.1077,40.493370647636844,0.4894669807791111
0,0.1077,40.54317799160688,0.5053651627712142
0,0.1077,40.59298533557691,0.4995248834805551
0,0.1077,40.64279267954695,0.4955764033513712
0,0.1077,40.69260002351698,0.4908874932457261
0,0.1077,40.74240736748701,0.48906036224099064
0,0.1077,40.79221471145705,0.4884497997529474
0,0.1077,40.84202205542708,0.48389741683951054
0,0.1077,40.89182939939711,0.4830229801870459
0,0.1077,40.94163674336715,0.48589753126856233
0,0.1077,40.99144408733718,0.48880605388713
0,0.1077,41.04125143130721,0.4901270164246504
0,0.1077,41.09105877527725,0.48255940164018085
0,0.1077,41.14086611924728,0.488144232128576
0,0.1077,41.19067346321731,0.48415430352577893
0,0.1077,41.240480807187346,0.48204379149011684
0,0.1077,41.29028815115738,0.48880605388713
0,0.1077,41.34009549512741,0.501760127554484
0,0.1077,41.389902839097445,0.48646017926420443
0,0.1077,41.439710183067476,0.4814759825757551
0,0.1077,41.489517527037506,0.48250786541942836
0,0.1077,41.539324871007544,0.48936535781927426
0,0.1077,41.589132214977575,0.49280878236318915
0,0.1077,41.638939558947605,0.49068481466844677
0,0.1077,41.68874690291764,0.48855161315681567
0,0.1077,41.738554246887674,0.492253390904939
0,0.1077,41.788361590857704,0.49692941288579295
0,0.1077,41.83816893482774,0.5021069378543833
0,0.1077,41.88797627879777,0.5079664865793169
0,0.1077,41.9377836227678,0.5129356833939217
0,0.1077,41.98759096673784,0.4950241170304763
0,0.1077,42.03739831070787,0.4955262209398861
0,0.1077,42.0872056546779,0.4961280748713576
0,0.1077,42.13701299864794,0.49007627601181974
0,0.1077,42.18682034261797,0.4971795661424552
0,0.1077,42.236627686588,0.49632853066736377
0,0.1077,42.28643503055804,0.4995248834805551
0,0.1077,42.33624237452807,0.49567675293291036
0,0.1077,42.3860497184981,0.4892128837984928
0,0.1077,42.43585706246814,0.49007627601181974
0,0.1077,42.48566440643817,0.4953756432040399
0,0.1077,42.5354717504082,0.5276567810342102
0,0.1077,42.58527909437824,0.5080643889579034
0,0.1077,42.63508643834827,0.50017164670998
0,0.1077,42.6848937823183,0.5247740346746351
0,0.1077,42.734701126288336,0.527515374953409
0,0.1077,42.784508470258366,0.5358873019968272
0,0.1077,42.8343158142284,0.5406459101595138
0,0.1077,42.884123158198435,0.5461376296668772
0,0.1077,42.933930502168465,0.546911163877033
0,0.1077,42.983737846138496,0.5687988728487369
0,0.1077,43.03354519010853,0.5732409803608319
0,0.1077,43.083352534078564,0.5676172019254312
0,0.1077,43.133159878048595,0.562998238320026
0,0.1077,43.18296722201863,0.5922731141614319
0,0.1077,43.23277456598866,0.5877633012947009
0,0.1077,43.282581909958694,0.5618043667675742
0,0.1077,43.33238925392873,0.5687988728487369
0,0.1077,43.38219659789876,0.569978093953032
0,0.1077,43.43200394186879,0.5661695881721487
0,0.1077,43.48181128583883,0.5533751509534467
0,0.1077,43.53161862980886,0.5526106649871808
0,0.1077,43.5814259737789,0.5525206559198866
0,0.1077,43.63123331774893,0.5448611793714992
0,0.1077,43.68104066171896,0.552745651106115
0,0.1077,43.730848005689,0.5475927866298771
0,0.1077,43.78065534965903,0.5311328803890647
0,0.1077,43.83046269362906,0.5175689940399699
0,0.1077,43.8802700375991,0.5146780628787021
0,0.1077,43.93007738156913,0.5130326374980659
0,0.1077,43.97988472553916,0.5091400726331846
0,0.1077,44.029692069509196,0.50017164670998
0,0.1077,44.079499413479226,0.5035411787662215
0,0.1077,44.12930675744926,0.5141946608157374
0,0.1077,44.179114101419295,0.5153540640031865
0,0.1077,44.228921445389325,0.5310860577257402
0,0.1077,44.278728789359356,0.5265244690403241
0,0.1077,44.32853613332939,0.5322553886092406
0,0.1077,44.378343477299424,0.554945776524894
0,0.1077,44.428150821269455,0.6121765718007325
0,0.1077,44.47795816523949,0.6125826591235337
0,0.1077,44.52776550920952,0.5880593930776541
0,0.1077,44.577572853179554,0.5903806614136772
0,0.1077,44.62738019714959,0.5920211366498525
0,0.1077,44.67718754111962,0.5955391200385963
0,0.1077,44.72699488508965,0.5959982706461688
0,0.1077,44.77680222905969,0.5910121523006054
0,0.1077,44.82660957302972,0.5881439633510586
0,0.1077,44.87641691699975,0.589495437689903
0,0.1077,44.92622426096979,0.5892844741367527
0,0.1077,44.97603160493982,0.5844963922306934
0,0.1077,45.02583894890985,0.5743677876393046
0,0.1077,45.07564629287989,0.5748438488794568
0,0.1077,45.12545363684992,0.5760538658377373
0,0.1077,45.17526098081995,0.5713725378570887
0,0.1077,45.22506832478999,0.5715901124195829
0,0.1077,45.27487566876002,0.5712854848303236
0,0.1077,45.32468301273005,0.5660378033416776
0,0.1077,45.374490356700086,0.5655982988081821
0,0.1077,45.42429770067012,0.5635721633542271
0,0.1077,45.47410504464015,0.559808922876266
0,0.1077,45.523912388610185,0.5589642633096297
0,0.1077,45.573719732580216,0.56153871727675
0,0.1077,45.623527076550246,0.5591421924127546
0,0.1077,45.673334420520284,0.5602973543117651
0,0.1077,45.723141764490315,0.5603861142892426
0,0.1077,45.772949108460345,0.5506270667067327
0,0.1077,45.82275645243038,0.5510333836234486
0,0.1077,45.872563796400414,0.5467747373591635
0,0.1077,45.922371140370444,0.54128948174543
0,0.1077,45.97217848434048,0.5363511532928785
0,0.1077,46.02198582831051,0.53509783199548
0,0.1077,46.07179317228054,0.5426659936275007
0,0.1077,46.12160051625058,0.5578063407175069
0,0.1077,46.17140786022061,0.5627331524205371
0,0.1077,46.22121520419064,0.5510785114547861
0,0.1077,46.27102254816068,0.5453173974698252
0,0.1077,46.32082989213071,0.517328700144275
0,0.1077,46.37063723610074,0.5150644578752285
0,0.1077,46.42044458007078,0.5086025151766811
0,0.1077,46.47025192404081,0.5158363795640654
0,0.1077,46.52005926801085,0.5213509386671588
0,0.1077,46.56986661198088,0.5090423771372008
0,0.1077,46.61967395595091,0.5108953969950292
0,0.1077,46.669481299920946,0.5152092812881496
0,0.1077,46.71928864389098,0.5180492474550161
0,0.1077,46.76909598786101,0.51809724831196
0,0.1077,46.818903331831045,0.5159809863172394
0,0.1077,46.868710675801076,0.5195830753783531
0,0.1077,46.918518019771106,0.5200614688830444
0,0.1077,46.968325363741144,0.5058078400145867
0,0.1077,47.018132707711175,0.5060044611454395
0,0.1077,47.067940051681205,0.5089446628878819
0,0.1077,47.11774739565124,0.49280878236318915
0,0.1077,47.16755473962127,0.4910394472791585
0,0.1077,47.217362083591304,0.48941617193683185
0,0.1077,47.26716942756134,0.4983286537447681
0,0.1077,47.31697677153137,0.4893145384247949
0,0.1077,47.3667841155014,0.5029976377642318
0,0.1077,47.41659145947144,0.49972397670626834
0,0.1077,47.46639880344147,0.48219853242551025
0,0.1077,47.5162061474115,0.47841896130278116
0,0.1077,47.56601349138154,0.47214022511123316
0,0.1077,47.61582083535157,0.4837432193476229
0,0.1077,47.6656281793216,0.4770655810487803
0,0.1077,47.71543552329164,0.46849185020410644
0,0.1077,47.76524286726167,0.4688632691368353
0,0.1077,47.8150502112317,0.4691283883376294
0,0.1077,47.86485755520174,0.4791980189126154
0,0.1077,47.91466489917177,0.4857951616200506
0,0.1077,47.9644722431418,0.4767005529505885
0,0.1077,48.01427958711184,0.4756037876945013
0,0.1077,48.06408693108187,0.48044188348120165
0,0.1077,48.1138942750519,0.4756560719564846
0,0.1077,48.163701619021936,0.4700815794084612
0,0.1077,48.213508962991966,0.46689670818734674
0,0.1077,48.263316306962,0.47466168616654153
0,0.1077,48.313123650932035,0.48183739294008965
0,0.1077,48.362930994902065,0.48451371607060373
0,0.1077,48.412738338872096,0.4812176661332247
0,0.1077,48.46254568284213,0.4692873879654238
0,0.1077,48.512353026812164,0.4714550086824565
0,0.1077,48.562160370782195,0.47555149768415206
0,0.1077,48.61196771475223,0.4791980189126154
0,0.1077,48.66177505872226,0.5251056454721361
0,0.1077,48.711582402692294,0.5057095007816141
0,0.1077,48.76138974666233,0.48420566450863456
0,0.1077,48.81119709063236,0.4886025119029199
0,0.1077,48.86100443460239,0.49477287399696995
0,0.1077,48.91081177857243,0.4942196897396371
0,0.1077,48.96061912254246,0.5010657868259066
0,0.1077,49.01042646651249,0.4985781049561383
0,0.1077,49.06023381048253,0.49802914736466547
0,0.1077,49.11004115445256,0.5010161542383127
0,0.1077,49.15984849842259,0.5035905624939689
0,0.1077,49.20965584239263,0.5034917901947952
0,0.1077,49.25946318636266,0.49647881940076044
0,0.1077,49.30927053033269,0.49802914736466547
0,0.1077,49.35907787430273,0.4990766333328142
0,0.1077,49.40888521827276,0.4973295977003064
0,0.1077,49.45869256224279,0.5009168743098162
0,0.1077,49.508499906212826,0.49932571087156863
0,0.1077,49.55830725018286,0.5023545129090476
0,0.1077,49.608114594152894,0.5040347983130112
0,0.1077,49.657921938122925,0.5024535087742138
0,0.1077,49.707729282092956,0.5038374085273672
0,0.1077,49.75753662606299,0.49972397670626834
0,0.1077,49.807343970033024,0.5011154144976796
0,0.1077,49.857151314003055,0.5015122590773937
0,0.1077,49.90695865797309,0.5003704825940853
0,0.1077,49.95676600194312,0.5018096865577708
0,0.1077,50.006573345913154,0.5028987490111354
0,0.1077,50.05638068988319,0.5125476835778889
0,0.1077,50.10618803385322,0.5251530013495352
0,0.1077,50.15599537782325,0.5194394714117121
0,0.1077,50.20580272179329,0.5082112071632388
0,0.1077,50.25561006576332,0.5028492973419061
0,0.1077,50.30541740973335,0.5060536044914639
0,0.1077,50.35522475370339,0.5031953569691023
0,0.1077,50.40503209767342,0.49482313280902473
0,0.1077,50.45483944164345,0.5010161542383127
0,0.1077,50.50464678561349,0.4879404140686977
0,0.1077,50.55445412958352,0.4815792703561079
0,0.1077,50.60426147355355,0.48451371607060373
0,0.1077,50.65406881752359,0.4950241170304763
0,0.1077,50.70387616149362,0.4879404140686977
0,0.1077,50.75368350546365,0.48400018787535964
0,0.1077,50.803490849433686,0.4794055537941129
0,0.1077,50.85329819340372,0.4883479651224749
0,0.1077,50.90310553737375,0.5008672269659895
0,0.1077,50.952912881343785,0.4910900881752122
0,0.1077,51.002720225313816,0.4848728622005558
0,0.1077,51.052527569283846,0.48230166546752495
0,0.1077,51.102334913253884,0.48671571333617636
0,0.1077,51.152142257223915,0.4751853064980298
0,0.1077,51.201949601193945,0.47113841882559077
0,0.1077,51.25175694516398,0.47445207622646096
0,0.1077,51.301564289134014,0.46191676261267267
0,0.1077,51.351371633104044,0.4613241815314842
0,0.1077,51.40117897707408,0.4620782437441963
0,0.1077,51.45098632104411,0.45497351335972996
0,0.1077,51.50079366501414,0.4554105677480773
0,0.1077,51.55060100898418,0.45845828242134995
0,0.1077,51.60040835295421,0.4553559588903059
0,0.1077,51.65021569692424,0.4495851173323102
0,0.1077,51.70002304089428,0.4551374579377587
0,0.1077,51.74983038486431,0.45442660426270626
0,0.1077,51.79963772883434,0.4530015504930558
0,0.1077,51.84944507280438,0.4481446683985937
0,0.1077,51.89925241677441,0.4491977585526152
0,0.1077,51.94905976074444,0.4551374579377587
0,0.1077,51.99886710471448,0.45856675474805925
0,0.1077,52.04867444868451,0.46385082590457466
0,0.1077,52.09848179265454,0.45862098129052375
0,0.1077,52.14828913662458,0.450745196359038
0,0.1077,52.19809648059461,0.44975102610873025
0,0.1077,52.24790382456464,0.45360500423384986
0,0.1077,52.297711168534676,0.4633680668916559
0,0.1077,52.347518512504706,0.4570457994644658
0,0.1077,52.39732585647474,0.45019315059603643
0,0.1077,52.447133200444775,0.45190229735506793
0,0.1077,52.496940544414805,0.44697784005478947
0,0.1077,52.54674788838484,0.4488654706818027
0,0.1077,52.59655523235487,0.4569369660781235
0,0.1077,52.646362576324904,0.45802413622319577
0,0.1077,52.69616992029494,0.44753385201256796
0,0.1077,52.74597726426497,0.44597527167451
0,0.1077,52.795784608235,0.44969572998433016
0,0.1077,52.84559195220504,0.4530015504930558
0,0.1077,52.89539929617507,0.44770052094715695
0,0.1077,52.9452066401451,0.44413135173562995
0,0.1077,52.99501398411514,0.46051488756602704
0,0.1077,53.04482132808517,0.4470334723706504
0,0.1077,53.0946286720552,0.44233596752197174
0,0.1077,53.14443601602524,0.4457521724751189
0,0.1077,53.19424335999527,0.453166208480135
0,0.1077,53.2440507039653,0.4466995745481115
0,0.1077,53.29385804793534,0.44272932995410685
0,0.1077,53.34366539190537,0.4681732565935069
0,0.1077,53.3934727358754,0.4700286750608278
0,0.1077,53.44328007984544,0.4694993037079768
0,0.1077,53.49308742381547,0.4649218290064259
0,0.1077,53.5428947677855,0.4646543096626774
0,0.1077,53.592702111755536,0.4603528580456539
0,0.1077,53.642509455725566,0.4563924098530978
0,0.1077,53.6923167996956,0.447255932435363
0,0.1077,53.742124143665635,0.4367916986750201
0,0.1077,53.791931487635665,0.43273056020063816
0,0.1077,53.841738831605696,0.42955821741315364
0,0.1077,53.89154617557573,0.4284568585897045
0,0.1077,53.941353519545764,0.42507716514653837
0,0.1077,53.991160863515795,0.4281084724158829
0,0.1077,54.04096820748583,0.43525178712909574
0,0.1077,54.09077555145586,0.43770168236696216
0,0.1077,54.140582895425894,0.44429929704385807
0,0.1077,54.19039023939593,0.4465882197976469
0,0.1077,54.24019758336596,0.450745196359038
0,0.1077,54.29000492733599,0.4731924667219569
0,0.1077,54.33981227130603,0.5031953569691023
0,0.1077,54.38961961527606,0.4828170002287725
0,0.1077,54.43942695924609,0.4803383511271321
0,0.1077,54.48923430321613,0.4686510657907603
0,0.1077,54.53904164718616,0.4689693348025144
0,0.1077,54.58884899115619,0.4608387756995367
0,0.1077,54.63865633512623,0.4614319801499742
0,0.1077,54.68846367909626,0.4614319801499742
0,0.1077,54.73827102306629,0.4587294151450454
0,0.1077,54.78807836703633,0.46062287558194825
0,0.1077,54.83788571100636,0.4647613358784611
0,0.1077,54.88769305497639,0.4749235684960744
0,0.1077,54.937500398946426,0.4812693405136296
0,0.1077,54.98730774291646,0.4853854671245539
0,0.1077,55.03711508688649,0.491798513194138
0,0.1077,55.086922430856525,0.49381698469029334
0,0.1077,55.136729774826556,0.49787932660999995
0,0.1077,55.186537118796586,0.517088294582641
0,0.1077,55.236344462766624,0.5397712642384744
0,0.1077,55.286151806736655,0.5342606510415783
0,0.1077,55.335959150706685,0.530430106455734
0,0.1077,55.38576649467672,0.528316175644293
0,0.1077,55.435573838646754,0.5261937523956187
0,0.1077,55.485381182616784,0.5257209391521508
0,0.1077,55.53518852658682,0.5166071478379117
0,0.1077,55.58499587055685,0.5136139777837209
0,0.1077,55.63480321452689,0.503343595404184
0,0.1077,55.68461055849692,0.4865112968158891
0,0.1077,55.73441790246695,0.4796129988725337
0,0.1077,55.78422524643699,0.4741374875680072
0,0.1077,55.83403259040702,0.46304594793239773
0,0.1077,55.88383993437705,0.4647613358784611
0,0.1077,55.93364727834709,0.46673689414597574
0,0.1077,55.98345462231712,0.45856675474805925
0,0.1077,56.03326196628715,0.4544813247884345
0,0.1077,56.08306931025719,0.4596500701125706
0,0.1077,56.13287665422722,0.4646007873092588
0,0.1077,56.18268399819725,0.4612163577175699
0,0.1077,56.232491342167286,0.4655632482523454
0,0.1077,56.28229868613732,0.4641188083787783
0,0.1077,56.33210603010735,0.46965817776487584
0,0.1077,56.381913374077385,0.47235086095713935
0,0.1077,56.431720718047416,0.47596965691876814
0,0.1077,56.481528062017446,0.477898884008814
0,0.1077,56.531335405987484,0.47987217911240293
0,0.1077,56.581142749957515,0.47214022511123316
0,0.1077,56.630950093927545,0.4726140237503875
0,0.1077,56.68075743789758,0.46918139420055627
0,0.1077,56.73056478186761,0.471507752991922
0,0.1077,56.780372125837644,0.47418993350451716
0,0.1077,56.83017946980768,0.4720348719413148
0,0.1077,56.87998681377771,0.4763352451219449
0,0.1077,56.92979415774774,0.47971668777199883
0,0.1077,56.97960150171778,0.4829714934331623
0,0.1077,57.02940884568781,0.4827654915072061
0,0.1077,57.07921618965784,0.48235322371936573
0,0.1077,57.12902353362788,0.4939680375568465
0,0.1077,57.17883087759791,0.49270784866374573
0,0.1077,57.22863822156794,0.49787932660999995
0,0.1077,57.27844556553798,0.5033929985152029
0,0.1077,57.32825290950801,0.5081133330733253
0,0.1077,57.37806025347804,0.5158845863189544
0,0.1077,57.42786759744808,0.5181452447221154
0,0.1077,57.47767494141811,0.5223040490398786
0,0.1077,57.52748228538814,0.5301018264415128
0,0.1077,57.57728962935818,0.5278923736614932
0,0.1077,57.62709697332821,0.5267133567482982
0,0.1077,57.67690431729824,0.5244422141958841
0,0.1077,57.726711661268276,0.5097258523927536
0,0.1077,57.776519005238306,0.5026514420136322
0,0.1077,57.82632634920834,0.5067901828316588
0,0.1077,57.876133693178375,0.49882743142316777
0,0.1077,57.925941037148405,0.49532544045314286
0,0.1077,57.975748381118436,0.4994750977741993
0,0.1077,58.02555572508847,0.5342606510415783
0,0.1077,58.075363069058504,0.5451349560470309
0,0.1077,58.125170413028535,0.5301487360320157
0,0.1077,58.17497775699857,0.5261464901911496
0,0.1077,58.2247851009686,0.5098234169170259
0,0.1077,58.274592444938634,0.5080154401270217
0,0.1077,58.32439978890867,0.5057586727882237
0,0.1077,58.3742071328787,0.5166071478379117
0,0.1077,58.42401447684873,0.5078685653279822
0,0.1077,58.47382182081877,0.5048728439375737
0,0.1077,58.5236291647888,0.5061518768692213
0,0.1077,58.57343650875884,0.50948185934235
0,0.1077,58.62324385272887,0.5125476835778889
0,0.1077,58.6730511966989,0.5218277114587627
0,0.1077,58.72285854066894,0.5212555317785079
0,0.1077,58.77266588463897,0.5121593898224751
0,0.1077,58.822473228609,0.5207304814323978
0,0.1077,58.87228057257904,0.5106032619876327
0,0.1077,58.92208791654907,0.5048235856473997
0,0.1077,58.9718952605191,0.5026514420136322
0,0.1077,59.021702604489136,0.4865624089972368
0,0.1077,59.071509948459166,0.48620451089143635
0,0.1077,59.1213172924292,0.48255940164018085
0,0.1077,59.171124636399234,0.4898224951051475
0,0.1077,59.220931980369265,0.49245542390786556
0,0.1077,59.270739324339296,0.48075234676625533
0,0.1077,59.32054666830933,0.47810698281423863
0,0.1077,59.370354012279364,0.47398011493959696
0,0.1077,59.420161356249395,0.47628303541661765
0,0.1077,59.46996870021943,0.4771698235019088
0,0.1077,59.51977604418946,0.47034601188671155
0,0.1077,59.569583388159494,0.46657702536439055
0,0.1077,59.61939073212953,0.47256140291587045
0,0.1077,59.66919807609956,0.47039888054442774
0,0.1077,59.71900542006959,0.4644937241007145
0,0.1077,59.76881276403963,0.4691283883376294
0,0.1077,59.81862010800966,0.4692873879654238
0,0.1077,59.86842745197969,0.47997581202131273
0,0.1077,59.91823479594973,0.4915962102184066
0,0.1077,59.96804213991976,0.48415430352577893
0,0.1077,60.01784948388979,0.4734026343835395
0,0.1077,60.06765682785983,0.4774824143140144
0,0.1077,60.11746417182986,0.4840515652108768
0,0.1077,60.16727151579989,0.4796129988725337
0,0.1077,60.21707885976993,0.4850779691734351
0,0.1077,60.26688620373996,0.4886025119029199
0,0.1077,60.31669354770999,0.4865624089972368
0,0.1077,60.366500891680026,0.4944712138486165
0,0.1077,60.41630823565006,0.49707951994642424
0,0.1077,60.46611557962009,0.5063974743783942
0,0.1077,60.515922923590125,0.5015122590773937
0,0.1077,60.565730267560156,0.4801830107410958
0,0.1077,60.615537611530186,0.47607413933840415
0,0.1077,60.665344955500224,0.46944633374067246
0,0.1077,60.715152299470255,0.46550983040485705
0,0.1077,60.764959643440285,0.4640116339613746
0,0.1077,60.81476698741032,0.4640116339613746
0,0.1077,60.864574331380354,0.4632070354126343
0,0.1077,60.914381675350384,0.4745568927694886
0,0.1077,60.96418901932042,0.4627773441926816
0,0.1077,61.01399636329045,0.4658302456065472
0,0.1077,61.06380370726048,0.4665237235963107
0,0.1077,61.11361105123052,0.47029313728569155
0,0.1077,61.16341839520055,0.4705046000379627
0,0.1077,61.21322573917058,0.47055745087778544
0,0.1077,61.26303308314062,0.47308734787878004
0,0.1077,61.31284042711065,0.48199220013860283
0,0.1077,61.36264777108068,0.4859487080058962
0,0.1077,61.41245511505072,0.48007942255938335
0,0.1077,61.46226245902075,0.4761785988326593
0,0.1077,61.51206980299079,0.47581289027118756
0,0.1077,61.56187714696082,0.4783149910828633
0,0.1077,61.61168449093085,0.482713977289324
0,0.1077,61.661491834900886,0.4824563236935515
0,0.1077,61.71129917887092,0.4729822056732636
0,0.1077,61.76110652284095,0.47513297043239416
0,0.1077,61.810913866810985,0.46891630496859105
0,0.1077,61.860721210781016,0.46663032104397084
0,0.1077,61.910528554751046,0.4607308382871884
0,0.1077,61.960335898721084,0.4525621696423408
0,0.1077,62.010143242691115,0.44530563875675144
0,0.1077,62.059950586661145,0.4403074097194085
0,0.1077,62.10975793063118,0.43255812323017295
0,0.1077,62.15956527460121,0.4263622715048486
0,0.1077,62.209372618571244,0.434737271143878
0,0.1077,62.25917996254128,0.4269451320251074
0,0.1077,62.30898730651131,0.41176419260613806
0,0.1077,62.35879465048134,0.4106756673552657
0,0.1077,62.40860199445138,0.40285022779442126
0,0.1077,62.45840933842141,0.38877687690703056
0,0.1077,62.50821668239144,0.3766916231486545
0,0.1077,62.55802402636148,0.3688193872667953
0,0.1077,62.60783137033151,0.3686170542239
0,0.1077,62.65763871430154,0.36146405228529
0,0.1077,62.70744605827158,0.35339339893017474
0,0.1077,62.75725340224161,0.35219509333925414
0,0.1077,62.80706074621164,0.3573819271189382
0,0.1077,62.85686809018168,0.3519832041633482
0,0.1077,62.90667543415171,0.3626317301749511
0,0.1077,62.95648277812174,0.35973999374770305
0,0.1077,63.00629012209178,0.3633852870529528
0,0.1077,63.05609746606181,0.36201401692784296
0,0.1077,63.10590481003184,0.3611887559374433
0,0.1077,63.155712154001876,0.3622200383901769
0,0.1077,63.205519497971906,0.36577263981416724
0,0.1077,63.25532684194194,0.3707025036008098
0,0.1077,63.305134185911974,0.37424103185095553
0,0.1077,63.354941529882005,0.3816107610236958
0,0.1077,63.404748873852036,0.39297586531344986
0,0.1077,63.45455621782207,0.38620981762370526
0,0.1077,63.504363561792104,0.4110388294017855
0,0.1077,63.554170905762135,0.40204693641129297
0,0.1077,63.60397824973217,0.40043551935996463
0,0.1077,63.6537855937022,0.4138725739918657
0,0.1077,63.703592937672234,0.4410974018624935
0,0.1077,63.75340028164227,0.4409282369849922
0,0.1077,63.8032076256123,0.45069002221153226
0,0.1077,63.85301496958233,0.4531113291328578
0,0.1077,63.90282231355237,0.45677366737754443
0,0.1077,63.9526296575224,0.48219853242551025
0,0.1077,64.00243700149244,0.48548792316097195
0,0.1077,64.05224434546247,0.48620451089143635
0,0.1077,64.1020516894325,0.48620451089143635
0,0.1077,64.15185903340253,0.491798513194138
0,0.1077,64.20166637737256,0.4800276200857975
0,0.1077,64.2514737213426,0.48420566450863456
0,0.1077,64.30128106531264,0.5092377493866269
0,0.1077,64.35108840928267,0.5048728439375737
0,0.1077,64.4008957532527,0.4962283128913463
0,0.1077,64.45070309722273,0.5018592406670663
0,0.1077,64.50051044119276,0.5061027430655944
0,0.1077,64.5503177851628,0.5108953969950292
0,0.1077,64.60012512913283,0.5168477771992477
0,0.1077,64.64993247310287,0.5261464901911496
0,0.1077,64.6997398170729,0.5339812990480789
0,0.1077,64.74954716104293,0.5465927823666512
0,0.1077,64.79935450501296,0.5513943028588856
0,0.1077,64.849161848983,0.5521154335288009
0,0.1077,64.89896919295303,0.5539590460034575
0,0.1077,64.94877653692306,0.5561543712991524
0,0.1077,64.9985838808931,0.5633514921513767
0,0.1077,65.04839122486312,0.5784233155146788
0,0.1077,65.09819856883315,0.5730674287430605
0,0.1077,65.1480059128032,0.5764422604424903
0,0.1077,65.19781325677323,0.6039974926425224
0,0.1077,65.24762060074326,0.6190839986085657
0,0.1077,65.29742794471329,0.5894532510195308
0,0.1077,65.34723528868332,0.6199269728340678
0,0.1077,65.39704263265335,0.6218894690484039
0,0.1077,65.4468499766234,0.6247619530132044
0,0.1077,65.49665732059343,0.6420755707295873
1,0.2584,0.0,0.2582554323522496
1,0.2584,0.049821951322644206,0.2598872428085363
1,0.2584,0.09964390264528841,0.25651631874903297
1,0.2584,0.1494658539679326,0.25073133533983877
1,0.2584,0.19928780529057682,0.25767703200159325
1,0.2584,0.24910975661322105,0.23821982368435238
1,0.2584,0.2989317079358652,0.23390064490684723
1,0.2584,0.34875365925850943,0.23326186179815536
1,0.2584,0.39857561058115365,0.22993321347369325
1,0.2584,0.44839756190379787,0.2360174359706574
1,0.2584,0.4982195132264421,0.22556561322526603
1,0.2584,0.5480414645490863,0.2222335894463386
1,0.2584,0.5978634158717304,0.22111175699415356
1,0.2584,0.6476853671943746,0.21472120895927685
1,0.2584,0.6975073185170189,0.21039241561290511
1,0.2584,0.7473292698396631,0.21003752233418851
1,0.2584,0.7971512211623073,0.2024410972262378
1,0.2584,0.8469731724849515,0.2014559765517849
1,0.2584,0.8967951238075957,0.19996919625742038
1,0.2584,0.94661707513024,0.19696196937137253
1,0.2584,0.9964390264528842,0.19531372307735745
1,0.2584,1.0462609777755283,0.19658283144644356
1,0.2584,1.0960829290981726,0.19403631419189682
1,0.2584,1.1459048804208167,0.18698757060430718
1,0.2584,1.1957268317434608,0.18062879984608918
1,0.2584,1.2455487830661052,0.17729382747475822
1,0.2584,1.2953707343887493,0.1738949084575512
1,0.2584,1.3451926857113936,0.16342640205183706
1,0.2584,1.3950146370340377,0.16524230670201653
1,0.2584,1.444836588356682,0.1618975901316833
1,0.2584,1.4946585396793262,0.15801085942915785
1,0.2584,1.5444804910019705,0.15674675224645437
1,0.2584,1.5943024423246146,0.1565880213173892
1,0.2584,1.6441243936472587,0.155152135475633
1,0.2584,1.693946344969903,0.15738007503707774
1,0.2584,1.7437682962925471,0.16081877456451718
1,0.2584,1.7935902476151915,0.16569317331547473
1,0.2584,1.8434121989378356,0.16778119846806136
1,0.2584,1.89323415026048,0.16128200771190085
1,0.2584,1.943056101583124,0.15467054465379154
1,0.2584,1.9928780529057684,0.15158494288316499
1,0.2584,2.0427000042284122,0.14776355692598697
1,0.2584,2.0925219555510566,0.1467503091551159
1,0.2584,2.142343906873701,0.14538832786503994
1,0.2584,2.1921658581963452,0.14590056078898736
1,0.2584,2.241987809518989,0.14538832786503994
1,0.2584,2.2918097608416335,0.14555927246008263
1,0.2584,2.341631712164278,0.14708883396286246
1,0.2584,2.3914536634869217,0.14708883396286246
1,0.2584,2.441275614809566,0.15547236726210098
1,0.2584,2.4910975661322103,0.1520763054129112
1,0.2584,2.5409195174548547,0.1557919408105376
1,0.2584,2.5907414687774986,0.15272899641818483
1,0.2584,2.640563420100143,0.1519126944936625
1,0.2584,2.690385371422787,0.16524230670201653
1,0.2584,2.7402073227454316,0.16998990956854543
1,0.2584,2.7900292740680754,0.17546091959276433
1,0.2584,2.8398512253907198,0.18712051592547777
1,0.2584,2.889673176713364,0.19708818660276348
1,0.2584,2.939495128036008,0.21204073057660514
1,0.2584,2.9893170793586523,0.20956339639693733
1,0.2584,3.0391390306812966,0.20920709679710014
1,0.2584,3.088960982003941,0.20633455182562616
1,0.2584,3.138782933326585,0.2068160800226783
1,0.2584,3.188604884649229,0.2225690365647307
1,0.2584,3.2384268359718735,0.2354900220467574
1,0.2584,3.2882487872945174,0.2461266954524695
1,0.2584,3.3380707386171617,0.27149333881227
1,0.2584,3.387892689939806,0.29687042583783424
1,0.2584,3.4377146412624504,0.3041526108258224
1,0.2584,3.4875365925850943,0.3181392723674683
1,0.2584,3.5373585439077386,0.31309662687525763
1,0.2584,3.587180495230383,0.34063749162112933
1,0.2584,3.637002446553027,0.3385137501286538
1,0.2584,3.686824397875671,0.33116114351514603
1,0.2584,3.7366463491983155,0.3343745617149374
1,0.2584,3.78646830052096,0.3341513725288403
1,0.2584,3.8362902518436037,0.34078346869730547
1,0.2584,3.886112203166248,0.3492169456715479
1,0.2584,3.9359341544888924,0.3550782399424257
1,0.2584,3.9857561058115367,0.36468321776737284
1,0.2584,4.035578057134181,0.3706354141959348
1,0.2584,4.0854000084568245,0.37570006674823025
1,0.2584,4.135221959779469,0.371573563554001
1,0.2584,4.185043911102113,0.37530271067010346
1,0.2584,4.2348658624247575,0.3791263746824639
1,0.2584,4.284687813747402,0.3849198680694611
1,0.2584,4.334509765070046,0.3780096524491039
1,0.2584,4.3843317163926905,0.3850490574901382
1,0.2584,4.434153667715334,0.40463643892485424
1,0.2584,4.483975619037978,0.4171045997916208
1,0.2584,4.533797570360623,0.4066594804703593
1,0.2584,4.583619521683267,0.3981311042051155
1,0.2584,4.633441473005911,0.4015518045283528
1,0.2584,4.683263424328556,0.4001870331310345
1,0.2584,4.7330853756512,0.38608101661374555
1,0.2584,4.782907326973843,0.38839289965096824
1,0.2584,4.832729278296488,0.3837552061923322
1,0.2584,4.882551229619132,0.37655956648442157
1,0.2584,4.932373180941776,0.3698293920439499
1,0.2584,4.982195132264421,0.368212054591384
1,0.2584,5.032017083587065,0.3747722472096855
1,0.2584,5.081839034909709,0.37417457690381867
1,0.2584,5.131660986232354,0.3714396872882417
1,0.2584,5.181482937554997,0.37470588647482095
1,0.2584,5.2313048888776414,0.3768236335340452
1,0.2584,5.281126840200286,0.37463951398533124
1,0.2584,5.33094879152293,0.37397514120861436
1,0.2584,5.380770742845574,0.3725761021965344
1,0.2584,5.430592694168219,0.36651973910487134
1,0.2584,5.480414645490863,0.36173913912288747
1,0.2584,5.5302365968135065,0.354657780067368
1,0.2584,5.580058548136151,0.3430381699586361
1,0.2584,5.629880499458795,0.33997981913709086
1,0.2584,5.6797024507814395,0.33814623970640806
1,0.2584,5.729524402104084,0.3379255416041157
1,0.2584,5.779346353426728,0.3282194419977687
1,0.2584,5.8291683047493725,0.32540401515013095
1,0.2584,5.878990256072016,0.32448565767878246
1,0.2584,5.92881220739466,0.3171998827015981
1,0.2584,5.978634158717305,0.305702131406983
1,0.2584,6.028456110039949,0.29787393436440807
1,0.2584,6.078278061362593,0.2903487281167051
1,0.2584,6.128100012685238,0.285076292974879
1,0.2584,6.177921964007882,0.29026306688807674
1,0.2584,6.227743915330525,0.29111854492016526
1,0.2584,6.27756586665317,0.28672892301075453
1,0.2584,6.327387817975814,0.2865554107872939
1,0.2584,6.377209769298458,0.28638179343673775
1,0.2584,6.427031720621103,0.2851635122802622
1,0.2584,6.476853671943747,0.29970497327786944
1,0.2584,6.526675623266391,0.3019369815703706
1,0.2584,6.576497574589035,0.29703791269225127
1,0.2584,6.626319525911679,0.29485316288611835
1,0.2584,6.6761414772343235,0.2934158772608806
1,0.2584,6.725963428556968,0.2961155626772951
1,0.2584,6.775785379879612,0.2935853348997606
1,0.2584,6.8256073312022565,0.2877677993235202
1,0.2584,6.875429282524901,0.28005989608023973
1,0.2584,6.925251233847544,0.2750424219795312
1,0.2584,6.975073185170189,0.2676186174229157
1,0.2584,7.024895136492833,0.265379091712523
1,0.2584,7.074717087815477,0.263686965478523
1,0.2584,7.124539039138122,0.25142464867095304
1,0.2584,7.174360990460766,0.2513257210068161
1,0.2584,7.22418294178341,0.2517211983891322
1,0.2584,7.274004893106054,0.24763761630676373
1,0.2584,7.323826844428698,0.24470808596841592
1,0.2584,7.373648795751342,0.2398842619090786
1,0.2584,7.423470747073987,0.23769729657196959
1,0.2584,7.473292698396631,0.2366487811091802
1,0.2584,7.523114649719275,0.23197901873433968
1,0.2584,7.57293660104192,0.22633602741875591
1,0.2584,7.622758552364563,0.219871130356314
1,0.2584,7.6725805036872075,0.21896444142013896
1,0.2584,7.722402455009852,0.2179399076098444
1,0.2584,7.772224406332496,0.21668112103298048
1,0.2584,7.8220463576551404,0.2139089669436976
1,0.2584,7.871868308977785,0.21344344089255834
1,0.2584,7.921690260300429,0.21192341896011452
1,0.2584,7.971512211623073,0.21472120895927685
1,0.2584,8.021334162945717,0.20777578856468484
1,0.2584,8.071156114268362,0.2015793799180599
1,0.2584,8.120978065591006,0.19771806416447335
1,0.2584,8.170800016913649,0.19809502935736537
1,0.2584,8.220621968236294,0.1985965365633558
1,0.2584,8.270443919558938,0.19236300129927708
1,0.2584,8.320265870881583,0.20207223977334046
1,0.2584,8.370087822204226,0.19809502935736537
1,0.2584,8.419909773526872,0.1975922492843041
1,0.2584,8.469731724849515,0.19996919625742038
1,0.2584,8.519553676172158,0.20133249754750746
1,0.2584,8.569375627494804,0.20207223977334046
1,0.2584,8.619197578817447,0.2040317740021732
1,0.2584,8.669019530140092,0.2109825778257875
1,0.2584,8.718841481462736,0.2195315608403825
1,0.2584,8.768663432785381,0.20980059329957174
1,0.2584,8.818485384108024,0.21896444142013896
1,0.2584,8.868307335430668,0.2222335894463386
1,0.2584,8.918129286753313,0.22567583341910252
1,0.2584,8.967951238075957,0.23025744378301352
1,0.2584,9.017773189398602,0.22830515513802077
1,0.2584,9.067595140721245,0.23580661195719457
1,0.2584,9.11741709204389,0.24256461618357503
1,0.2584,9.167239043366534,0.2525102949905025
1,0.2584,9.217060994689177,0.2691936756807793
1,0.2584,9.266882946011822,0.2789923195284775
1,0.2584,9.316704897334466,0.2912039544995062
1,0.2584,9.366526848657111,0.31142421782293
1,0.2584,9.416348799979755,0.3237951802633666
1,0.2584,9.4661707513024,0.3332571210436669
1,0.2584,9.515992702625043,0.34578194139918067
1,0.2584,9.565814653947687,0.3579381639179815
1,0.2584,9.615636605270332,0.3791919618077158
1,0.2584,9.665458556592975,0.39227915519687806
1,0.2584,9.71528050791562,0.4082463312377028
1,0.2584,9.765102459238264,0.4165676702408411
1,0.2584,9.81492441056091,0.4168660498151214
1,0.2584,9.864746361883553,0.41811691881877233
1,0.2584,9.914568313206198,0.4197197012707905
1,0.2584,9.964390264528841,0.42190621785456267
1,0.2584,10.014212215851485,0.4187112573118449
1,0.2584,10.06403416717413,0.42161140528425056
1,0.2584,10.113856118496773,0.42886295143154013
1,0.2584,10.163678069819419,0.4249601445895662
1,0.2584,10.213500021142062,0.4259537945889915
1,0.2584,10.263321972464707,0.41668704771004655
1,0.2584,10.31314392378735,0.4024178855319474
1,0.2584,10.362965875109994,0.3869174567602424
1,0.2584,10.41278782643264,0.3834959121044898
1,0.2584,10.462609777755283,0.38174107031928944
1,0.2584,10.512431729077928,0.387110224748666
1,0.2584,10.562253680400572,0.3859521726199644
1,0.2584,10.612075631723217,0.37123878236741126
1,0.2584,10.66189758304586,0.3660444887107159
1,0.2584,10.711719534368504,0.3624259427393821
1,0.2584,10.761541485691149,0.359324988809991
1,0.2584,10.811363437013792,0.373709061387516
1,0.2584,10.861185388336438,0.36651973910487134
1,0.2584,10.911007339659081,0.38245697782285926
1,0.2584,10.960829290981726,0.39975181056276177
1,0.2584,11.01065124230437,0.39297586531344986
1,0.2584,11.060473193627013,0.3889687233913969
1,0.2584,11.110295144949658,0.3823919507072277
1,0.2584,11.160117096272302,0.39297586531344986
1,0.2584,11.209939047594947,0.392532647407628
1,0.2584,11.25976099891759,0.3858232855992991
1,0.2584,11.309582950240236,0.3820015555562327
1,0.2584,11.359404901562879,0.38768795362044545
1,0.2584,11.409226852885523,0.38336619929438503
1,0.2584,11.459048804208168,0.3732429652721196
1,0.2584,11.508870755530811,0.37951972741632983
1,0.2584,11.558692706853456,0.37170739160211985
1,0.2584,11.6085146581761,0.3467156153883139
1,0.2584,11.658336609498745,0.34202175833204396
1,0.2584,11.708158560821389,0.341585227511738
1,0.2584,11.757980512144032,0.3407104879771845
1,0.2584,11.807802463466677,0.3377783294247908
1,0.2584,11.85762441478932,0.33917426539112694
1,0.2584,11.907446366111966,0.3295804130409127
1,0.2584,11.95726831743461,0.32814366698994885
1,0.2584,12.007090268757254,0.32905181540633544
1,0.2584,12.056912220079898,0.32101841949022525
1,0.2584,12.106734171402541,0.31365211492779355
1,0.2584,12.156556122725187,0.32078593780409637
1,0.2584,12.20637807404783,0.31086474873907816
1,0.2584,12.256200025370475,0.30300578838718106
1,0.2584,12.306021976693119,0.2935006183102318
1,0.2584,12.355843928015764,0.2825352210690355
1,0.2584,12.405665879338407,0.272681499144597
1,0.2584,12.45548783066105,0.26349828068478803
1,0.2584,12.505309781983696,0.2577735221873385
1,0.2584,12.55513173330634,0.2541789914831009
1,0.2584,12.604953684628985,0.2519187042636836
1,0.2584,12.654775635951628,0.2436897374555676
1,0.2584,12.704597587274273,0.24256461618357503
1,0.2584,12.754419538596917,0.2461266954524695
1,0.2584,12.80424148991956,0.23915749554143165
1,0.2584,12.854063441242205,0.2347496518539884
1,0.2584,12.903885392564849,0.2276506717413731
1,0.2584,12.953707343887494,0.2195315608403825
1,0.2584,13.003529295210138,0.21355991754018652
1,0.2584,13.053351246532783,0.20789544062675552
1,0.2584,13.103173197855426,0.20885018934902255
1,0.2584,13.15299514917807,0.20896922622921968
1,0.2584,13.202817100500715,0.20980059329957174
1,0.2584,13.252639051823358,0.207656067558741
1,0.2584,13.302461003146004,0.20885018934902255
1,0.2584,13.352282954468647,0.21645146424239475
1,0.2584,13.402104905791292,0.22043591713408298
1,0.2584,13.451926857113936,0.2213365783608169
1,0.2584,13.501748808436579,0.2234611004069437
1,0.2584,13.551570759759224,0.22993321347369325
1,0.2584,13.601392711081868,0.23633331936337718
1,0.2584,13.651214662404513,0.2362280718322778
1,0.2584,13.701036613727156,0.235384397452053
1,0.2584,13.750858565049802,0.24174305712172028
1,0.2584,13.800680516372445,0.24122816184677576
1,0.2584,13.850502467695089,0.23811540999374176
1,0.2584,13.900324419017734,0.2451142407474329
1,0.2584,13.950146370340377,0.24562098977036062
1,0.2584,13.999968321663022,0.24653051310784543
1,0.2584,14.049790272985666,0.24693367038960565
1,0.2584,14.099612224308311,0.2513257210068161
1,0.2584,14.149434175630955,0.2475371751684577
1,0.2584,14.199256126953598,0.24903953880081567
1,0.2584,14.249078078276243,0.24883974772268705
1,0.2584,14.298900029598887,0.23884534727413312
1,0.2584,14.348721980921532,0.2436897374555676
1,0.2584,14.398543932244175,0.2463286870297187
1,0.2584,14.44836588356682,0.23580661195719457
1,0.2584,14.498187834889464,0.2287404370492034
1,0.2584,14.548009786212107,0.23025744378301352
1,0.2584,14.597831737534753,0.23154982499255372
1,0.2584,14.647653688857396,0.22775988291183907
1,0.2584,14.697475640180041,0.2327282032134495
1,0.2584,14.747297591502685,0.22633602741875591
1,0.2584,14.79711954282533,0.23047334391838042
1,0.2584,14.846941494147973,0.22786904174049372
1,0.2584,14.896763445470617,0.22622612887990545
1,0.2584,14.946585396793262,0.22710382811770777
1,0.2584,14.996407348115905,0.22732272342453974
1,0.2584,15.04622929943855,0.22732272342453974
1,0.2584,15.096051250761194,0.2284140533818179
1,0.2584,15.14587320208384,0.23101221148567266
1,0.2584,15.195695153406483,0.2281962049265489
1,0.2584,15.245517104729126,0.23058121817840302
1,0.2584,15.295339056051771,0.23821982368435238
1,0.2584,15.345161007374415,0.24235948750740632
1,0.2584,15.39498295869706,0.23790644513559378
1,0.2584,15.444804910019704,0.23208619315388695
1,0.2584,15.494626861342349,0.23047334391838042
1,0.2584,15.544448812664992,0.23432553289538016
1,0.2584,15.594270763987636,0.23748796381751733
1,0.2584,15.644092715310281,0.23946923692365696
1,0.2584,15.693914666632924,0.2441994425459332
1,0.2584,15.74373661795557,0.24933892525089543
1,0.2584,15.793558569278213,0.26312050517771224
1,0.2584,15.843380520600858,0.2740460522822544
1,0.2584,15.893202471923502,0.27863555171050086
1,0.2584,15.943024423246147,0.2805035204610733
1,0.2584,15.99284637456879,0.28698899464971794
1,0.2584,16.042668325891434,0.2922269223612792
1,0.2584,16.09249027721408,0.2903487281167051
1,0.2584,16.142312228536724,0.27648527737264056
1,0.2584,16.192134179859366,0.274589974853026
1,0.2584,16.24195613118201,0.2736828366789252
1,0.2584,16.291778082504656,0.274589974853026
1,0.2584,16.341600033827298,0.26668776723762705
1,0.2584,16.391421985149943,0.27286383383507845
1,0.2584,16.44124393647259,0.2716764709334735
1,0.2584,16.491065887795234,0.27413678098935274
1,0.2584,16.540887839117875,0.27585495675411104
1,0.2584,16.59070979044052,0.2672466664197854
1,0.2584,16.640531741763166,0.2559339881029055
1,0.2584,16.690353693085807,0.2542768090705137
1,0.2584,16.740175644408453,0.2609376823908373
1,0.2584,16.789997595731098,0.2640639305966202
1,0.2584,16.839819547053743,0.2569038058562394
1,0.2584,16.889641498376385,0.2632149998854372
1,0.2584,16.93946344969903,0.27809954181680685
1,0.2584,16.989285401021675,0.2976233744425713
1,0.2584,17.039107352344317,0.30251296216499524
1,0.2584,17.088929303666962,0.31102469973949437
1,0.2584,17.138751254989607,0.307890667249123
1,0.2584,17.188573206312252,0.30909982493500937
1,0.2584,17.238395157634894,0.3179829001425545
1,0.2584,17.28821710895754,0.32852236725098577
1,0.2584,17.338039060280185,0.3232571226187793
1,0.2584,17.387861011602826,0.32586222333084874
1,0.2584,17.43768296292547,0.3300328228805673
1,0.2584,17.487504914248117,0.3339280341686801
1,0.2584,17.537326865570762,0.3241789603912739
1,0.2584,17.587148816893404,0.3098230544234877
1,0.2584,17.63697076821605,0.3194653459417436
1,0.2584,17.686792719538694,0.3130171909671226
1,0.2584,17.736614670861336,0.31150405995161595
1,0.2584,17.78643662218398,0.3156280202890473
1,0.2584,17.836258573506626,0.316964600273846
1,0.2584,17.88608052482927,0.32264110086292913
1,0.2584,17.935902476151913,0.32341094471771514
1,0.2584,17.98572442747456,0.327536835833591
1,0.2584,18.035546378797203,0.3297312852909942
1,0.2584,18.085368330119845,0.32988208853934986
1,0.2584,18.13519028144249,0.3377783294247908
1,0.2584,18.185012232765136,0.341585227511738
1,0.2584,18.23483418408778,0.3514175417581877
1,0.2584,18.284656135410422,0.3553582701436337
1,0.2584,18.334478086733068,0.35549820252556574
1,0.2584,18.384300038055713,0.35835477491903617
1,0.2584,18.434121989378355,0.35451751596060965
1,0.2584,18.483943940701,0.3490032483874844
1,0.2584,18.533765892023645,0.3475752422004361
1,0.2584,18.58358784334629,0.3445571655946379
1,0.2584,18.633409794668932,0.3356364970578024
1,0.2584,18.683231745991577,0.33422578548434
1,0.2584,18.733053697314222,0.332135920867602
1,0.2584,18.782875648636864,0.32364154078602714
1,0.2584,18.83269759995951,0.31688613397724225
1,0.2584,18.882519551282154,0.3161790610233334
1,0.2584,18.9323415026048,0.3176699247713024
1,0.2584,18.98216345392744,0.31907589639315725
1,0.2584,19.031985405250087,0.32163754912903436
1,0.2584,19.08180735657273,0.33033408521885954
1,0.2584,19.131629307895373,0.32995746431744755
1,0.2584,19.18145125921802,0.32471549054269133
1,0.2584,19.231273210540664,0.32670060255683997
1,0.2584,19.28109516186331,0.3283709395558004
1,0.2584,19.33091711318595,0.3385137501286538
1,0.2584,19.380739064508596,0.3520538480585229
1,0.2584,19.43056101583124,0.35493814199262724
1,0.2584,19.480382967153886,0.3631799266030658
1,0.2584,19.530204918476528,0.36256314734120776
1,0.2584,19.580026869799173,0.36304295510032397
1,0.2584,19.62984882112182,0.36875195525466453
1,0.2584,19.67967077244446,0.36868451090928933
1,0.2584,19.729492723767105,0.3680769556858673
1,0.2584,19.77931467508975,0.37170739160211985
1,0.2584,19.829136626412396,0.3773512132583253
1,0.2584,19.878958577735037,0.3806320193222596
1,0.2584,19.928780529057683,0.38023981724044065
1,0.2584,19.978602480380328,0.37925753759061986
1,0.2584,20.02842443170297,0.37965075442780005
1,0.2584,20.078246383025615,0.38023981724044065
1,0.2584,20.12806833434826,0.38037059620122604
1,0.2584,20.177890285670905,0.38115432765622737
1,0.2584,20.227712236993547,0.38401432519970435
1,0.2584,20.277534188316192,0.38653163237633836
1,0.2584,20.327356139638837,0.3857588259404082
1,0.2584,20.37717809096148,0.38839289965096824
1,0.2584,20.427000042284124,0.390436414708216
1,0.2584,20.47682199360677,0.3922157565451191
1,0.2584,20.526643944929415,0.40426752551681666
1,0.2584,20.576465896252056,0.4378152973415861
1,0.2584,20.6262878475747,0.41674672362123116
1,0.2584,20.676109798897347,0.4051891792523997
1,0.2584,20.72593175021999,0.39975181056276177
1,0.2584,20.775753701542634,0.40340541557032056
1,0.2584,20.82557565286528,0.4172834227793823
1,0.2584,20.875397604187924,0.43599390495210194
1,0.2584,20.925219555510566,0.43393570035847323
1,0.2584,20.97504150683321,0.425369575695769
1,0.2584,21.024863458155856,0.4256617853721187
1,0.2584,21.074685409478498,0.4258370149309807
1,0.2584,21.124507360801143,0.42548648364787217
1,0.2584,21.17432931212379,0.4249016222255086
1,0.2584,21.224151263446434,0.421257357855579
1,0.2584,21.273973214769075,0.4201342393483959
1,0.2584,21.32379516609172,0.4159702690009468
1,0.2584,21.373617117414366,0.41781943253506376
1,0.2584,21.423439068737007,0.417044975089752
1,0.2584,21.473261020059653,0.4118245818698794
1,0.2584,21.523082971382298,0.41405279284386076
1,0.2584,21.572904922704943,0.4163288126121195
1,0.2584,21.622726874027585,0.4164482585513472
1,0.2584,21.67254882535023,0.41734301341485636
1,0.2584,21.722370776672875,0.41859245712295573
1,0.2584,21.772192727995517,0.4220830065561635
1,0.2584,21.822014679318162,0.4319828362044577
1,0.2584,21.871836630640807,0.4224363620023585
1,0.2584,21.921658581963452,0.4213754067181612
1,0.2584,21.971480533286094,0.4194826384440443
1,0.2584,22.02130248460874,0.4149527130379368
1,0.2584,22.071124435931385,0.41333144596704274
1,0.2584,22.120946387254026,0.42314218766081724
1,0.2584,22.17076833857667,0.4216703842878663
1,0.2584,22.220590289899317,0.4197789460591823
1,0.2584,22.270412241221962,0.4148927790861491
1,0.2584,22.320234192544604,0.40696512461758144
1,0.2584,22.37005614386725,0.40340541557032056
1,0.2584,22.419878095189894,0.4057411665836722
1,0.2584,22.469700046512536,0.4065371584701577
1,0.2584,22.51952199783518,0.4042060072138634
1,0.2584,22.569343949157826,0.40371352331826105
1,0.2584,22.61916590048047,0.3927859760221921
1,0.2584,22.668987851803113,0.38973516496888966
1,0.2584,22.718809803125758,0.38401432519970435
1,0.2584,22.768631754448403,0.37237581039698836
1,0.2584,22.818453705771045,0.36868451090928933
1,0.2584,22.86827565709369,0.3601545204768291
1,0.2584,22.918097608416335,0.3370413040442377
1,0.2584,22.96791955973898,0.33821977373787565
1,0.2584,23.017741511061622,0.33310784572999896
1,0.2584,23.067563462384268,0.32156022311538435
1,0.2584,23.117385413706913,0.3231032272886486
1,0.2584,23.167207365029554,0.3203980934622934
1,0.2584,23.2170293163522,0.3333317336318723
1,0.2584,23.266851267674845,0.32425566190906113
1,0.2584,23.31667321899749,0.317591632736898
1,0.2584,23.366495170320132,0.3194653459417436
1,0.2584,23.416317121642777,0.32814366698994885
1,0.2584,23.466139072965422,0.3336300171221024
1,0.2584,23.515961024288064,0.33608075469376325
1,0.2584,23.56578297561071,0.3379991236499751
1,0.2584,23.615604926933354,0.3408564337915358
1,0.2584,23.665426878256,0.3392475765916786
1,0.2584,23.71524882957864,0.34245773270703117
1,0.2584,23.765070780901286,0.3441961080024433
1,0.2584,23.81489273222393,0.33807268968058835
1,0.2584,23.864714683546573,0.3276127511981134
1,0.2584,23.91453663486922,0.32318018411415067
1,0.2584,23.964358586191864,0.31633632492812014
1,0.2584,24.01418053751451,0.3048060006461387
1,0.2584,24.06400248883715,0.30243074638357065
1,0.2584,24.113824440159796,0.301277369681323
1,0.2584,24.16364639148244,0.2995389777108415
1,0.2584,24.213468342805083,0.3013599001224496
1,0.2584,24.263290294127728,0.28888903282023815
1,0.2584,24.313112245450373,0.28698899464971794
1,0.2584,24.36293419677302,0.28297496486988005
1,0.2584,24.41275614809566,0.27440878712306754
1,0.2584,24.462578099418305,0.26789724177471774
1,0.2584,24.51240005074095,0.26808283046464204
1,0.2584,24.562222002063592,0.26207881472583033
1,0.2584,24.612043953386237,0.2665012070418412
1,0.2584,24.661865904708883,0.2664078779522897
1,0.2584,24.711687856031528,0.2662211216181196
1,0.2584,24.76150980735417,0.2696551772636856
1,0.2584,24.811331758676815,0.2722251281148817
1,0.2584,24.86115370999946,0.28156536723761033
1,0.2584,24.9109756613221,0.27176799071741814
1,0.2584,24.960797612644747,0.2683609728501569
1,0.2584,25.010619563967392,0.2709431997691338
1,0.2584,25.060441515290037,0.27259028606322094
1,0.2584,25.11026346661268,0.2816536737686313
1,0.2584,25.160085417935324,0.28200662337298293
1,0.2584,25.20990736925797,0.28394000397969327
1,0.2584,25.25972932058061,0.29460003378275296
1,0.2584,25.309551271903256,0.2997879365938607
1,0.2584,25.3593732232259,0.3160217188583157
1,0.2584,25.409195174548547,0.3180610958649077
1,0.2584,25.45901712587119,0.3120623828729658
1,0.2584,25.508839077193834,0.32000977906259587
1,0.2584,25.55866102851648,0.3297312852909942
1,0.2584,25.60848297983912,0.32070840645847964
1,0.2584,25.658304931161766,0.31610039973065607
1,0.2584,25.70812688248441,0.3143648715682523
1,0.2584,25.757948833807056,0.3100637560429275
1,0.2584,25.807770785129698,0.2939239570825581
1,0.2584,25.857592736452343,0.2940085516898882
1,0.2584,25.90741468777499,0.2942621895961734
1,0.2584,25.95723663909763,0.2943466869962197
1,0.2584,26.007058590420275,0.3004508184128218
1,0.2584,26.05688054174292,0.29995379438613057
1,0.2584,26.106702493065566,0.3132554382610089
1,0.2584,26.156524444388207,0.3426029342114174
1,0.2584,26.206346395710852,0.34368999014521223
1,0.2584,26.256168347033498,0.331761345445772
1,0.2584,26.30599029835614,0.3348204937580043
1,0.2584,26.355812249678785,0.3492881490458573
1,0.2584,26.40563420100143,0.35049639327538984
1,0.2584,26.455456152324075,0.3460694939988951
1,0.2584,26.505278103646717,0.33990666586692997
1,0.2584,26.555100054969362,0.3343745617149374
1,0.2584,26.604922006292007,0.3165720743024847
1,0.2584,26.65474395761465,0.31214206176686554
1,0.2584,26.704565908937294,0.30472440353568286
1,0.2584,26.75438786025994,0.30011956051891975
1,0.2584,26.804209811582584,0.2943466869962197
1,0.2584,26.854031762905226,0.28455241573039186
1,0.2584,26.90385371422787,0.2943466869962197
1,0.2584,26.953675665550517,0.29188633142694476
1,0.2584,27.003497616873158,0.2871622448886488
1,0.2584,27.053319568195803,0.2840275722173896
1,0.2584,27.10314151951845,0.285076292974879
1,0.2584,27.152963470841094,0.290519974801081
1,0.2584,27.202785422163736,0.2939239570825581
1,0.2584,27.25260737348638,0.2964512947156008
1,0.2584,27.302429324809026,0.29636739736151774
1,0.2584,27.352251276131668,0.29460003378275296
1,0.2584,27.402073227454313,0.29527456250501655
1,0.2584,27.451895178776958,0.305702131406983
1,0.2584,27.501717130099603,0.2981242837020834
1,0.2584,27.551539081422245,0.27783114908082074
1,0.2584,27.60136103274489,0.26993169948018025
1,0.2584,27.651182984067535,0.2706677109335136
1,0.2584,27.701004935390177,0.2712184087783965
1,0.2584,27.750826886712822,0.27558437801635965
1,0.2584,27.800648838035467,0.3295804130409127
1,0.2584,27.850470789358113,0.33902759543166716
1,0.2584,27.900292740680754,0.29577944955798774
1,0.2584,27.9501146920034,0.28085791544822203
1,0.2584,27.999936643326045,0.27783114908082074
1,0.2584,28.049758594648686,0.2736828366789252
1,0.2584,28.09958054597133,0.2664078779522897
1,0.2584,28.149402497293977,0.27020793871277543
1,0.2584,28.199224448616622,0.2939239570825581
1,0.2584,28.249046399939264,0.2862080707677718
1,0.2584,28.29886835126191,0.26603423418082345
1,0.2584,28.348690302584554,0.2611282174161458
1,0.2584,28.398512253907196,0.2594083641212095
1,0.2584,28.44833420522984,0.25612824542734564
1,0.2584,28.498156156552486,0.25142464867095304
1,0.2584,28.54797810787513,0.2505328934129533
1,0.2584,28.597800059197773,0.25063213401633566
1,0.2584,28.64762201052042,0.2563223555313174
1,0.2584,28.697443961843064,0.25073133533983877
1,0.2584,28.747265913165705,0.24164016583928905
1,0.2584,28.79708786448835,0.24164016583928905
1,0.2584,28.846909815810996,0.24450475557521
1,0.2584,28.89673176713364,0.24893966330499998
1,0.2584,28.946553718456283,0.24993662229367053
1,0.2584,28.996375669778928,0.2541789914831009
1,0.2584,29.046197621101573,0.2591206121035016
1,0.2584,29.096019572424215,0.2585441472913205
1,0.2584,29.14584152374686,0.25979153768917657
1,0.2584,29.195663475069505,0.2577735221873385
1,0.2584,29.24548542639215,0.2495383166664071
1,0.2584,29.295307377714792,0.24531706597100605
1,0.2584,29.345129329037437,0.2393653682408596
1,0.2584,29.394951280360083,0.23517300594335577
1,0.2584,29.444773231682724,0.2331552277986181
1,0.2584,29.49459518300537,0.23208619315388695
1,0.2584,29.544417134328015,0.23154982499255372
1,0.2584,29.59423908565066,0.23811540999374176
1,0.2584,29.6440610369733,0.23915749554143165
1,0.2584,29.693882988295947,0.22797814830252283
1,0.2584,29.743704939618592,0.22401683640669345
1,0.2584,29.793526890941234,0.22167338288487115
1,0.2584,29.84334884226388,0.2186234636247556
1,0.2584,29.893170793586524,0.21180604236902215
1,0.2584,29.94299274490917,0.20705642418282824
1,0.2584,29.99281469623181,0.20705642418282824
1,0.2584,30.042636647554456,0.20366579743129487
1,0.2584,30.0924585988771,0.19313710101159481
1,0.2584,30.142280550199743,0.1913259964331453
1,0.2584,30.19210250152239,0.1879162127079893
1,0.2584,30.241924452845033,0.1815899633015329
1,0.2584,30.29174640416768,0.18281831978578633
1,0.2584,30.34156835549032,0.17952402618064472
1,0.2584,30.391390306812966,0.17673188049071528
1,0.2584,30.44121225813561,0.1765911143349751
1,0.2584,30.491034209458252,0.17475083606597544
1,0.2584,30.540856160780898,0.16910988686893783
1,0.2584,30.590678112103543,0.17560259173501602
1,0.2584,30.640500063426188,0.186854530693758
1,0.2584,30.69032201474883,0.1922336816199218
1,0.2584,30.740143966071475,0.20451872403606167
1,0.2584,30.78996591739412,0.2227923873851727
1,0.2584,30.839787868716762,0.22906635567147188
1,0.2584,30.889609820039407,0.24307668054107154
1,0.2584,30.939431771362052,0.25564232534365183
1,0.2584,30.989253722684698,0.26556644019453235
1,0.2584,31.03907567400734,0.268823903973705
1,0.2584,31.088897625329984,0.2679900521851843
1,0.2584,31.13871957665263,0.25073133533983877
1,0.2584,31.18854152797527,0.2515235374254831
1,0.2584,31.238363479297917,0.2571940380774193
1,0.2584,31.288185430620562,0.2630259765218224
1,0.2584,31.338007381943207,0.2691936756807793
1,0.2584,31.38782933326585,0.2664078779522897
1,0.2584,31.437651284588494,0.27684481624673934
1,0.2584,31.48747323591114,0.28811325899091605
1,0.2584,31.53729518723378,0.2941776679257249
1,0.2584,31.587117138556426,0.2864686152648463
1,0.2584,31.63693908987907,0.2837647864350963
1,0.2584,31.686761041201716,0.28244719015209296
1,0.2584,31.736582992524358,0.29995379438613057
1,0.2584,31.786404943847003,0.30243074638357065
1,0.2584,31.83622689516965,0.28794058096582054
1,0.2584,31.886048846492294,0.303825388987325
1,0.2584,31.935870797814935,0.32008747962925327
1,0.2584,31.98569274913758,0.3280678744801055
1,0.2584,32.035514700460226,0.3347462130041766
1,0.2584,32.08533665178287,0.3408564337915358
1,0.2584,32.135158603105516,0.37123878236741126
1,0.2584,32.18498055442816,0.38245697782285926
1,0.2584,32.2348025057508,0.38459670466090873
1,0.2584,32.28462445707345,0.3917081979286754
1,0.2584,32.33444640839609,0.3878162209369808
1,0.2584,32.38426835971873,0.3801089932843095
1,0.2584,32.43409031104138,0.38794444584408416
1,0.2584,32.48391226236402,0.3949956710519416
1,0.2584,32.533734213686664,0.3948697358754419
1,0.2584,32.58355616500931,0.38845692221789957
1,0.2584,32.633378116331954,0.39360816799961973
1,0.2584,32.683200067654596,0.3989422804014327
1,0.2584,32.733022018977245,0.40068385148886326
1,0.2584,32.782843970299886,0.4097663541116445
1,0.2584,32.832665921622535,0.4002491691508377
1,0.2584,32.88248787294518,0.39549901075414007
1,0.2584,32.93230982426782,0.4054959316464401
1,0.2584,32.98213177559047,0.4117037944844188
1,0.2584,33.03195372691311,0.42372947758628315
1,0.2584,33.08177567823575,0.430714500036266
1,0.2584,33.1315976295584,0.4426731567216338
1,0.2584,33.18141958088104,0.4522323538548359
1,0.2584,33.23124153220368,0.45791553535949414
1,0.2584,33.28106348352633,0.44991687370558175
1,0.2584,33.33088543484897,0.45415290273557996
1,0.2584,33.380707386171615,0.4644937241007145
1,0.2584,33.430529337494264,0.4649218290064259
1,0.2584,33.480351288816905,0.4417171188065055
1,0.2584,33.530173240139554,0.452946651195697
1,0.2584,33.579995191462196,0.4724561436645556
1,0.2584,33.62981714278484,0.46620378501238013
1,0.2584,33.679639094107486,0.45910873195500096
1,0.2584,33.72946104543013,0.4487546533808467
1,0.2584,33.77928299675277,0.4455847747703454
1,0.2584,33.82910494807542,0.44216727649663334
1,0.2584,33.87892689939806,0.42892093330856196
1,0.2584,33.9287488507207,0.42455031863322334
1,0.2584,33.97857080204335,0.4263622715048486
1,0.2584,34.02839275336599,0.42273059924775824
1,0.2584,34.078214704688634,0.42149342251846367
1,0.2584,34.12803665601128,0.41888939442150436
1,0.2584,34.177858607333924,0.40788068286049883
1,0.2584,34.22768055865657,0.4042060072138634
1,0.2584,34.277502509979215,0.40055970466900065
1,0.2584,34.327324461301856,0.4092805609899154
1,0.2584,34.377146412624505,0.41698534186215186
1,0.2584,34.42696836394715,0.40788068286049883
1,0.2584,34.47679031526979,0.409887712430346
1,0.2584,34.52661226659244,0.4150725549792189
1,0.2584,34.57643421791508,0.39781867293655715
1,0.2584,34.62625616923772,0.394806753223175
1,0.2584,34.67607812056037,0.39556188318292196
1,0.2584,34.72590007188301,0.4016756447177361
1,0.2584,34.77572202320565,0.3971930731267116
1,0.2584,34.8255439745283,0.3908183842253372
1,0.2584,34.87536592585094,0.38485525709660656
1,0.2584,34.92518787717359,0.3810890782630152
1,0.2584,34.97500982849623,0.38219680297790326
1,0.2584,35.024831779818875,0.3814804072159563
1,0.2584,35.074653731141524,0.38517820358046767
1,0.2584,35.124475682464166,0.39800616112838266
1,0.2584,35.17429763378681,0.3949956710519416
1,0.2584,35.224119585109456,0.3620827037735285
1,0.2584,35.2739415364321,0.3129377348950297
1,0.2584,35.32376348775474,0.2941776679257249
1,0.2584,35.37358543907739,0.280769358638375
1,0.2584,35.42340739040003,0.28638179343673775
1,0.2584,35.47322934172267,0.2789923195284775
1,0.2584,35.52305129304532,0.2695629401557148
1,0.2584,35.57287324436796,0.26481625101165224
1,0.2584,35.62269519569061,0.2651916108754786
1,0.2584,35.67251714701325,0.2587364449358236
1,0.2584,35.722339098335894,0.2549604813870103
1,0.2584,35.77216104965854,0.24763761630676373
1,0.2584,35.821983000981184,0.23790644513559378
1,0.2584,35.871804952303826,0.22895776767974707
1,0.2584,35.921626903626475,0.22054870093124676
1,0.2584,35.97144885494912,0.22156117159806335
1,0.2584,36.02127080627176,0.2196448090092975
1,0.2584,36.07109275759441,0.2222335894463386
1,0.2584,36.12091470891705,0.22534501110576613
1,0.2584,36.17073666023969,0.23517300594335577
1,0.2584,36.22055861156234,0.24071216518778843
1,0.2584,36.27038056288498,0.2567101354134424
1,0.2584,36.32020251420763,0.2603652407161989
1,0.2584,36.37002446553027,0.2612234328130808
1,0.2584,36.41984641685291,0.2463286870297187
1,0.2584,36.46966836817556,0.2398842619090786
1,0.2584,36.5194903194982,0.24450475557521
1,0.2584,36.569312270820845,0.24389374731754787
1,0.2584,36.619134222143494,0.24256461618357503
1,0.2584,36.668956173466135,0.2432812044986184
1,0.2584,36.71877812478878,0.24358766845110866
1,0.2584,36.768600076111426,0.23411318529137026
1,0.2584,36.81842202743407,0.2293918112308238
1,0.2584,36.86824397875671,0.22468190517253622
1,0.2584,36.91806593007936,0.22167338288487115
1,0.2584,36.967887881402,0.2162215635251125
1,0.2584,37.01770983272465,0.21027418440625845
1,0.2584,37.06753178404729,0.20741641823763124
1,0.2584,37.11735373536993,0.2015793799180599
1,0.2584,37.16717568669258,0.20034192574443163
1,0.2584,37.21699763801522,0.19822052511233965
1,0.2584,37.266819589337864,0.1960761738219001
1,0.2584,37.31664154066051,0.1983459414647244
1,0.2584,37.366463491983154,0.19884681585178263
1,0.2584,37.416285443305796,0.20378786264898469
1,0.2584,37.466107394628445,0.20280928382426608
1,0.2584,37.515929345951086,0.20645503916542754
1,0.2584,37.56575129727373,0.20896922622921968
1,0.2584,37.61557324859638,0.21599141810222885
1,0.2584,37.66539519991902,0.21599141810222885
1,0.2584,37.71521715124167,0.2128601016195237
1,0.2584,37.76503910256431,0.21003752233418851
1,0.2584,37.81486105388695,0.2101558866841492
1,0.2584,37.8646830052096,0.20669580314130875
1,0.2584,37.91450495653224,0.2058518972422094
1,0.2584,37.96432690785488,0.2005900272955258
1,0.2584,38.01414885917753,0.1985965365633558
1,0.2584,38.06397081050017,0.19184519954901347
1,0.2584,38.113792761822815,0.18035324087580493
1,0.2584,38.16361471314546,0.1778539989415875
1,0.2584,38.213436664468105,0.1761681409986482
1,0.2584,38.26325861579075,0.17489308341233406
1,0.2584,38.313080567113396,0.18897193007492943
1,0.2584,38.36290251843604,0.1913259964331453
1,0.2584,38.412724469758686,0.1955682036062384
1,0.2584,38.46254642108133,0.2024410972262378
1,0.2584,38.51236837240397,0.20741641823763124
1,0.2584,38.56219032372662,0.21215797732627603
1,0.2584,38.61201227504926,0.21873718194902542
1,0.2584,38.6618342263719,0.22830515513802077
1,0.2584,38.71165617769455,0.22950019385498158
1,0.2584,38.76147812901719,0.2275414081537297
1,0.2584,38.811300080339834,0.22600617148333618
1,0.2584,38.86112203166248,0.22268073997781812
1,0.2584,38.910943982985124,0.2281962049265489
1,0.2584,38.96076593430777,0.23780189384725064
1,0.2584,39.010587885630414,0.22088670680149397
1,0.2584,39.060409836953056,0.21027418440625845
1,0.2584,39.110231788275705,0.20657545622971393
1,0.2584,39.16005373959835,0.2087310845835051
1,0.2584,39.20987569092099,0.21702515055001756
1,0.2584,39.25969764224364,0.2213365783608169
1,0.2584,39.30951959356628,0.22357235811879425
1,0.2584,39.35934154488892,0.2293918112308238
1,0.2584,39.40916349621157,0.23748796381751733
1,0.2584,39.45898544753421,0.24863979610524561
1,0.2584,39.50880739885685,0.24993662229367053
1,0.2584,39.5586293501795,0.24883974772268705
1,0.2584,39.60845130150214,0.2577735221873385
1,0.2584,39.65827325282479,0.26160394784772456
1,0.2584,39.70809520414743,0.26046073503106065
1,0.2584,39.757917155470075,0.2608423626863268
1,0.2584,39.807739106792724,0.2617939979620378
1,0.2584,39.857561058115365,0.2570973304078687
1,0.2584,39.90738300943801,0.2531987371891971
1,0.2584,39.957204960760656,0.24943864088185663
1,0.2584,40.0070269120833,0.24348555665938587
1,0.2584,40.05684886340594,0.23696382289203838
1,0.2584,40.10667081472859,0.23506723890137782
1,0.2584,40.15649276605123,0.22600617148333618
1,0.2584,40.20631471737387,0.22245727706154322
1,0.2584,40.25613666869652,0.22245727706154322
1,0.2584,40.30595862001916,0.21529950574842138
1,0.2584,40.35578057134181,0.21748301002635273
1,0.2584,40.40560252266445,0.21725420090458603
1,0.2584,40.455424473987094,0.21564573943081547
1,0.2584,40.50524642530974,0.21367633069548783
1,0.2584,40.555068376632384,0.20439709528665648
1,0.2584,40.604890327955026,0.21074671125923183
1,0.2584,40.654712279277675,0.21274324182393609
1,0.2584,40.704534230600316,0.21748301002635273
1,0.2584,40.75435618192296,0.2154149788088812
1,0.2584,40.80417813324561,0.21907798275077686
1,0.2584,40.85400008456825,0.22357235811879425
1,0.2584,40.90382203589089,0.2225690365647307
1,0.2584,40.95364398721354,0.22545533914718915
1,0.2584,41.00346593853618,0.22917489221187703
1,0.2584,41.05328788985883,0.23336844707298787
1,0.2584,41.10310984118147,0.23496142424875024
1,0.2584,41.15293179250411,0.2440975866739127
1,0.2584,41.20275374382676,0.24348555665938587
1,0.2584,41.2525756951494,0.24602563747430156
1,0.2584,41.302397646472045,0.2505328934129533
1,0.2584,41.352219597794694,0.24723560692430824
1,0.2584,41.402041549117335,0.2541789914831009
1,0.2584,41.45186350043998,0.25950421055497
1,0.2584,41.501685451762626,0.2605561943470863
1,0.2584,41.55150740308527,0.26603423418082345
1,0.2584,41.60132935440791,0.2677115244270764
1,0.2584,41.65115130573056,0.2627421864986847
1,0.2584,41.7009732570532,0.26131861351684527
1,0.2584,41.75079520837585,0.2632149998854372
1,0.2584,41.80061715969849,0.2662211216181196
1,0.2584,41.85043911102113,0.26207881472583033
1,0.2584,41.90026106234378,0.26150887099637515
1,0.2584,41.95008301366642,0.2607470081363716
1,0.2584,41.999904964989064,0.2542768090705137
1,0.2584,42.04972691631171,0.25043361348299475
1,0.2584,42.099548867634354,0.249837105418416
1,0.2584,42.149370818956996,0.24793869558672077
1,0.2584,42.199192770279645,0.24693367038960565
1,0.2584,42.249014721602286,0.25378734411412524
1,0.2584,42.29883667292493,0.2535912936066003
1,0.2584,42.34865862424758,0.2510287040966577
1,0.2584,42.39848057557022,0.24993662229367053
1,0.2584,42.44830252689287,0.24853975997321212
1,0.2584,42.49812447821551,0.24713500240053987
1,0.2584,42.54794642953815,0.24307668054107154
1,0.2584,42.5977683808608,0.23863702159360944
1,0.2584,42.64759033218344,0.23967683924866623
1,0.2584,42.69741228350608,0.2398842619090786
1,0.2584,42.74723423482873,0.23967683924866623
1,0.2584,42.79705618615137,0.2421541850669119
1,0.2584,42.846878137474015,0.24235948750740632
1,0.2584,42.89670008879666,0.23863702159360944
1,0.2584,42.946522040119305,0.23946923692365696
1,0.2584,42.99634399144195,0.23790644513559378
1,0.2584,43.046165942764596,0.23654367393939002
1,0.2584,43.09598789408724,0.2331552277986181
1,0.2584,43.145809845409886,0.2314424021962398
1,0.2584,43.19563179673253,0.22622612887990545
1,0.2584,43.24545374805517,0.22200967645301262
1,0.2584,43.29527569937782,0.22212166116452392
1,0.2584,43.34509765070046,0.21702515055001756
1,0.2584,43.3949196020231,0.21074671125923183
1,0.2584,43.44474155334575,0.2032991620351067
1,0.2584,43.49456350466839,0.195441004761168
1,0.2584,43.54438545599103,0.19569531977410015
1,0.2584,43.59420740731368,0.19493137937025432
1,0.2584,43.644029358636324,0.186854530693758
1,0.2584,43.693851309958966,0.18738612360484275
1,0.2584,43.743673261281614,0.1857867817770005
1,0.2584,43.793495212604256,0.18498192550829798
1,0.2584,43.843317163926905,0.1860542934803904
1,0.2584,43.89313911524955,0.18417355197329555
1,0.2584,43.94296106657219,0.1906750044252126
1,0.2584,43.99278301789484,0.19784379903515556
1,0.2584,44.04260496921748,0.19620296088579345
1,0.2584,44.09242692054012,0.2012089427659737
1,0.2584,44.14224887186277,0.2054891623396925
1,0.2584,44.19207082318541,0.21332690064860277
1,0.2584,44.24189277450805,0.21713970592909534
1,0.2584,44.2917147258307,0.22808720267293228
1,0.2584,44.34153667715334,0.2296085253190533
1,0.2584,44.391358628475984,0.23390064490684723
1,0.2584,44.44118057979863,0.24153723072669955
1,0.2584,44.491002531121275,0.24853975997321212
1,0.2584,44.540824482443924,0.2570005863478459
1,0.2584,44.590646433766565,0.2676186174229157
1,0.2584,44.64046838508921,0.2708514012912256
1,0.2584,44.690290336411856,0.27075957168991144
1,0.2584,44.7401122877345,0.26993169948018025
1,0.2584,44.78993423905714,0.27149333881227
1,0.2584,44.83975619037979,0.2704838958284867
1,0.2584,44.88957814170243,0.2677115244270764
1,0.2584,44.93940009302507,0.2641580878221465
1,0.2584,44.98922204434772,0.26131861351684527
1,0.2584,45.03904399567036,0.26131861351684527
1,0.2584,45.088865946993,0.266594503458857
1,0.2584,45.13868789831565,0.27468052389913206
1,0.2584,45.188509849638294,0.27286383383507845
1,0.2584,45.23833180096094,0.2813886710374423
1,0.2584,45.288153752283584,0.28940506008380357
1,0.2584,45.337975703606226,0.3016073559463719
1,0.2584,45.387797654928875,0.3408564337915358
1,0.2584,45.437619606251516,0.3328090942387481
1,0.2584,45.48744155757416,0.3176699247713024
1,0.2584,45.53726350889681,0.32540401515013095
1,0.2584,45.58708546021945,0.3300328228805673
1,0.2584,45.63690741154209,0.3343745617149374
1,0.2584,45.68672936286474,0.3353399983276187
1,0.2584,45.73655131418738,0.33519165061041556
1,0.2584,45.78637326551002,0.3331824917467858
1,0.2584,45.83619521683267,0.3279162369058016
1,0.2584,45.88601716815531,0.3283709395558004
1,0.2584,45.93583911947796,0.33622871012892686
1,0.2584,45.9856610708006,0.3379255416041157
1,0.2584,46.035483022123245,0.32532758437628745
1,0.2584,46.08530497344589,0.3196209928917535
1,0.2584,46.135126924768535,0.32995746431744755
1,0.2584,46.18494887609118,0.3624945515318073
1,0.2584,46.234770827413826,0.3379991236499751
1,0.2584,46.28459277873647,0.31712147462162094
1,0.2584,46.33441473005911,0.32563319983529826
1,0.2584,46.38423668138176,0.32279521651578924
1,0.2584,46.4340586327044,0.31094473452420196
1,0.2584,46.48388058402704,0.30439779636408804
1,0.2584,46.53370253534969,0.2964512947156008
1,0.2584,46.58352448667233,0.2912039544995062
1,0.2584,46.63334643799498,0.29443116014675946
1,0.2584,46.68316838931762,0.31126447212489783
1,0.2584,46.732990340640264,0.3002024092604617
1,0.2584,46.78281229196291,0.2898343809845392
1,0.2584,46.832634243285554,0.286034242588501
1,0.2584,46.882456194608196,0.28279914940409107
1,0.2584,46.932278145930844,0.27486153250124706
1,0.2584,46.982100097253486,0.2473361705269718
1,0.2584,47.03192204857613,0.23347498368984665
1,0.2584,47.08174399989878,0.21759732436277535
1,0.2584,47.13156595122142,0.2141413504635486
1,0.2584,47.18138790254406,0.21553039000323584
1,0.2584,47.23120985386671,0.2146053626012575
1,0.2584,47.28103180518935,0.21679585819804156
1,0.2584,47.330853756512,0.22200967645301262
1,0.2584,47.38067570783464,0.22412781824971986
1,0.2584,47.43049765915728,0.22928337737402962
1,0.2584,47.48031961047993,0.2355955992867832
1,0.2584,47.53014156180257,0.2398842619090786
1,0.2584,47.579963513125215,0.24913937425834398
1,0.2584,47.62978546444786,0.26255282273606806
1,0.2584,47.679607415770505,0.2665012070418412
1,0.2584,47.72942936709315,0.2864686152648463
1,0.2584,47.779251318415795,0.2961155626772951
1,0.2584,47.82907326973844,0.3026773267314093
1,0.2584,47.87889522106108,0.3085361410545609
1,0.2584,47.92871717238373,0.3103844011710526
1,0.2584,47.97853912370637,0.31672914306645406
1,0.2584,48.02836107502902,0.3300328228805673
1,0.2584,48.07818302635166,0.34187630999107066
1,0.2584,48.1280049776743,0.3492881490458573
1,0.2584,48.17782692899695,0.36685882673323267
1,0.2584,48.22764888031959,0.3661124193949252
1,0.2584,48.27747083164223,0.36091324959991855
1,0.2584,48.32729278296488,0.3641372845005511
1,0.2584,48.377114734287524,0.3633852870529528
1,0.2584,48.426936685610166,0.3677389912810373
1,0.2584,48.476758636932814,0.37761472670752
1,0.2584,48.526580588255456,0.39126354402949026
1,0.2584,48.5764025395781,0.3922157565451191
1,0.2584,48.626224490900746,0.3944916891292438
1,0.2584,48.67604644222339,0.3951844985686082
1,0.2584,48.72586839354604,0.3971304589428077
1,0.2584,48.77569034486868,0.39549901075414007
1,0.2584,48.82551229619132,0.39819356104198966
1,0.2584,48.87533424751397,0.41405279284386076
1,0.2584,48.92515619883661,0.44457906490549864
1,0.2584,48.97497815015925,0.4304257205870828
1,0.2584,49.0248001014819,0.40512780090178585
1,0.2584,49.07462205280454,0.4108572885039786
1,0.2584,49.124444004127184,0.4091590225875356
1,0.2584,49.17426595544983,0.40897664726196625
1,0.2584,49.224087906772475,0.4093413166587708
1,0.2584,49.27390985809512,0.40260323192338165
1,0.2584,49.323731809417765,0.40055970466900065
1,0.2584,49.37355376074041,0.42961610545565254
1,0.2584,49.423375712063056,0.4410410207793895
1,0.2584,49.4731976633857,0.4465882197976469
1,0.2584,49.52301961470834,0.4431223431961267
1,0.2584,49.57284156603099,0.44036388472890375
1,0.2584,49.62266351735363,0.4543718771469225
1,0.2584,49.67248546867627,0.45393382269256854
1,0.2584,49.72230741999892,0.44351500817631795
1,0.2584,49.77212937132156,0.4430100892758465
1,0.2584,49.8219513226442,0.4409282369849922
1,0.2584,49.87177327396685,0.4430100892758465
1,0.2584,49.921595225289494,0.43496602005270546
1,0.2584,49.971417176612135,0.43838293053386973
1,0.2584,50.021239127934784,0.43267308884635053
1,0.2584,50.071061079257426,0.42261292893253555
1,0.2584,50.120883030580075,0.4164482585513472
1,0.2584,50.170704981902716,0.4069040141547972
1,0.2584,50.22052693322536,0.4001870331310345
1,0.2584,50.27034888454801,0.39455472207510095
1,0.2584,50.32017083587065,0.38633857569283464
1,0.2584,50.36999278719329,0.3786012686483476
1,0.2584,50.41981473851594,0.3791919618077158
1,0.2584,50.46963668983858,0.38056668037759794
1,0.2584,50.51945864116122,0.3761631183311812
1,0.2584,50.56928059248387,0.3897989670753937
1,0.2584,50.61910254380651,0.36942572149391584
1,0.2584,50.668924495129154,0.3426029342114174
1,0.2584,50.7187464464518,0.3323604634876396
1,0.2584,50.768568397774445,0.3345976020254855
1,0.2584,50.81839034909709,0.3334063295226197
1,0.2584,50.868212300419735,0.32070840645847964
1,0.2584,50.91803425174238,0.3217148565569334
1,0.2584,50.967856203065026,0.3155492216309003
1,0.2584,51.01767815438767,0.3072438374017947
1,0.2584,51.06750010571031,0.3086972986215985
1,0.2584,51.11732205703296,0.30210165951093143
1,0.2584,51.1671440083556,0.3094214689605721
1,0.2584,51.21696595967824,0.32047569988064417
1,0.2584,51.26678791100089,0.3155492216309003
1,0.2584,51.31660986232353,0.3155492216309003
1,0.2584,51.36643181364618,0.3168076482462608
1,0.2584,51.41625376496882,0.3134141691747984
1,0.2584,51.46607571629146,0.3174349907383498
1,0.2584,51.51589766761411,0.31610039973065607
1,0.2584,51.565719618936754,0.32016516133883755
1,0.2584,51.615541570259396,0.32217831157255994
1,0.2584,51.665363521582044,0.31845178646282873
1,0.2584,51.715185472904686,0.3130171909671226
1,0.2584,51.76500742422733,0.314918122555907
1,0.2584,51.81482937554998,0.3170430471505016
1,0.2584,51.86465132687262,0.3188419983313807
1,0.2584,51.91447327819526,0.32233264849713555
1,0.2584,51.96429522951791,0.33519165061041556
1,0.2584,52.01411718084055,0.3370413040442377
1,0.2584,52.0639391321632,0.33116114351514603
1,0.2584,52.11376108348584,0.3411481381100423
1,0.2584,52.16358303480848,0.34957281751123886
1,0.2584,52.21340498613113,0.3502834765442242
1,0.2584,52.26322693745377,0.3562668481851582
1,0.2584,52.313048888776414,0.36091324959991855
1,0.2584,52.36287084009906,0.3570338390582396
1,0.2584,52.412692791421705,0.3587709021444888
1,0.2584,52.46251474274435,0.3653644872156122
1,0.2584,52.512336694066995,0.36679103428569215
1,0.2584,52.56215864538964,0.3658406209763218
1,0.2584,52.61198059671228,0.3735759504086227
1,0.2584,52.66180254803493,0.3814152136057706
1,0.2584,52.71162449935757,0.38297679726469697
1,0.2584,52.76144645068022,0.3837552061923322
1,0.2584,52.81126840200286,0.3787982687147433
1,0.2584,52.8610903533255,0.36996385101659596
1,0.2584,52.91091230464815,0.37103776866309646
1,0.2584,52.96073425597079,0.36685882673323267
1,0.2584,53.01055620729343,0.34585385196279456
1,0.2584,53.06037815861608,0.34535016357240816
1,0.2584,53.110200109938724,0.34340044503050837
1,0.2584,53.160022061261365,0.3447014827383879
1,0.2584,53.209844012584014,0.3761631183311812
1,0.2584,53.259665963906656,0.40684289451282196
1,0.2584,53.3094879152293,0.4080635480043464
1,0.2584,53.359309866551946,0.4084899149892309
1,0.2584,53.40913181787459,0.401242036832378
1,0.2584,53.45895376919724,0.4101303213373121
1,0.2584,53.50877572051988,0.42484309179996393
1,0.2584,53.55859767184252,0.4270033743188133
1,0.2584,53.60841962316517,0.44424332232904784
1,0.2584,53.65824157448781,0.4412665018885874
1,0.2584,53.70806352581045,0.43662086559423713
1,0.2584,53.7578854771331,0.4367347617395407
1,0.2584,53.80770742845574,0.46245481377074493
1,0.2584,53.857529379778384,0.46062287558194825
1,0.2584,53.90735133110103,0.4489208690739521
1,0.2584,53.957173282423675,0.4598123472827146
1,0.2584,54.006995233746316,0.46673689414597574
1,0.2584,54.056817185068965,0.4653495400711277
1,0.2584,54.10663913639161,0.4733501012163818
1,0.2584,54.156461087714256,0.4732975622183604
1,0.2584,54.2062830390369,0.4725087762212459
2,0.4769,0.0,0.1983459414647244
2,0.4769,0.04981314800156353,0.19909678052099483
2,0.4769,0.09962629600312706,0.1967092919493562
2,0.4769,0.14943944400469059,0.18778383071712557
2,0.4769,0.19925259200625411,0.19236300129927708
2,0.4769,0.24906574000781764,0.18975986370816492
2,0.4769,0.29887888800938117,0.19416443326441823
2,0.4769,0.3486920360109447,0.20034192574443163
2,0.4769,0.39850518401250823,0.20488317705582226
2,0.4769,0.4483183320140718,0.2014559765517849
2,0.4769,0.4981314800156353,0.2087310845835051
2,0.4769,0.5479446280171988,0.20621399408712732
2,0.4769,0.5977577760187623,0.2087310845835051
2,0.4769,0.6475709240203259,0.21204073057660514
2,0.4769,0.6973840720218893,0.21227515931661167
2,0.4769,0.7471972200234529,0.2082539843377348
2,0.4769,0.7970103680250165,0.20980059329957174
2,0.4769,0.84682351602658,0.20920709679710014
2,0.4769,0.8966366640281436,0.21250932944773343
2,0.4769,0.946449812029707,0.21192341896011452
2,0.4769,0.9962629600312706,0.21074671125923183
2,0.4769,1.046076108032834,0.21227515931661167
2,0.4769,1.0958892560343976,0.2197579988178974
2,0.4769,1.1457024040359611,0.22368356049230487
2,0.4769,1.1955155520375247,0.22895776767974707
2,0.4769,1.2453287000390882,0.23379430225761022
2,0.4769,1.2951418480406518,0.23915749554143165
2,0.4769,1.3449549960422154,0.24338340202654496
2,0.4769,1.3947681440437787,0.24521567432957203
2,0.4769,1.4445812920453422,0.24963795265227656
2,0.4769,1.4943944400469058,0.2549604813870103
2,0.4769,1.5442075880484694,0.26293141388115276
2,0.4769,1.594020736050033,0.27341010832351204
2,0.4769,1.6438338840515965,0.2813002813160728
2,0.4769,1.69364703205316,0.29069112060373153
2,0.4769,1.7434601800547236,0.3020193317646116
2,0.4769,1.7932733280562871,0.30885837209909783
2,0.4769,1.8430864760578505,0.32016516133883755
2,0.4769,1.892899624059414,0.3282951995156842
2,0.4769,1.9427127720609776,0.33010816424049877
2,0.4769,1.9925259200625411,0.3341513725288403
2,0.4769,2.0423390680641047,0.34383467126723644
2,0.4769,2.092152216065668,0.34635680786656425
2,0.4769,2.141965364067232,0.35668541129976683
2,0.4769,2.191778512068795,0.3671976012321773
2,0.4769,2.241591660070359,0.37430747499961065
2,0.4769,2.2914048080719223,0.37603087606366287
2,0.4769,2.341217956073486,0.3819364509020648
2,0.4769,2.3910311040750494,0.38954369594973426
2,0.4769,2.4408442520766127,0.3927226591883767
2,0.4769,2.4906574000781765,0.39731827189203583
2,0.4769,2.54047054807974,0.40068385148886326
2,0.4769,2.5902836960813036,0.4104333808047635
2,0.4769,2.640096844082867,0.412247059019606
2,0.4769,2.6899099920844307,0.4061699714389196
2,0.4769,2.739723140085994,0.4009940503829584
2,0.4769,2.7895362880875574,0.3985680965325725
2,0.4769,2.839349436089121,0.39474376052182103
2,0.4769,2.8891625840906845,0.39348178874832884
2,0.4769,2.9389757320922483,0.38550087952176876
2,0.4769,2.9887888800938116,0.38219680297790326
2,0.4769,3.0386020280953754,0.3780096524491039
2,0.4769,3.0884151760969387,0.37741710886928054
2,0.4769,3.1382283240985025,0.3797817362341562
2,0.4769,3.188041472100066,0.37003106218092857
2,0.4769,3.237854620101629,0.3667232293060416
2,0.4769,3.287667768103193,0.35911730649489937
2,0.4769,3.3374809161047563,0.34736053493674723
2,0.4769,3.38729406410632,0.3343745617149374
2,0.4769,3.4371072121078834,0.3193874940224831
2,0.4769,3.486920360109447,0.31086474873907816
2,0.4769,3.5367335081110105,0.30292370636254423
2,0.4769,3.5865466561125743,0.2864686152648463
2,0.4769,3.6363598041141376,0.27213376206830264
2,0.4769,3.686172952115701,0.2594083641212095
2,0.4769,3.7359861001172647,0.25033429417967046
2,0.4769,3.785799248118828,0.23633331936337718
2,0.4769,3.835612396120392,0.22423874516482578
2,0.4769,3.885425544121955,0.20801502386392443
2,0.4769,3.935238692123519,0.19403631419189682
2,0.4769,3.9850518401250823,0.18538479043305078
2,0.4769,4.034864988126646,0.1833616146530208
2,0.4769,4.084678136128209,0.1815899633015329
2,0.4769,4.134491284129773,0.17489308341233406
2,0.4769,4.184304432131336,0.1683730211115898
2,0.4769,4.2341175801329,0.16614281640354062
2,0.4769,4.283930728134464,0.1598882820413544
2,0.4769,4.333743876136027,0.15563223606244891
2,0.4769,4.38355702413759,0.15256608544230824
2,0.4769,4.433370172139154,0.15674675224645437
2,0.4769,4.483183320140718,0.15370283623018546
2,0.4769,4.532996468142281,0.1528917338073649
2,0.4769,4.5828096161438445,0.15125648108249762
2,0.4769,4.632622764145408,0.14051747267631262
2,0.4769,4.682435912146972,0.12556387438288483
2,0.4769,4.732249060148535,0.10364824484140066
2,0.4769,4.782062208150099,0.10146593212136268
2,0.4769,4.831875356151662,0.10268405416537695
2,0.4769,4.881688504153225,0.11695032245342361
2,0.4769,4.93150165215479,0.12811265943048608
2,0.4769,4.981314800156353,0.11863922319237215
2,0.4769,5.031127948157916,0.12153834027053577
2,0.4769,5.08094109615948,0.12907956114324526
2,0.4769,5.130754244161044,0.13380930871145785
2,0.4769,5.180567392162607,0.14227620786519593
2,0.4769,5.2303805401641705,0.15434864931079925
2,0.4769,5.280193688165734,0.16296926436742615
2,0.4769,5.330006836167297,0.16554302088471062
2,0.4769,5.379819984168861,0.16910988686893783
2,0.4769,5.429633132170425,0.17144657637959537
2,0.4769,5.479446280171988,0.17289097069959034
2,0.4769,5.529259428173551,0.1667404543635571
2,0.4769,5.579072576175115,0.16004373981462663
2,0.4769,5.628885724176679,0.16569317331547473
2,0.4769,5.678698872178242,0.16373045143479303
2,0.4769,5.728512020179806,0.17013613747478362
2,0.4769,5.778325168181369,0.17460847283577394
2,0.4769,5.828138316182933,0.1738949084575512
2,0.4769,5.8779514641844965,0.17771412161051803
2,0.4769,5.92776461218606,0.17952402618064472
2,0.4769,5.977577760187623,0.1736086615005936
2,0.4769,6.0273909081891865,0.17560259173501602
2,0.4769,6.077204056190751,0.1779937663493596
2,0.4769,6.127017204192314,0.17560259173501602
2,0.4769,6.176830352193877,0.1811786604782788
2,0.4769,6.226643500195441,0.18778383071712557
2,0.4769,6.276456648197005,0.1944204181260938
2,0.4769,6.326269796198568,0.2024410972262378
2,0.4769,6.376082944200132,0.21355991754018652
2,0.4769,6.425896092201695,0.22699430130732604
2,0.4769,6.475709240203258,0.24602563747430156
2,0.4769,6.5255223882048226,0.2630259765218224
2,0.4769,6.575335536206386,0.26160394784772456
2,0.4769,6.625148684207949,0.25864031398510223
2,0.4769,6.674961832209513,0.2598872428085363
2,0.4769,6.724774980211077,0.25680698889186043
2,0.4769,6.77458812821264,0.25525292325112486
2,0.4769,6.8244012762142034,0.2609376823908373
2,0.4769,6.874214424215767,0.25680698889186043
2,0.4769,6.92402757221733,0.25300223057271976
2,0.4769,6.973840720218894,0.24541841572371692
2,0.4769,7.023653868220458,0.2298250350562853
2,0.4769,7.073467016222021,0.2101558866841492
2,0.4769,7.123280164223584,0.207656067558741
2,0.4769,7.173093312225149,0.19959577072846524
2,0.4769,7.222906460226712,0.1915857738731359
2,0.4769,7.272719608228275,0.1913259964331453
2,0.4769,7.322532756229839,0.196456289539899
2,0.4769,7.372345904231402,0.20071396306718678
2,0.4769,7.422159052232966,0.2040317740021732
2,0.4769,7.4719722002345295,0.21344344089255834
2,0.4769,7.521785348236093,0.2105105804161625
2,0.4769,7.571598496237656,0.20837336181061558
2,0.4769,7.6214116442392195,0.20573105666986918
2,0.4769,7.671224792240784,0.21039241561290511
2,0.4769,7.721037940242347,0.21003752233418851
2,0.4769,7.77085108824391,0.2179399076098444
2,0.4769,7.820664236245474,0.21679585819804156
2,0.4769,7.870477384247038,0.2203230756026887
2,0.4769,7.920290532248601,0.22721330213135313
2,0.4769,7.970103680250165,0.2297168056954183
2,0.4769,8.019916828251729,0.2264458726217372
2,0.4769,8.069729976253292,0.23133492951703125
2,0.4769,8.119543124254855,0.23251439682636474
2,0.4769,8.169356272256419,0.23347498368984665
2,0.4769,8.219169420257982,0.23025744378301352
2,0.4769,8.268982568259545,0.2296085253190533
2,0.4769,8.318795716261109,0.22710382811770777
2,0.4769,8.368608864262672,0.2247925586661551
2,0.4769,8.418422012264235,0.23101221148567266
2,0.4769,8.4682351602658,0.23004134101951157
2,0.4769,8.518048308267364,0.23400693922949217
2,0.4769,8.567861456268927,0.2393653682408596
2,0.4769,8.61767460427049,0.2347496518539884
2,0.4769,8.667487752272054,0.23863702159360944
2,0.4769,8.717300900273617,0.24029857009672007
2,0.4769,8.76711404827518,0.23368791121580634
2,0.4769,8.816927196276744,0.23122740688537247
2,0.4769,8.866740344278307,0.2230155145190964
2,0.4769,8.916553492279872,0.21633654442317526
2,0.4769,8.966366640281436,0.20896922622921968
2,0.4769,9.016179788282999,0.1963296660723193
2,0.4769,9.065992936284562,0.19262138019518527
2,0.4769,9.115806084286126,0.18551888433154823
2,0.4769,9.165619232287689,0.1796624944049955
2,0.4769,9.215432380289252,0.16748450292473796
2,0.4769,9.265245528290816,0.16112774463718355
2,0.4769,9.315058676292379,0.15499177146846524
2,0.4769,9.364871824293944,0.15769578262626002
2,0.4769,9.414684972295507,0.1557919408105376
2,0.4769,9.46449812029707,0.16494104426967493
2,0.4769,9.514311268298634,0.16159009205707534
2,0.4769,9.564124416300197,0.16509174420450914
2,0.4769,9.61393756430176,0.15801085942915785
2,0.4769,9.663750712303324,0.15785339963974443
2,0.4769,9.713563860304887,0.16128200771190085
2,0.4769,9.76337700830645,0.16220450526997995
2,0.4769,9.813190156308016,0.17013613747478362
2,0.4769,9.86300330430958,0.17588559367807008
2,0.4769,9.912816452311143,0.18227340554900806
2,0.4769,9.962629600312706,0.20439709528665648
2,0.4769,10.01244274831427,0.2143734820769229
2,0.4769,10.062255896315833,0.20861191181639205
2,0.4769,10.112069044317396,0.21297689729449576
2,0.4769,10.16188219231896,0.22775988291183907
2,0.4769,10.211695340320523,0.23379430225761022
2,0.4769,10.261508488322088,0.22368356049230487
2,0.4769,10.311321636323651,0.22111175699415356
2,0.4769,10.361134784325214,0.22290397887095037
2,0.4769,10.410947932326778,0.2214489034522191
2,0.4769,10.460761080328341,0.22268073997781812
2,0.4769,10.510574228329904,0.2284140533818179
2,0.4769,10.560387376331468,0.22379470760996745
2,0.4769,10.610200524333031,0.220774095676764
2,0.4769,10.660013672334594,0.2243496172334865
2,0.4769,10.70982682033616,0.21633654442317526
2,0.4769,10.759639968337723,0.21121818100117926
2,0.4769,10.809453116339286,0.21599141810222885
2,0.4769,10.85926626434085,0.2151839707222597
2,0.4769,10.909079412342413,0.21027418440625845
2,0.4769,10.958892560343976,0.20621399408712732
2,0.4769,11.00870570834554,0.20573105666986918
2,0.4769,11.058518856347103,0.19093566757415253
2,0.4769,11.108332004348666,0.1857867817770005
2,0.4769,11.15814515235023,0.18551888433154823
2,0.4769,11.207958300351795,0.17645023588069253
2,0.4769,11.257771448353358,0.17503521515737872
2,0.4769,11.307584596354921,0.1711562348056652
2,0.4769,11.357397744356485,0.16554302088471062
2,0.4769,11.407210892358048,0.14943703674986858
2,0.4769,11.457024040359611,0.1431474726395179
2,0.4769,11.506837188361175,0.141926204363634
2,0.4769,11.556650336362738,0.1429736444361873
2,0.4769,11.606463484364301,0.1401630774772937
2,0.4769,11.656276632365866,0.14607090592673552
2,0.4769,11.70608978036743,0.15321669003752356
2,0.4769,11.755902928368993,0.1667404543635571
2,0.4769,11.805716076370556,0.17560259173501602
2,0.4769,11.85552922437212,0.19028334018879897
2,0.4769,11.905342372373683,0.20801502386392443
2,0.4769,11.955155520375246,0.22490315771770075
2,0.4769,12.00496866837681,0.24338340202654496
2,0.4769,12.054781816378373,0.2574839431531948
2,0.4769,12.104594964379938,0.2596957972998228
2,0.4769,12.154408112381502,0.26556644019453235
2,0.4769,12.204221260383065,0.27213376206830264
2,0.4769,12.254034408384628,0.2818302038227965
2,0.4769,12.303847556386192,0.2822710459565063
2,0.4769,12.353660704387755,0.2894909751992731
2,0.4769,12.403473852389318,0.2932463216978854
2,0.4769,12.453287000390882,0.3075674223649919
2,0.4769,12.503100148392445,0.3198543213030879
2,0.4769,12.55291329639401,0.33146138033430683
2,0.4769,12.602726444395573,0.34793279320764364
2,0.4769,12.652539592397137,0.35120518347003205
2,0.4769,12.7023527403987,0.36502401142903756
2,0.4769,12.752165888400263,0.37003106218092857
2,0.4769,12.801979036401827,0.3769555976892144
2,0.4769,12.85179218440339,0.38864892663964984
2,0.4769,12.901605332404953,0.39329214372707194
2,0.4769,12.951418480406517,0.3968172398240076
2,0.4769,13.001231628408082,0.39937838515611845
2,0.4769,13.051044776409645,0.4009940503829584
2,0.4769,13.100857924411208,0.3956875980703111
2,0.4769,13.150671072412772,0.391581205479908
2,0.4769,13.200484220414335,0.3926593321446386
2,0.4769,13.250297368415898,0.38472600259855416
2,0.4769,13.300110516417462,0.3733095860607398
2,0.4769,13.349923664419025,0.35675512407504406
2,0.4769,13.399736812420588,0.3452781481063823
2,0.4769,13.449549960422154,0.3423851088629939
2,0.4769,13.499363108423717,0.3206308563651059
2,0.4769,13.54917625642528,0.3043160898007147
2,0.4769,13.598989404426844,0.2907766557300799
2,0.4769,13.648802552428407,0.2776520764556549
2,0.4769,13.69861570042997,0.26983955689361433
2,0.4769,13.748428848431534,0.2624580896199638
2,0.4769,13.798241996433097,0.24653051310784543
2,0.4769,13.84805514443466,0.23079681543745081
2,0.4769,13.897868292436225,0.21448945367430305
2,0.4769,13.947681440437789,0.1939081104684904
2,0.4769,13.997494588439352,0.1781334240925791
2,0.4769,14.047307736440915,0.1695504691706089
2,0.4769,14.097120884442479,0.1609733337299977
2,0.4769,14.146934032444042,0.1538645436249672
2,0.4769,14.196747180445605,0.15402608124806544
2,0.4769,14.246560328447169,0.1520763054129112
2,0.4769,14.296373476448732,0.15354095852731608
2,0.4769,14.346186624450297,0.14708883396286246
2,0.4769,14.39599977245186,0.15674675224645437
2,0.4769,14.445812920453424,0.158795816368449
2,0.4769,14.495626068454987,0.1692568750643269
2,0.4769,14.54543921645655,0.17729382747475822
2,0.4769,14.595252364458114,0.1839033045027407
2,0.4769,14.645065512459677,0.19771806416447335
2,0.4769,14.69487866046124,0.205004517414138
2,0.4769,14.744691808462804,0.21679585819804156
2,0.4769,14.794504956464367,0.22917489221187703
2,0.4769,14.844318104465932,0.24060883306661235
2,0.4769,14.894131252467496,0.24943864088185663
2,0.4769,14.943944400469059,0.2592165649348235
2,0.4769,14.993757548470622,0.26396973978549215
2,0.4769,15.043570696472186,0.27231646350685446
2,0.4769,15.093383844473749,0.2765752059088851
2,0.4769,15.143196992475312,0.2789923195284775
2,0.4769,15.193010140476876,0.27213376206830264
2,0.4769,15.242823288478439,0.2677115244270764
2,0.4769,15.292636436480004,0.27792064212520357
2,0.4769,15.342449584481567,0.26854624106197256
2,0.4769,15.39226273248313,0.24843968356087093
2,0.4769,15.442075880484694,0.238949442004407
2,0.4769,15.491889028486257,0.22556561322526603
2,0.4769,15.54170217648782,0.21180604236902215
2,0.4769,15.591515324489384,0.2024410972262378
2,0.4769,15.641328472490947,0.19493137937025432
2,0.4769,15.69114162049251,0.18712051592547777
2,0.4769,15.740954768494076,0.1802153033865046
2,0.4769,15.79076791649564,0.18007726023841455
2,0.4769,15.840581064497202,0.17546091959276433
2,0.4769,15.890394212498766,0.16822526064336366
2,0.4769,15.94020736050033,0.1667404543635571
2,0.4769,15.990020508501892,0.17013613747478362
2,0.4769,16.039833656503458,0.1601990467311467
2,0.4769,16.08964680450502,0.16327416503504918
2,0.4769,16.139459952506584,0.16998990956854543
2,0.4769,16.189273100508146,0.16554302088471062
2,0.4769,16.23908624850971,0.1664419036238562
2,0.4769,16.288899396511272,0.1717364270960499
2,0.4769,16.338712544512838,0.17588559367807008
2,0.4769,16.3885256925144,0.1765911143349751
2,0.4769,16.438338840515964,0.17574414967153515
2,0.4769,16.48815198851753,0.17827297242897716
2,0.4769,16.53796513651909,0.17715350784258582
2,0.4769,16.587778284520656,0.16998990956854543
2,0.4769,16.637591432522218,0.1670384714992265
2,0.4769,16.687404580523783,0.1695504691706089
2,0.4769,16.737217728525344,0.17231466586040123
2,0.4769,16.78703087652691,0.1833616146530208
2,0.4769,16.83684402452847,0.18751878636383512
2,0.4769,16.886657172530036,0.19275043976088438
2,0.4769,16.9364703205316,0.19416443326441823
2,0.4769,16.986283468533163,0.20837336181061558
2,0.4769,17.036096616534728,0.21309362895428477
2,0.4769,17.08590976453629,0.21529950574842138
2,0.4769,17.135722912537855,0.22446043453697606
2,0.4769,17.185536060539416,0.235384397452053
2,0.4769,17.23534920854098,0.23453768824250043
2,0.4769,17.285162356542543,0.23068904199452672
2,0.4769,17.334975504544108,0.2360174359706574
2,0.4769,17.384788652545673,0.24833956681952524
2,0.4769,17.434601800547235,0.2549604813870103
2,0.4769,17.4844149485488,0.2557395832225151
2,0.4769,17.53422809655036,0.26396973978549215
2,0.4769,17.584041244551926,0.27331913839641453
2,0.4769,17.633854392553488,0.2859472888723746
2,0.4769,17.683667540555053,0.2960315701744915
2,0.4769,17.733480688556615,0.297790437814943
2,0.4769,17.78329383655818,0.3217148565569334
2,0.4769,17.833106984559745,0.3279920644561054
2,0.4769,17.882920132561306,0.32814366698994885
2,0.4769,17.93273328056287,0.3334809087271142
2,0.4769,17.982546428564433,0.3322107852708671
2,0.4769,18.032359576565998,0.3334809087271142
2,0.4769,18.08217272456756,0.33048461340403307
2,0.4769,18.131985872569125,0.33243527732392486
2,0.4769,18.181799020570686,0.33600675254496487
2,0.4769,18.23161216857225,0.3350432372090242
2,0.4769,18.281425316573817,0.33519165061041556
2,0.4769,18.331238464575378,0.33880747144215917
2,0.4769,18.381051612576943,0.34027227494956724
2,0.4769,18.430864760578505,0.33858720434458367
2,0.4769,18.48067790858007,0.33718883799923266
2,0.4769,18.53049105658163,0.3266244751871576
2,0.4769,18.580304204583197,0.31727827140480924
2,0.4769,18.630117352584758,0.3128582586436159
2,0.4769,18.679930500586323,0.3082942467476344
2,0.4769,18.72974364858789,0.3026773267314093
2,0.4769,18.77955679658945,0.307162887897715
2,0.4769,18.829369944591015,0.3078098878518914
2,0.4769,18.879183092592577,0.30861673035750364
2,0.4769,18.92899624059414,0.303251901156919
2,0.4769,18.978809388595703,0.30797142545831485
2,0.4769,19.02862253659727,0.30349781434869416
2,0.4769,19.07843568459883,0.29670284443817624
2,0.4769,19.128248832600395,0.2969541810731973
2,0.4769,19.17806198060196,0.3050506610204977
2,0.4769,19.22787512860352,0.29995379438613057
2,0.4769,19.277688276605087,0.30028523514402433
2,0.4769,19.32750142460665,0.29987087695693443
2,0.4769,19.377314572608213,0.29829106653118653
2,0.4769,19.427127720609775,0.3020193317646116
2,0.4769,19.47694086861134,0.3116636828470273
2,0.4769,19.5267540166129,0.29146003306679824
2,0.4769,19.576567164614467,0.28863067322213687
2,0.4769,19.626380312616032,0.28811325899091605
2,0.4769,19.676193460617593,0.2983744229856657
2,0.4769,19.72600660861916,0.29995379438613057
2,0.4769,19.77581975662072,0.3007817114849227
2,0.4769,19.825632904622285,0.3134141691747984
2,0.4769,19.875446052623847,0.3036616458393566
2,0.4769,19.925259200625412,0.312221720326735
2,0.4769,19.975072348626973,0.3164935106893373
2,0.4769,20.02488549662854,0.3119029640207368
2,0.4769,20.074698644630104,0.29619953136257204
2,0.4769,20.124511792631665,0.2894909751992731
2,0.4769,20.17432494063323,0.2806807738882166
2,0.4769,20.224138088634792,0.2785462883567092
2,0.4769,20.273951236636357,0.26817557664643926
2,0.4769,20.32376438463792,0.266967363086463
2,0.4769,20.373577532639484,0.2605561943470863
2,0.4769,20.423390680641045,0.26131861351684527
2,0.4769,20.47320382864261,0.25476533364974047
2,0.4769,20.523016976644175,0.25476533364974047
2,0.4769,20.572830124645737,0.25260875874740923
2,0.4769,20.622643272647302,0.2560311351886219
2,0.4769,20.672456420648864,0.2519187042636836
2,0.4769,20.72226956865043,0.24993662229367053
2,0.4769,20.77208271665199,0.2517211983891322
2,0.4769,20.821895864653555,0.24389374731754787
2,0.4769,20.871709012655117,0.22928337737402962
2,0.4769,20.921522160656682,0.2214489034522191
2,0.4769,20.971335308658247,0.20896922622921968
2,0.4769,21.02114845665981,0.20366579743129487
2,0.4769,21.070961604661374,0.19884681585178263
2,0.4769,21.120774752662935,0.19236300129927708
2,0.4769,21.1705879006645,0.1860542934803904
2,0.4769,21.220401048666062,0.18444340347622257
2,0.4769,21.270214196667627,0.1781334240925791
2,0.4769,21.32002734466919,0.1779937663493596
2,0.4769,21.369840492670754,0.17588559367807008
2,0.4769,21.41965364067232,0.17687253461603553
2,0.4769,21.46946678867388,0.17588559367807008
2,0.4769,21.519279936675446,0.16629242725457108
2,0.4769,21.569093084677007,0.15674675224645437
2,0.4769,21.618906232678572,0.16403393724005275
2,0.4769,21.668719380680134,0.158795816368449
2,0.4769,21.7185325286817,0.16159009205707534
2,0.4769,21.76834567668326,0.16327416503504918
2,0.4769,21.818158824684826,0.15305429816355484
2,0.4769,21.86797197268639,0.14538832786503994
2,0.4769,21.917785120687952,0.14910384338825453
2,0.4769,21.967598268689517,0.14641100162791612
2,0.4769,22.01741141669108,0.14809976568128602
2,0.4769,22.067224564692644,0.1528917338073649
2,0.4769,22.117037712694206,0.15816816246406007
2,0.4769,22.16685086069577,0.15450968080927585
2,0.4769,22.216664008697332,0.1618975901316833
2,0.4769,22.266477156698897,0.16763291633704513
2,0.4769,22.31629030470046,0.17771412161051803
2,0.4769,22.366103452702024,0.18131586508747555
2,0.4769,22.41591660070359,0.18417355197329555
2,0.4769,22.46572974870515,0.18778383071712557
2,0.4769,22.515542896706716,0.18430852711195
2,0.4769,22.565356044708277,0.1905445391315076
2,0.4769,22.615169192709843,0.19683567120553447
2,0.4769,22.664982340711404,0.2014559765517849
2,0.4769,22.71479548871297,0.19934643175451527
2,0.4769,22.76460863671453,0.1898908681170781
2,0.4769,22.814421784716096,0.1935229897100384
2,0.4769,22.86423493271766,0.19416443326441823
2,0.4769,22.914048080719223,0.19569531977410015
2,0.4769,22.963861228720788,0.19569531977410015
2,0.4769,23.01367437672235,0.19365144839641102
2,0.4769,23.063487524723914,0.19467606638659407
2,0.4769,23.113300672725476,0.20427539411761347
2,0.4769,23.16311382072704,0.2068160800226783
2,0.4769,23.212926968728603,0.207656067558741
2,0.4769,23.262740116730168,0.20980059329957174
2,0.4769,23.312553264731733,0.21529950574842138
2,0.4769,23.362366412733294,0.21828195318930096
2,0.4769,23.41217956073486,0.22334978727405574
2,0.4769,23.46199270873642,0.21679585819804156
2,0.4769,23.511805856737986,0.21656632308000456
2,0.4769,23.561619004739548,0.21850968611841584
2,0.4769,23.611432152741113,0.21587625338164362
2,0.4769,23.661245300742674,0.21379268046217975
2,0.4769,23.71105844874424,0.21576102719068474
2,0.4769,23.760871596745805,0.205972666919505
2,0.4769,23.810684744747366,0.21816799758080918
2,0.4769,23.86049789274893,0.21896444142013896
2,0.4769,23.910311040750493,0.21587625338164362
2,0.4769,23.960124188752058,0.2265556645664289
2,0.4769,24.00993733675362,0.24913937425834398
2,0.4769,24.059750484755185,0.2637812572625053
2,0.4769,24.109563632756746,0.2691936756807793
2,0.4769,24.15937678075831,0.2657536566014258
2,0.4769,24.209189928759876,0.26752567815377404
2,0.4769,24.259003076761438,0.260651618702729
2,0.4769,24.308816224763003,0.2591206121035016
2,0.4769,24.358629372764565,0.2559339881029055
2,0.4769,24.40844252076613,0.25211605541362436
2,0.4769,24.45825566876769,0.24194870841975527
2,0.4769,24.508068816769256,0.23358147171531046
2,0.4769,24.557881964770818,0.23047334391838042
2,0.4769,24.607695112772383,0.22412781824971986
2,0.4769,24.657508260773948,0.22390579955406925
2,0.4769,24.70732140877551,0.21919146526693487
2,0.4769,24.757134556777075,0.22054870093124676
2,0.4769,24.806947704778636,0.21239227665479998
2,0.4769,24.8567608527802,0.20705642418282824
2,0.4769,24.906574000781763,0.20083782235886805
2,0.4769,24.956387148783328,0.19093566757415253
2,0.4769,25.00620029678489,0.18295429475422065
2,0.4769,25.056013444786455,0.18213692226102027
2,0.4769,25.10582659278802,0.17645023588069253
2,0.4769,25.15563974078958,0.1738949084575512
2,0.4769,25.205452888791147,0.17144657637959537
2,0.4769,25.255266036792708,0.16822526064336366
2,0.4769,25.305079184794273,0.16584318980008847
2,0.4769,25.354892332795835,0.16403393724005275
2,0.4769,25.4047054807974,0.16584318980008847
2,0.4769,25.45451862879896,0.15722198351044933
2,0.4769,25.504331776800527,0.15337890997712425
2,0.4769,25.55414492480209,0.1519126944936625
2,0.4769,25.603958072803653,0.14776355692598697
2,0.4769,25.65377122080522,0.14470253004190178
2,0.4769,25.70358436880678,0.1467503091551159
2,0.4769,25.753397516808345,0.13998554342570385
2,0.4769,25.803210664809907,0.13837748765873611
2,0.4769,25.85302381281147,0.1354715998845669
2,0.4769,25.902836960813033,0.1328768283007129
2,0.4769,25.9526501088146,0.1277238492487573
2,0.4769,26.002463256816164,0.12927207364566026
2,0.4769,26.052276404817725,0.1309919551044833
2,0.4769,26.10208955281929,0.13137109324934235
2,0.4769,26.151902700820852,0.1323141857100307
2,0.4769,26.201715848822417,0.134365690773303
2,0.4769,26.25152899682398,0.1354715998845669
2,0.4769,26.301342144825544,0.1387364441312235
2,0.4769,26.351155292827105,0.14691966906047096
2,0.4769,26.40096844082867,0.15402608124806544
2,0.4769,26.450781588830235,0.1565880213173892
2,0.4769,26.500594736831797,0.16296926436742615
2,0.4769,26.550407884833362,0.16984355576649363
2,0.4769,26.600221032834924,0.17743403613840708
2,0.4769,26.65003418083649,0.1839033045027407
2,0.4769,26.69984732883805,0.18778383071712557
2,0.4769,26.749660476839615,0.19696196937137253
2,0.4769,26.799473624841177,0.19947114020071635
2,0.4769,26.849286772842742,0.2041536203994191
2,0.4769,26.899099920844307,0.20476176479209
2,0.4769,26.94891306884587,0.2082539843377348
2,0.4769,26.998726216847434,0.2214489034522191
2,0.4769,27.048539364848995,0.22906635567147188
2,0.4769,27.09835251285056,0.23675384161651292
2,0.4769,27.148165660852122,0.24081545296992335
2,0.4769,27.197978808853687,0.24276957153588563
2,0.4769,27.24779195685525,0.24358766845110866
2,0.4769,27.297605104856814,0.23780189384725064
2,0.4769,27.34741825285838,0.23496142424875024
2,0.4769,27.39723140085994,0.23208619315388695
2,0.4769,27.447044548861506,0.23068904199452672
2,0.4769,27.496857696863067,0.21110041228223764
2,0.4769,27.546670844864632,0.19197478092113301
2,0.4769,27.596483992866194,0.17101087916602198
2,0.4769,27.64629714086776,0.15531233390289836
2,0.4769,27.69611028886932,0.15531233390289836
2,0.4769,27.745923436870886,0.15354095852731608
2,0.4769,27.79573658487245,0.1522397405008208
2,0.4769,27.845549732874012,0.14573001653339912
2,0.4769,27.895362880875577,0.14487428384721598
2,0.4769,27.94517602887714,0.1462410526424555
2,0.4769,27.994989176878704,0.13638634086251186
2,0.4769,28.044802324880266,0.13174914034239402
2,0.4769,28.09461547288183,0.13023036751553033
2,0.4769,28.144428620883392,0.1243698960027851
2,0.4769,28.194241768884957,0.12356750120026994
2,0.4769,28.244054916886522,0.12174277832969294
2,0.4769,28.293868064888084,0.11173055020347185
2,0.4769,28.34368121288965,0.11415257756901039
2,0.4769,28.39349436089121,0.11716276644769008
2,0.4769,28.443307508892776,0.11083669144243558
2,0.4769,28.493120656894337,0.10948222071006948
2,0.4769,28.542933804895902,0.10316727591281308
2,0.4769,28.592746952897464,0.10023300745101832
2,0.4769,28.64256010089903,0.0982281447699495
2,0.4769,28.692373248900594,0.09487993185408246
2,0.4769,28.742186396902156,0.10388789428234242
2,0.4769,28.79199954490372,0.09848098468568627
2,0.4769,28.841812692905282,0.09618150064963854
2,0.4769,28.891625840906848,0.0972102090630469
2,0.4769,28.94143898890841,0.09382567766752586
2,0.4769,28.991252136909974,0.09003863011920728
2,0.4769,29.041065284911536,0.0869474542287756
2,0.4769,29.0908784329131,0.08666097089895088
2,0.4769,29.140691580914662,0.0916808073265104
2,0.4769,29.190504728916228,0.09540269025592395
2,0.4769,29.240317876917793,0.10902699120940618
2,0.4769,29.290131024919354,0.11523667195919021
2,0.4769,29.33994417292092,0.11128451828236535
2,0.4769,29.38975732092248,0.11393452087024686
2,0.4769,29.439570468924046,0.11716276644769008
2,0.4769,29.489383616925608,0.11863922319237215
2,0.4769,29.539196764927173,0.12733385185207757
2,0.4769,29.589009912928734,0.14366769533277193
2,0.4769,29.6388230609303,0.15769578262626002
2,0.4769,29.688636208931865,0.1826822436078061
2,0.4769,29.738449356933426,0.21896444142013896
2,0.4769,29.78826250493499,0.25622531886097216
2,0.4769,29.838075652936553,0.28802693291886866
2,0.4769,29.887888800938118,0.31142421782293
2,0.4769,29.93770194893968,0.34585385196279456
2,0.4769,29.987515096941245,0.4208439260693325
2,0.4769,30.037328244942806,0.4557926465561282
2,0.4769,30.08714139294437,0.3954361283289467
2,0.4769,30.136954540945936,0.373709061387516
2,0.4769,30.186767688947498,0.31086474873907816
2,0.4769,30.236580836949063,0.30243074638357065
2,0.4769,30.286393984950625,0.3648877321592406
2,0.4769,30.33620713295219,0.37217541080741107
2,0.4769,30.38602028095375,0.37123878236741126
2,0.4769,30.435833428955316,0.36215137759183663
2,0.4769,30.485646576956878,0.355707997883175
2,0.4769,30.535459724958443,0.34027227494956724
2,0.4769,30.585272872960008,0.32264110086292913
2,0.4769,30.63508602096157,0.3082135731241813
2,0.4769,30.684899168963135,0.29375469478399324
2,0.4769,30.734712316964696,0.2458233968832178
2,0.4769,30.78452546496626,0.2128601016195237
2,0.4769,30.834338612967823,0.1906750044252126
2,0.4769,30.884151760969388,0.15450968080927585
2,0.4769,30.93396490897095,0.2592165649348235
2,0.4769,30.983778056972515,0.3138106451956502
2,0.4769,31.03359120497408,0.39825600808401745
2,0.4769,31.08340435297564,0.3562668481851582
2,0.4769,31.133217500977207,0.3705011989410557
2,0.4769,31.183030648978768,0.3665875817225935
2,0.4769,31.232843796980333,0.35177118735614016
2,0.4769,31.282656944981895,0.3727095702653675
2,0.4769,31.33247009298346,0.3841438191589404
2,0.4769,31.38228324098502,0.3849198680694611
2,0.4769,31.432096388986587,0.3490032483874844
2,0.4769,31.48190953698815,0.29069112060373153
2,0.4769,31.531722684989713,0.2871622448886488
2,0.4769,31.58153583299128,0.2451142407474329
2,0.4769,31.63134898099284,0.22501370240745164
2,0.4769,31.681162128994405,0.19972032348363117
2,0.4769,31.730975276995967,0.19041398444736776
2,0.4769,31.78078842499753,0.18007726023841455
2,0.4769,31.830601572999093,0.2933311117305083
2,0.4769,31.88041472100066,0.28733539066554387
2,0.4769,31.930227869002223,0.2835894606312501
2,0.4769,31.980041017003785,0.7342258738318062
2,0.4769,32.02985416500535,0.7598580735805646
2,0.4769,32.079667313006915,0.3858877344906866
2,0.4769,32.12948046100848,0.3910728233045198
2,0.4769,32.17929360901004,0.4123073775595469
2,0.4769,32.2291067570116,0.412247059019606
2,0.4769,32.27891990501317,0.4290948319304678
2,0.4769,32.32873305301473,0.44697784005478947
2,0.4769,32.37854620101629,0.47387517081898384
2,0.4769,32.42835934901786,0.4998234935800432
2,0.4769,32.47817249701942,0.6288879340417973
2,0.4769,32.52798564502098,0.8483095085957413
2,0.4769,32.577798793022545,0.6602916569458991
2,0.4769,32.627611941024114,0.4000005671584367
2,0.4769,32.677425089025675,0.3963155743392054
2,0.4769,32.72723823702724,0.40247967714621286
2,0.4769,32.7770513850288,0.4921523433023338
2,0.4769,32.82686453303037,0.4778468451472224
2,0.4769,32.87667768103193,0.50190878988382
2,0.4769,32.92649082903349,0.49972397670626834
2,0.4769,32.97630397703506,0.5032447746325625
2,0.4769,33.02611712503662,0.4826109323575727
2,0.4769,33.07593027303818,0.511770801458622
2,0.4769,33.12574342103974,0.5568246793299473
2,0.4769,33.17555656904131,0.7725484040463793
2,0.4769,33.225369717042874,0.7895820119802526
2,0.4769,33.275182865044435,0.8170407054921246
2,0.4769,33.324996013046004,0.8166753843446453
2,0.4769,33.374809161047565,0.8182572646910734
2,0.4769,33.42462230904913,0.8139302492351629
2,0.4769,33.47443545705069,0.6981489907025074
2,0.4769,33.52424860505226,0.6765498275429148
2,0.4769,33.57406175305382,0.6808733418741414
2,0.4769,33.62387490105538,0.8089040485660551
2,0.4769,33.67368804905694,0.6996078801209249
2,0.4769,33.72350119705851,0.7755041851650445
2,0.4769,33.77331434506007,0.819775424860692
2,0.4769,33.823127493061634,0.7578590903874396
2,0.4769,33.8729406410632,0.7398604817103611
2,0.4769,33.922753789064764,0.7259146433247661
2,0.4769,33.972566937066325,0.6994656833958544
2,0.4769,34.02238008506789,0.6142043235337148
2,0.4769,34.072193233069456,0.6762924794128161
2,0.4769,34.12200638107102,0.5422992654263814
2,0.4769,34.17181952907258,0.47795091720446153
2,0.4769,34.22163267707415,0.45278191336475415
2,0.4769,34.27144582507571,0.4256617853721187
2,0.4769,34.32125897307727,0.3365983141870188
2,0.4769,34.37107212107883,0.3062710312530159
2,0.4769,34.4208852690804,0.2939239570825581
2,0.4769,34.47069841708196,0.5045772220654796
2,0.4769,34.520511565083524,0.5867893763484239
2,0.4769,34.570324713085085,0.5397712642384744
2,0.4769,34.620137861086654,0.516318244572981
2,0.4769,34.669951009088216,0.4851804901444992
2,0.4769,34.71976415708978,0.457209000969208
2,0.4769,34.769577305091346,0.4319252653591025
2,0.4769,34.81939045309291,0.3495016721319509
2,0.4769,34.86920360109447,0.5329557556676886
2,0.4769,34.91901674909603,0.3513467699234637
2,0.4769,34.9688298970976,0.35911730649489937
2,0.4769,35.01864304509916,0.3698293920439499
2,0.4769,35.06845619310072,0.42706160866948556
2,0.4769,35.11826934110229,0.4362219948996696
2,0.4769,35.16808248910385,0.48101091309848976
2,0.4769,35.217895637105414,0.4928592414615001
2,0.4769,35.267708785106976,0.48880605388713
2,0.4769,35.317521933108544,0.4655632482523454
2,0.4769,35.367335081110106,0.4422235139883071
2,0.4769,35.41714822911167,0.4432906707779609
2,0.4769,35.46696137711323,0.4524522577598109
2,0.4769,35.5167745251148,0.4775344928891067
2,0.4769,35.56658767311636,0.5361656609292841
2,0.4769,35.61640082111792,0.5753627391751592
2,0.4769,35.66621396911949,0.5481374745496504
2,0.4769,35.71602711712105,0.5226372270336905
2,0.4769,35.76584026512261,0.49647881940076044
2,0.4769,35.815653413124174,0.4429539516478855
2,0.4769,35.86546656112574,0.40958424921229697
2,0.4769,35.915279709127304,0.3867245926840772
2,0.4769,35.965092857128866,0.3651602398388666
2,0.4769,36.014906005130435,0.34151241812638317
2,0.4769,36.064719153131996,0.32341094471771514
2,0.4769,36.11453230113356,0.29854106607209235
2,0.4769,36.16434544913512,0.2827112006694485
2,0.4769,36.21415859713669,0.2605561943470863
2,0.4769,36.26397174513825,0.24703435690567135
2,0.4769,36.31378489313981,0.2393653682408596
2,0.4769,36.36359804114137,0.23411318529137026
2,0.4769,36.41341118914294,0.23517300594335577
2,0.4769,36.4632243371445,0.23496142424875024
2,0.4769,36.513037485146064,0.23208619315388695
2,0.4769,36.56285063314763,0.2297168056954183
2,0.4769,36.612663781149195,0.2284140533818179
2,0.4769,36.662476929150756,0.22490315771770075
2,0.4769,36.71229007715232,0.22412781824971986
2,0.4769,36.762103225153886,0.22167338288487115
2,0.4769,36.81191637315545,0.21919146526693487
2,0.4769,36.86172952115701,0.21215797732627603
2,0.4769,36.91154266915858,0.20021775967998232
2,0.4769,36.96135581716014,0.19784379903515556
2,0.4769,37.0111689651617,0.18936630670579357
2,0.4769,37.06098211316326,0.196456289539899
2,0.4769,37.11079526116483,0.19847127856504604
2,0.4769,37.16060840916639,0.20753627748960946
2,0.4769,37.210421557167955,0.21448945367430305
2,0.4769,37.260234705169516,0.22200967645301262
2,0.4769,37.310047853171085,0.23176452121391378
2,0.4769,37.359861001172646,0.24225685803530186
2,0.4769,37.40967414917421,0.24843968356087093
2,0.4769,37.45948729717578,0.24194870841975527
2,0.4769,37.50930044517734,0.23967683924866623
2,0.4769,37.5591135931789,0.23832419162963744
2,0.4769,37.60892674118046,0.23453768824250043
2,0.4769,37.65873988918203,0.23570112923576483
2,0.4769,37.70855303718359,0.23453768824250043
2,0.4769,37.75836618518515,0.25622531886097216
2,0.4769,37.80817933318672,0.2635926399646917
2,0.4769,37.85799248118828,0.2693783711918257
2,0.4769,37.907805629189845,0.28525070491715093
2,0.4769,37.957618777191406,0.2877677993235202
2,0.4769,38.007431925192975,0.27783114908082074
2,0.4769,38.05724507319454,0.27341010832351204
2,0.4769,38.1070582211961,0.2683609728501569
2,0.4769,38.15687136919766,0.2640639305966202
2,0.4769,38.20668451719923,0.26556644019453235
2,0.4769,38.25649766520079,0.25388531259649033
2,0.4769,38.30631081320235,0.24572221416772191
2,0.4769,38.35612396120392,0.24541841572371692
2,0.4769,38.40593710920548,0.2516223873162812
2,0.4769,38.45575025720704,0.23769729657196959
2,0.4769,38.505563405208605,0.21576102719068474
2,0.4769,38.55537655321017,0.18884028817105689
2,0.4769,38.605189701211735,0.16866815371514654
2,0.4769,38.6550028492133,0.16494104426967493
2,0.4769,38.70481599721486,0.1528917338073649
2,0.4769,38.75462914521643,0.1298478986499114
2,0.4769,38.80444229321799,0.12174277832969294
2,0.4769,38.85425544121955,0.11083669144243558
2,0.4769,38.90406858922112,0.11283791670955126
2,0.4769,38.95388173722268,0.11480426265952665
2,0.4769,39.00369488522424,0.11217480861674325
2,0.4769,39.0535080332258,0.10948222071006948
2,0.4769,39.10332118122737,0.10741849642478903
2,0.4769,39.15313432922893,0.10879866218138767
2,0.4769,39.202947477230495,0.10856985296454767
2,0.4769,39.252760625232064,0.10578554691520431
2,0.4769,39.302573773233625,0.10764975287421069
2,0.4769,39.35238692123519,0.11609665905225218
2,0.4769,39.40220006923675,0.11989028650389821
2,0.4769,39.45201321723832,0.11588226060695689
2,0.4769,39.50182636523988,0.11480426265952665
2,0.4769,39.55163951324144,0.12674660574681354
2,0.4769,39.601452661243,0.1347353357379545
2,0.4769,39.65126580924457,0.14175087853467358
2,0.4769,39.70107895724613,0.14793175681757995
2,0.4769,39.750892105247694,0.1519126944936625
2,0.4769,39.80070525324926,0.15483124136690482
2,0.4769,39.850518401250824,0.15785339963974443
2,0.4769,39.900331549252385,0.16984355576649363
2,0.4769,39.95014469725395,0.16896277080205785
2,0.4769,39.999957845255516,0.1779937663493596
2,0.4769,40.04977099325708,0.1811786604782788
2,0.4769,40.09958414125864,0.18857672867322567
2,0.4769,40.14939728926021,0.19403631419189682
2,0.4769,40.19921043726177,0.19569531977410015
2,0.4769,40.24902358526333,0.1963296660723193
2,0.4769,40.29883673326489,0.19262138019518527
2,0.4769,40.34864988126646,0.18712051592547777
2,0.4769,40.39846302926802,0.1833616146530208
2,0.4769,40.448276177269584,0.18538479043305078
2,0.4769,40.498089325271145,0.18131586508747555
2,0.4769,40.547902473272714,0.18430852711195
2,0.4769,40.597715621274276,0.19300829999626118
2,0.4769,40.64752876927584,0.1906750044252126
2,0.4769,40.697341917277406,0.19326581618816918
2,0.4769,40.74715506527897,0.1958223534257607
2,0.4769,40.79696821328053,0.19909678052099483
2,0.4769,40.84678136128209,0.196456289539899
2,0.4769,40.89659450928366,0.20133249754750746
2,0.4769,40.94640765728522,0.2024410972262378
2,0.4769,40.99622080528678,0.20753627748960946
2,0.4769,41.04603395328835,0.20896922622921968
2,0.4769,41.09584710128991,0.20908819534004067
2,0.4769,41.145660249291474,0.21850968611841584
2,0.4769,41.195473397293036,0.22501370240745164
2,0.4769,41.245286545294604,0.2258961124695132
2,0.4769,41.295099693296166,0.22906635567147188
2,0.4769,41.34491284129773,0.22490315771770075
2,0.4769,41.39472598929929,0.22775988291183907
2,0.4769,41.44453913730086,0.22556561322526603
2,0.4769,41.49435228530242,0.23079681543745081
2,0.4769,41.54416543330398,0.23517300594335577
2,0.4769,41.59397858130555,0.23506723890137782
2,0.4769,41.64379172930711,0.2354900220467574
2,0.4769,41.69360487730867,0.23978057300779643
2,0.4769,41.743418025310234,0.23326186179815536
2,0.4769,41.7932311733118,0.23208619315388695
2,0.4769,41.843044321313364,0.22993321347369325
2,0.4769,41.892857469314926,0.23926145446637684
2,0.4769,41.942670617316494,0.25398324328965843
2,0.4769,41.992483765318056,0.25902462372750806
2,0.4769,42.04229691331962,0.2627421864986847
2,0.4769,42.09211006132118,0.27140172641255955
2,0.4769,42.14192320932275,0.28085791544822203
2,0.4769,42.19173635732431,0.2828870707957393
2,0.4769,42.24154950532587,0.28103494535262524
2,0.4769,42.29136265332743,0.28802693291886866
2,0.4769,42.341175801329,0.29214181185347105
2,0.4769,42.39098894933056,0.30407083837890136
2,0.4769,42.440802097332124,0.3057834676147298
2,0.4769,42.49061524533369,0.31396909541791324
2,0.4769,42.540428393335254,0.32532758437628745
2,0.4769,42.590241541336816,0.32132813342573524
2,0.4769,42.64005468933838,0.3235646936898979
2,0.4769,42.689867837339946,0.34405157887240856
2,0.4769,42.73968098534151,0.3604306067730092
2,0.4769,42.78949413334307,0.37662560060443545
2,0.4769,42.83930728134464,0.38743129159057843
2,0.4769,42.8891204293462,0.4009940503829584
2,0.4769,42.93893357734776,0.409948378117414
2,0.4769,42.98874672534932,0.4142329332886869
2,0.4769,43.03855987335089,0.4213754067181612
2,0.4769,43.08837302135245,0.4141128483656565
2,0.4769,43.138186169354015,0.3889047850785804
2,0.4769,43.187999317355576,0.39360816799961973
2,0.4769,43.237812465357145,0.4041444795466809
2,0.4769,43.287625613358706,0.4290948319304678
2,0.4769,43.33743876136027,0.441548191353528
2,0.4769,43.38725190936184,0.44991687370558175
2,0.4769,43.4370650573634,0.4534405055868326
2,0.4769,43.48687820536496,0.4571546069411803
2,0.4769,43.53669135336652,0.4683325804901024
2,0.4769,43.58650450136809,0.4786787880537564
2,0.4769,43.63631764936965,0.4938673407792113
2,0.4769,43.68613079737121,0.5104084124243509
2,0.4769,43.73594394537278,0.5221611933917564
2,0.4769,43.78575709337434,0.5251056454721361
2,0.4769,43.835570241375905,0.5325356459636023
2,0.4769,43.885383389377466,0.5343537359191975
2,0.4769,43.935196537379035,0.5427118172284797
2,0.4769,43.9850096853806,0.5362584151313324
2,0.4769,44.03482283338216,0.5410137590948486
2,0.4769,44.08463598138372,0.553060490592789
2,0.4769,44.13444912938529,0.5612286339477025
2,0.4769,44.18426227738685,0.5698908279196104
2,0.4769,44.23407542538841,0.5859411692320723
2,0.4769,44.28388857338998,0.613556172108185
2,0.4769,44.33370172139154,0.5948706319704192
2,0.4769,44.3835148693931,0.5962485674041668
2,0.4769,44.433328017394665,0.6065448030779419
2,0.4769,44.48314116539623,0.6109159856727393
2,0.4769,44.532954313397795,0.6121359482516782
2,0.4769,44.58276746139936,0.6159428509166297
2,0.4769,44.63258060940092,0.6132318394981779
2,0.4769,44.68239375740249,0.6134345674747226
2,0.4769,44.73220690540405,0.6130696088499691
2,0.4769,44.78202005340561,0.6127044328369171
2,0.4769,44.83183320140718,0.6114449349751827
2,0.4769,44.88164634940874,0.6118515078873039
2,0.4769,44.9314594974103,0.601025777233295
2,0.4769,44.98127264541186,0.5963319763109753
2,0.4769,45.03108579341343,0.5909700739016129
2,0.4769,45.08089894141499,0.5815533114601598
2,0.4769,45.130712089416555,0.5734578460215091
2,0.4769,45.180525237418124,0.5698471898914504
2,0.4769,45.230338385419685,0.5612729420545056
2,0.4769,45.28015153342125,0.543352941866947
2,0.4769,45.32996468142281,0.5008175747004929
2,0.4769,45.37977782942438,0.4926573740594374
2,0.4769,45.42959097742594,0.46229346417679945
2,0.4769,45.4794041254275,0.44413135173562995
2,0.4769,45.52921727342906,0.4373606603577552
2,0.4769,45.57903042143063,0.42001584164579175
2,0.4769,45.62884356943219,0.38698172342570686
2,0.4769,45.67865671743375,0.3678742143013387
2,0.4769,45.72846986543532,0.35120518347003205
2,0.4769,45.778283013436884,0.3396138952132376
2,0.4769,45.828096161438445,0.3194653459417436
2,0.4769,45.87790930944001,0.30036803818851665
2,0.4769,45.927722457441575,0.2874219244397284
2,0.4769,45.97753560544314,0.27331913839641453
2,0.4769,46.0273487534447,0.25388531259649033
2,0.4769,46.07716190144627,0.23811540999374176
2,0.4769,46.12697504944783,0.2234611004069437
2,0.4769,46.17678819744939,0.21262631780201038
2,0.4769,46.22660134545095,0.1985965365633558
2,0.4769,46.27641449345252,0.1913259964331453
2,0.4769,46.32622764145408,0.18035324087580493
2,0.4769,46.376040789455644,0.17475083606597544
2,0.4769,46.425853937457205,0.17260305880839472
2,0.4769,46.475667085458774,0.16822526064336366
2,0.4769,46.525480233460335,0.16554302088471062
2,0.4769,46.5752933814619,0.15895234259311308
2,0.4769,46.625106529463466,0.15910871483220082
2,0.4769,46.67491967746503,0.16539273213753836
2,0.4769,46.72473282546659,0.16159009205707534
2,0.4769,46.77454597346815,0.1641854697779002
2,0.4769,46.82435912146972,0.16433686258994357
2,0.4769,46.87417226947128,0.16910988686893783
2,0.4769,46.92398541747284,0.16763291633704513
2,0.4769,46.97379856547441,0.16807737027574957
2,0.4769,47.02361171347597,0.16852065202211886
2,0.4769,47.073424861477534,0.16614281640354062
2,0.4769,47.123238009479095,0.16807737027574957
2,0.4769,47.173051157480664,0.1667404543635571
2,0.4769,47.222864305482226,0.16479020652045634
2,0.4769,47.27267745348379,0.17013613747478362
2,0.4769,47.32249060148535,0.16763291633704513
2,0.4769,47.37230374948692,0.16852065202211886
2,0.4769,47.42211689748848,0.17531913296791737
2,0.4769,47.47193004549004,0.17517723158249213
2,0.4769,47.52174319349161,0.1802153033865046
2,0.4769,47.57155634149317,0.17827297242897716
2,0.4769,47.62136948949473,0.1851163112328941
2,0.4769,47.671182637496294,0.18712051592547777
2,0.4769,47.72099578549786,0.2032991620351067
2,0.4769,47.770808933499424,0.21227515931661167
2,0.4769,47.820622081500986,0.21782577306019438
2,0.4769,47.870435229502554,0.23304854500749259
2,0.4769,47.920248377504116,0.24174305712172028
2,0.4769,47.97006152550568,0.24521567432957203
2,0.4769,48.01987467350724,0.2436897374555676
2,0.4769,48.06968782150881,0.25073133533983877
2,0.4769,48.11950096951037,0.2585441472913205
2,0.4769,48.16931411751193,0.2591206121035016
2,0.4769,48.21912726551349,0.262363322298001
2,0.4769,48.26894041351506,0.26752567815377404
2,0.4769,48.31875356151662,0.262363322298001
2,0.4769,48.368566709518184,0.2668741970172897
2,0.4769,48.41837985751975,0.27103496715526015
2,0.4769,48.468193005521314,0.27112670348117535
2,0.4769,48.518006153522876,0.2789923195284775
2,0.4769,48.56781930152444,0.27449939593753064
2,0.4769,48.617632449526006,0.2797044899775651
2,0.4769,48.66744559752757,0.2926521036167794
2,0.4769,48.71725874552913,0.2972889660510766
2,0.4769,48.7670718935307,0.30333389437219505
2,0.4769,48.81688504153226,0.3062710312530159
2,0.4769,48.86669818953382,0.3086972986215985
2,0.4769,48.91651133753538,0.32341094471771514
2,0.4769,48.96632448553695,0.32517466893452507
2,0.4769,49.01613763353851,0.3273849522938528
2,0.4769,49.065950781540074,0.3395406631056017
2,0.4769,49.115763929541636,0.3466438835958035
2,0.4769,49.165577077543205,0.3460694939988951
2,0.4769,49.215390225544766,0.35113436883407284
2,0.4769,49.26520337354633,0.35339339893017474
2,0.4769,49.315016521547896,0.3671298713411221
2,0.4769,49.36482966954946,0.38187133514830507
2,0.4769,49.41464281755102,0.382066649116483
2,0.4769,49.46445596555258,0.38627420202318963
2,0.4769,49.51426911355415,0.39335536889325917
2,0.4769,49.56408226155571,0.4029736689579723
2,0.4769,49.61389540955727,0.4148927790861491
2,0.4769,49.66370855755884,0.41200569655218316
2,0.4769,49.7135217055604,0.41212639545518326
2,0.4769,49.763334853561965,0.41758129091837654
2,0.4769,49.813148001563526,0.41894875662607095
2,0.4769,49.862961149565095,0.4175217342909727
2,0.4769,49.912774297566656,0.41471292526117315
2,0.4769,49.96258744556822,0.41399272861015907
2,0.4769,50.01240059356978,0.41829530903615497
2,0.4769,50.06221374157135,0.4165676702408411
2,0.4769,50.11202688957291,0.41477288520152283
2,0.4769,50.16184003757447,0.41405279284386076
2,0.4769,50.21165318557604,0.40867250752535056
2,0.4769,50.2614663335776,0.4066594804703593
2,0.4769,50.31127948157916,0.4058637284854507
2,0.4769,50.361092629580725,0.40340541557032056
2,0.4769,50.41090577758229,0.40037341226081474
2,0.4769,50.460718925583855,0.39819356104198966
2,0.4769,50.510532073585416,0.3932289083952496
2,0.4769,50.560345221586985,0.3831715477462718
2,0.4769,50.61015836958855,0.3813500088504252
2,0.4769,50.65997151759011,0.37457312973496776
2,0.4769,50.70978466559167,0.3758324254159786
2,0.4769,50.75959781359324,0.37130576275268656
2,0.4769,50.8094109615948,0.3609821458971196
2,0.4769,50.85922410959636,0.3600163979327362
2,0.4769,50.90903725759792,0.3551482681927748
2,0.4769,50.95885040559949,0.35254795896562363
2,0.4769,51.00866355360105,0.3407104879771845
2,0.4769,51.058476701602615,0.3313112959343396
2,0.4769,51.10828984960418,0.32555682286700593
2,0.4769,51.158102997605745,0.3176699247713024
2,0.4769,51.20791614560731,0.30966248273380964
2,0.4769,51.25772929360887,0.3007817114849227
2,0.4769,51.30754244161044,0.2943466869962197
2,0.4769,51.357355589612,0.288716818776427
2,0.4769,51.40716873761356,0.28455241573039186
2,0.4769,51.45698188561512,0.2785462883567092
2,0.4769,51.50679503361669,0.27295495550528753
2,0.4769,51.55660818161825,0.27259028606322094
2,0.4769,51.60642132961981,0.27440878712306754
2,0.4769,51.65623447762138,0.27477104310537864
2,0.4769,51.70604762562294,0.2770244106971862
2,0.4769,51.755860773624505,0.27185947969180496
2,0.4769,51.80567392162607,0.2704838958284867
2,0.4769,51.855487069627635,0.2663145161558526
2,0.4769,51.9053002176292,0.26007854739300496
2,0.4769,51.95511336563076,0.2602697113639771
2,0.4769,52.00492651363233,0.2592165649348235
2,0.4769,52.05473966163389,0.2535912936066003
2,0.4769,52.10455280963545,0.24773801672293283
2,0.4769,52.15436595763701,0.2414342517278911
2,0.4769,52.20417910563858,0.2404020355784129
2,0.4769,52.25399225364014,0.23240741987254193
2,0.4769,52.303805401641704,0.2281962049265489
2,0.4769,52.353618549643265,0.2298250350562853
2,0.4769,52.403431697644834,0.22666540333022256
2,0.4769,52.453244845646395,0.2243496172334865
2,0.4769,52.50305799364796,0.22523462902169739
2,0.4769,52.552871141649526,0.2231269944133464
2,0.4769,52.60268428965109,0.22167338288487115
2,0.4769,52.65249743765265,0.21668112103298048
2,0.4769,52.70231058565421,0.21121818100117926
2,0.4769,52.75212373365578,0.21086467752162347
2,0.4769,52.80193688165734,0.2019491375750295
2,0.4769,52.8517500296589,0.20268662927187747
2,0.4769,52.90156317766047,0.20071396306718678
2,0.4769,52.95137632566203,0.19493137937025432
2,0.4769,53.001189473663594,0.18632142110320993
2,0.4769,53.051002621665155,0.18295429475422065
2,0.4769,53.100815769666724,0.1802153033865046
2,0.4769,53.150628917668286,0.18090393907615993
2,0.4769,53.20044206566985,0.17588559367807008
2,0.4769,53.25025521367141,0.1826822436078061
2,0.4769,53.30006836167298,0.17841241161527713
2,0.4769,53.34988150967454,0.1738949084575512
2,0.4769,53.3996946576761,0.17303474699944754
2,0.4769,53.44950780567767,0.16896277080205785
2,0.4769,53.49932095367923,0.16524230670201653
2,0.4769,53.54913410168079,0.16373045143479303
2,0.4769,53.598947249682354,0.15801085942915785
2,0.4769,53.64876039768392,0.15910871483220082
2,0.4769,53.698573545685484,0.16266379218814372
2,0.4769,53.748386693687046,0.15753800791679584
2,0.4769,53.798199841688614,0.16050920974511262
2,0.4769,53.848012989690176,0.16128200771190085
2,0.4769,53.89782613769174,0.15942099916569036
2,0.4769,53.9476392856933,0.16050920974511262
2,0.4769,53.99745243369487,0.15801085942915785
2,0.4769,54.04726558169643,0.15483124136690482
2,0.4769,54.09707872969799,0.16509174420450914
2,0.4769,54.14689187769955,0.16143612337794122
2,0.4769,54.19670502570112,0.1631217859397581
2,0.4769,54.24651817370268,0.17231466586040123
2,0.4769,54.296331321704244,0.17729382747475822
2,0.4769,54.34614446970581,0.17260305880839472
2,0.4769,54.395957617707374,0.18062879984608918
2,0.4769,54.445770765708936,0.18831280030221773
2,0.4769,54.4955839137105,0.1935229897100384
2,0.4769,54.545397061712066,0.19249223409940955
2,0.4769,54.59521020971363,0.19959577072846524
2,0.4769,54.64502335771519,0.19884681585178263
2,0.4769,54.69483650571676,0.20476176479209
2,0.4769,54.74464965371832,0.20621399408712732
2,0.4769,54.79446280171988,0.20932593071568426
2,0.4769,54.84427594972144,0.2154149788088812
2,0.4769,54.89408909772301,0.2281962049265489
2,0.4769,54.94390224572457,0.23326186179815536
2,0.4769,54.993715393726134,0.24592453796829675
2,0.4769,55.043528541727696,0.25300223057271976
2,0.4769,55.093341689729264,0.2644403583438079
2,0.4769,55.143154837730826,0.27783114908082074
2,0.4769,55.19296798573239,0.2843775755198875
2,0.4769,55.242781133733956,0.305702131406983
2,0.4769,55.29259428173552,0.3217921454124765
2,0.4769,55.34240742973708,0.3347462130041766
2,0.4769,55.39222057773864,0.3396138952132376
2,0.4769,55.44203372574021,0.3536044430809238
2,0.4769,55.49184687374177,0.3591865472757404
2,0.4769,55.54166002174333,0.3648877321592406
2,0.4769,55.5914731697449,0.3749712589489311
2,0.4769,55.64128631774646,0.3878162209369808
2,0.4769,55.691099465748024,0.40055970466900065
2,0.4769,55.740912613749586,0.413211099059275
2,0.4769,55.790725761751155,0.42237748995663993
2,0.4769,55.840538909752716,0.4351375028190965
2,0.4769,55.89035205775428,0.44792264972338763
2,0.4769,55.94016520575584,0.4474782819059388
2,0.4769,55.98997835375741,0.45431714343870166
2,0.4769,56.03979150175897,0.4626698590340625
2,0.4769,56.08960464976053,0.47361270878233414
2,0.4769,56.1394177977621,0.4769613158129052
2,0.4769,56.18923094576366,0.4788346164301007
2,0.4769,56.23904409376522,0.4812693405136296
2,0.4769,56.288857241766785,0.49068481466844677
2,0.4769,56.33867038976835,0.5120137037464734
2,0.4769,56.388483537769915,0.5320684683616469
2,0.4769,56.438296685771476,0.5488628842626618
2,0.4769,56.488109833773045,0.5661695881721487
2,0.4769,56.53792298177461,0.5776489291742016
